{"level":"info","message":"Server running on http://localhost:5000","timestamp":"2026-07-07 11:24:44"}
{"level":"info","message":"Server running on http://localhost:5000","timestamp":"2026-07-07 11:25:06"}
{"level":"info","message":"Server running on http://localhost:5000","timestamp":"2026-07-07 11:25:40"}
{"level":"info","message":"Server running on http://localhost:5000","timestamp":"2026-07-07 11:26:10"}
{"level":"info","message":"Server running on http://localhost:5000","timestamp":"2026-07-07 11:27:09"}
{"level":"info","message":"Server running on http://localhost:5000","timestamp":"2026-07-07 11:27:44"}
{"level":"info","message":"Server running on http://localhost:5000","timestamp":"2026-07-07 11:27:49"}
{"level":"info","message":"Server running on http://localhost:5000","timestamp":"2026-07-07 11:30:49"}
{"level":"info","message":"Server running on http://localhost:5000","timestamp":"2026-07-07 11:36:35"}
{"level":"info","message":"Server running on http://localhost:5000","timestamp":"2026-07-07 11:41:14"}
{"level":"info","message":"Server running on http://localhost:5000","timestamp":"2026-07-07 11:54:42"}
{"level":"info","message":"Server running on http://localhost:5000","timestamp":"2026-07-07 12:19:20"}
{"level":"info","message":"Server running on http://localhost:5000","timestamp":"2026-07-07 12:25:52"}
{"level":"info","message":"Server running on http://localhost:5000","timestamp":"2026-07-07 12:35:09"}
{"level":"info","message":"Server running on http://localhost:5000","timestamp":"2026-07-07 12:35:39"}
{"level":"info","message":"Server running on http://localhost:5000","timestamp":"2026-07-07 12:38:24"}
{"level":"info","message":"Server running on http://localhost:5000","timestamp":"2026-07-07 12:38:36"}
{"level":"info","message":"Server running on http://localhost:5000","timestamp":"2026-07-07 12:51:24"}
{"level":"info","message":"Server running on http://localhost:5000","timestamp":"2026-07-07 12:51:33"}
{"level":"info","message":"Server running on http://localhost:5000","timestamp":"2026-07-07 12:52:34"}
{"level":"info","message":"Server running on http://localhost:5000","timestamp":"2026-07-07 13:00:38"}
{"level":"info","message":"Server running on http://localhost:5000","timestamp":"2026-07-07 13:02:13"}
{"level":"info","message":"Server running on http://localhost:5000","timestamp":"2026-07-07 13:04:22"}
{"level":"info","message":"Server running on http://localhost:5000","timestamp":"2026-07-07 13:20:19"}
{"level":"info","message":"Server running on http://localhost:5000","timestamp":"2026-07-07 13:22:32"}
{"level":"info","message":"Server running on http://localhost:5000","timestamp":"2026-07-07 13:24:06"}
{"level":"info","message":"Server running on http://localhost:5000","timestamp":"2026-07-07 14:57:26"}
{"level":"info","message":"Server running on http://localhost:5000","timestamp":"2026-07-07 14:58:15"}
{"level":"info","message":"Server running on http://localhost:5000","timestamp":"2026-07-07 14:59:03"}
{"level":"info","message":"Server running on http://localhost:5000","timestamp":"2026-07-07 14:59:09"}
{"level":"info","message":"Server running on http://localhost:5000","timestamp":"2026-07-07 14:59:30"}
{"level":"info","message":"Server running on http://localhost:5000","timestamp":"2026-07-07 15:02:26"}
{"level":"info","message":"Server running on http://localhost:5000","timestamp":"2026-07-07 15:03:43"}
{"level":"info","message":"Server running on http://localhost:5000","timestamp":"2026-07-07 15:05:27"}
{"level":"info","message":"Server running on http://localhost:5000","timestamp":"2026-07-07 15:05:33"}
{"level":"info","message":"Server running on http://localhost:5000","timestamp":"2026-07-07 15:07:30"}
{"level":"info","message":"Server running on http://localhost:5000","timestamp":"2026-07-07 15:09:01"}
{"level":"info","message":"Server running on http://localhost:5000","timestamp":"2026-07-07 15:11:50"}
{"level":"info","message":"Server running on http://localhost:5000","timestamp":"2026-07-07 15:12:42"}
{"level":"info","message":"Server running on http://localhost:5000","timestamp":"2026-07-07 15:16:28"}
{"level":"info","message":"Server running on http://localhost:5000","timestamp":"2026-07-07 15:20:29"}
{"level":"info","message":"Server running on http://localhost:5000","timestamp":"2026-07-07 15:27:55"}
{"level":"info","message":"Server running on http://localhost:5000","timestamp":"2026-07-07 15:28:43"}
{"level":"info","message":"Server running on http://localhost:5000","timestamp":"2026-07-07 15:29:30"}
{"level":"info","message":"Server running on http://localhost:5000","timestamp":"2026-07-07 15:29:51"}
{"level":"info","message":"Server running on http://localhost:5000","timestamp":"2026-07-07 15:30:06"}
{"level":"info","message":"Server running on http://localhost:5000","timestamp":"2026-07-07 15:30:36"}
{"level":"info","message":"Server running on http://localhost:5000","timestamp":"2026-07-07 15:31:02"}
{"level":"info","message":"Server running on http://localhost:5000","timestamp":"2026-07-07 15:54:07"}
{"level":"info","message":"Server running on http://localhost:5000","timestamp":"2026-07-07 15:54:22"}
{"level":"info","message":"Server running on http://localhost:5000","timestamp":"2026-07-07 15:54:51"}
{"level":"info","message":"Server running on http://localhost:5000","timestamp":"2026-07-07 15:55:12"}
{"level":"info","message":"Server running on http://localhost:5000","timestamp":"2026-07-07 15:55:29"}
{"level":"info","message":"Server running on http://localhost:5000","timestamp":"2026-07-07 15:55:53"}
{"level":"info","message":"Server running on http://localhost:5000","timestamp":"2026-07-07 15:56:05"}
{"level":"info","message":"Server running on http://localhost:5000","timestamp":"2026-07-07 16:56:02"}
{"level":"info","message":"Server running on http://localhost:5000","timestamp":"2026-07-07 16:56:56"}
{"level":"info","message":"Server running on http://localhost:5000","timestamp":"2026-07-07 16:57:33"}
{"level":"info","message":"Server running on http://localhost:5000","timestamp":"2026-07-07 16:57:56"}
{"level":"info","message":"Server running on http://localhost:5000","timestamp":"2026-07-07 16:58:33"}
{"level":"info","message":"Server running on http://localhost:5000","timestamp":"2026-07-07 16:59:17"}
{"level":"info","message":"Server running on http://localhost:5000","timestamp":"2026-07-07 17:09:33"}
{"level":"info","message":"Server running on http://localhost:5000","timestamp":"2026-07-07 17:10:00"}
{"level":"info","message":"Server running on http://localhost:5000","timestamp":"2026-07-07 17:10:57"}
{"level":"info","message":"Server running on http://localhost:5000","timestamp":"2026-07-07 17:11:22"}
{"level":"info","message":"Server running on http://localhost:5000","timestamp":"2026-07-07 17:12:13"}
{"level":"info","message":"Server running on http://localhost:5000","timestamp":"2026-07-07 17:36:04"}
{"level":"info","message":"Server running on http://localhost:5000","timestamp":"2026-07-07 17:41:47"}
{"level":"info","message":"Server running on http://localhost:5000","timestamp":"2026-07-07 17:42:03"}
{"level":"info","message":"Server running on http://localhost:5000","timestamp":"2026-07-07 17:42:40"}
{"level":"info","message":"Server running on http://localhost:5000","timestamp":"2026-07-07 17:43:08"}
{"level":"info","message":"Server running on http://localhost:5000","timestamp":"2026-07-07 17:43:46"}
{"level":"info","message":"Server running on http://localhost:5000","timestamp":"2026-07-07 17:43:59"}
{"level":"info","message":"Server running on http://localhost:5000","timestamp":"2026-07-07 17:44:19"}
{"level":"info","message":"Server running on http://localhost:5000","timestamp":"2026-07-07 18:04:33"}
{"level":"info","message":"Server running on http://localhost:5000","timestamp":"2026-07-07 19:01:56"}
{"level":"info","message":"Server running on http://localhost:5000","timestamp":"2026-07-07 19:07:27"}
{"level":"info","message":"Server running on http://localhost:5000","timestamp":"2026-07-07 19:07:42"}
{"level":"info","message":"Server running on http://localhost:5000","timestamp":"2026-07-07 19:09:36"}
{"level":"info","message":"Server running on http://localhost:5000","timestamp":"2026-07-07 19:21:15"}
{"level":"info","message":"Server running on http://localhost:5000","timestamp":"2026-07-07 19:21:26"}
{"level":"info","message":"Server running on http://localhost:5000","timestamp":"2026-07-08 11:22:40"}
{"level":"info","message":"Server running on http://localhost:5000","timestamp":"2026-07-08 11:23:19"}
{"level":"info","message":"Server running on http://localhost:5000","timestamp":"2026-07-08 11:24:08"}
{"level":"info","message":"Server running on http://localhost:5000","timestamp":"2026-07-08 11:25:03"}
{"level":"info","message":"Server running on http://localhost:5000","timestamp":"2026-07-08 11:31:17"}
{"level":"info","message":"Server running on http://localhost:5000","timestamp":"2026-07-08 11:31:35"}
{"level":"info","message":"Server running on http://localhost:5000","timestamp":"2026-07-08 11:31:40"}
{"level":"info","message":"Server running on http://localhost:5000","timestamp":"2026-07-08 11:33:34"}
{"level":"info","message":"Server running on http://localhost:5000","timestamp":"2026-07-08 11:34:51"}
{"level":"info","message":"Server running on http://localhost:5000","timestamp":"2026-07-08 11:35:20"}
{"level":"info","message":"Server running on http://localhost:5000","timestamp":"2026-07-08 11:35:42"}
{"level":"info","message":"Server running on http://localhost:5000","timestamp":"2026-07-08 11:36:18"}
{"level":"info","message":"Server running on http://localhost:5000","timestamp":"2026-07-08 11:36:22"}
{"level":"info","message":"Server running on http://localhost:5000","timestamp":"2026-07-08 11:37:02"}
{"level":"info","message":"Server running on http://localhost:5000","timestamp":"2026-07-08 11:37:20"}
{"level":"info","message":"Server running on http://localhost:5000","timestamp":"2026-07-08 11:37:51"}
{"level":"info","message":"Server running on http://localhost:5000","timestamp":"2026-07-08 11:38:07"}
{"level":"info","message":"Server running on http://localhost:5000","timestamp":"2026-07-08 11:38:47"}
{"level":"info","message":"Server running on http://localhost:5000","timestamp":"2026-07-08 11:47:33"}
{"level":"info","message":"Server running on http://localhost:5000","timestamp":"2026-07-08 11:48:11"}
{"level":"info","message":"Server running on http://localhost:5000","timestamp":"2026-07-08 11:49:47"}
{"level":"info","message":"Server running on http://localhost:5000","timestamp":"2026-07-08 11:50:05"}
{"level":"info","message":"Server running on http://localhost:5000","timestamp":"2026-07-08 11:50:56"}
{"level":"info","message":"Server running on http://localhost:5000","timestamp":"2026-07-08 11:54:23"}
{"level":"info","message":"Server running on http://localhost:5000","timestamp":"2026-07-08 11:55:32"}
{"level":"info","message":"Server running on http://localhost:5000","timestamp":"2026-07-08 11:55:56"}
{"level":"info","message":"Server running on http://localhost:5000","timestamp":"2026-07-08 11:56:07"}
{"level":"info","message":"Server running on http://localhost:5000","timestamp":"2026-07-08 11:59:57"}
{"level":"info","message":"Server running on http://localhost:5000","timestamp":"2026-07-08 12:00:37"}
{"level":"info","message":"Server running on http://localhost:5000","timestamp":"2026-07-09 10:51:58"}
{"level":"info","message":"Server running on http://localhost:5000","timestamp":"2026-07-09 13:17:54"}
{"level":"info","message":"Server running on http://localhost:5000","timestamp":"2026-07-09 15:31:59"}
{"level":"info","message":"Server running on http://localhost:5000","timestamp":"2026-07-09 15:40:52"}
{"level":"info","message":"Server running on http://localhost:5000","timestamp":"2026-07-09 18:30:04"}
{"level":"info","message":"Server running on http://localhost:5000","timestamp":"2026-07-10 11:53:01"}
{"level":"info","message":"Server running on http://localhost:5000","timestamp":"2026-07-10 12:37:24"}
{"level":"info","message":"Server running on http://localhost:5000","timestamp":"2026-07-10 15:25:42"}
{"level":"info","message":"Server running on http://localhost:5000","timestamp":"2026-07-10 15:26:05"}
{"level":"info","message":"Server running on http://localhost:5000","timestamp":"2026-07-10 15:26:26"}
{"level":"info","message":"Server running on http://localhost:5000","timestamp":"2026-07-10 15:29:37"}
{"level":"info","message":"Server running on http://localhost:5000","timestamp":"2026-07-10 16:41:56"}
{"level":"info","message":"Server running on http://localhost:5000","timestamp":"2026-07-10 16:42:09"}
{"level":"info","message":"Server running on http://localhost:5000","timestamp":"2026-07-10 16:42:18"}
{"level":"info","message":"Server running on http://localhost:5000","timestamp":"2026-07-10 16:42:32"}
{"level":"info","message":"Server running on http://localhost:5000","timestamp":"2026-07-10 16:43:06"}
{"level":"info","message":"Server running on http://localhost:5000","timestamp":"2026-07-10 16:43:17"}
{"level":"info","message":"Server running on http://localhost:5000","timestamp":"2026-07-10 16:44:04"}
{"level":"info","message":"Server running on http://localhost:5000","timestamp":"2026-07-13 16:10:18"}
{"level":"info","message":"Server running on http://localhost:5000","timestamp":"2026-07-13 16:13:36"}
{"level":"info","message":"Server running on http://localhost:5000","timestamp":"2026-07-13 16:55:41"}
{"level":"info","message":"Server running on http://localhost:5000","timestamp":"2026-07-13 17:47:33"}
{"level":"info","message":"Server running on http://localhost:5000","timestamp":"2026-07-13 18:02:41"}
{"level":"info","message":"Server running on http://localhost:5000","timestamp":"2026-07-13 18:09:12"}
{"level":"info","message":"Server running on http://localhost:5000","timestamp":"2026-07-13 18:13:20"}
{"level":"info","message":"Server running on http://localhost:5000","timestamp":"2026-07-13 18:13:45"}
{"level":"info","message":"Server running on http://localhost:5000","timestamp":"2026-07-13 18:29:56"}
{"level":"info","message":"Server running on http://localhost:5000","timestamp":"2026-07-13 19:17:53"}
{"level":"info","message":"Server running on http://localhost:5000","timestamp":"2026-07-13 19:18:12"}
{"level":"info","message":"Server running on http://localhost:5000","timestamp":"2026-07-13 19:35:25"}
{"level":"info","message":"Server running on http://localhost:5000","timestamp":"2026-07-13 22:06:02"}
{"level":"info","message":"Server running on http://localhost:5000","timestamp":"2026-07-13 22:08:20"}
{"level":"info","message":"Server running on http://localhost:5000","timestamp":"2026-07-13 22:09:09"}
{"level":"info","message":"Server running on http://localhost:5000","timestamp":"2026-07-13 22:12:30"}
{"level":"info","message":"Server running on http://localhost:5000","timestamp":"2026-07-13 22:13:01"}
{"level":"info","message":"Server running on http://localhost:5000","timestamp":"2026-07-13 22:13:31"}
{"level":"info","message":"Server running on http://localhost:5000","timestamp":"2026-07-13 22:13:59"}
{"level":"info","message":"Server running on http://localhost:5000","timestamp":"2026-07-13 22:24:02"}
{"level":"info","message":"Server running on http://localhost:5000","timestamp":"2026-07-13 22:24:44"}
{"level":"info","message":"Server running on http://localhost:5000","timestamp":"2026-07-13 22:25:31"}
{"level":"info","message":"Server running on http://localhost:5000","timestamp":"2026-07-13 22:26:09"}
{"level":"info","message":"Server running on http://localhost:5000","timestamp":"2026-07-13 22:26:33"}
{"level":"info","message":"Server running on http://localhost:5000","timestamp":"2026-07-13 22:36:31"}
{"level":"info","message":"Server running on http://localhost:5000","timestamp":"2026-07-13 22:44:31"}
{"level":"info","message":"Server running on http://localhost:5000","timestamp":"2026-07-13 22:54:11"}
{"level":"info","message":"Server running on http://localhost:5000","timestamp":"2026-07-13 22:54:59"}
{"level":"info","message":"Server running on http://localhost:5000","timestamp":"2026-07-13 23:00:16"}
{"level":"info","message":"Server running on http://localhost:5000","timestamp":"2026-07-13 23:51:54"}
{"level":"info","message":"Server running on http://localhost:5000","timestamp":"2026-07-14 10:53:08"}
{"level":"info","message":"Server running on http://localhost:5000","timestamp":"2026-07-14 15:23:20"}
{"level":"info","message":"Server running on http://localhost:5000","timestamp":"2026-07-14 22:36:33"}
{"level":"info","message":"Checking expired subscriptions...","timestamp":"2026-07-15 00:00:00"}
{"level":"info","message":"Server running on http://localhost:5000","timestamp":"2026-07-15 11:02:23"}
{"level":"info","message":"Server running on http://localhost:5000","timestamp":"2026-07-15 12:29:32"}
{"level":"info","message":"Server running on http://localhost:5000","timestamp":"2026-07-15 15:25:38"}
{"level":"info","message":"Server running on http://localhost:5000","timestamp":"2026-07-15 22:13:48"}
{"level":"info","message":"Checking expired subscriptions...","timestamp":"2026-07-16 00:00:00"}
{"level":"info","message":"Server running on http://localhost:5000","timestamp":"2026-07-16 10:49:34"}
{"level":"info","message":"Server running on http://localhost:5000","timestamp":"2026-07-16 11:53:26"}
{"level":"info","message":"Server running on http://localhost:5000","timestamp":"2026-07-16 13:24:49"}
{"level":"info","message":"Server running on http://localhost:5000","timestamp":"2026-07-16 13:27:47"}
{"body":"{\r\n  \"name\": \"Royal Spice Restaurant\",\r\n  \"ownerName\": \"Rahul Sharma\",\r\n  \"phone\": \"9876543210\",\r\n  \"email\": \"royalspice@gmail.com\",\r\n  \"gstNumber\": \"24ABCDE1234F1Z5\",\r\n  \"fssaiNumber\": \"12345678901234\",\r\n  \"address\": \"MG Road\",\r\n  \"city\": \"Vadodara\",\r\n  \"state\": \"Gujarat\",\r\n  \"country\": \"India\",\r\n  \"pincode\": \"390001\",\r\n\r\n  \"adminName\": \"Rahul Sharma\",\r\n  \"adminEmail\": \"admin@royalspice.com\",\r\n  \"adminPhone\": \"9999999999\",\r\n  \"adminPassword\": \"Admin@123\",\r\n}","expose":true,"level":"error","message":"Expected double-quoted property name in JSON at position 462 (line 18 column 1)","stack":"SyntaxError: Expected double-quoted property name in JSON at position 462 (line 18 column 1)\n    at JSON.parse (<anonymous>)\n    at parse (C:\\POS System\\restaurant-pos-backend\\node_modules\\body-parser\\lib\\types\\json.js:91:21)\n    at C:\\POS System\\restaurant-pos-backend\\node_modules\\body-parser\\lib\\read.js:162:18\n    at AsyncResource.runInAsyncScope (node:async_hooks:227:14)\n    at invokeCallback (C:\\POS System\\restaurant-pos-backend\\node_modules\\raw-body\\index.js:238:16)\n    at done (C:\\POS System\\restaurant-pos-backend\\node_modules\\raw-body\\index.js:227:7)\n    at IncomingMessage.onEnd (C:\\POS System\\restaurant-pos-backend\\node_modules\\raw-body\\index.js:287:7)\n    at IncomingMessage.emit (node:events:509:28)\n    at endReadableNT (node:internal/streams/readable:1729:12)\n    at process.processTicksAndRejections (node:internal/process/task_queues:90:21)","status":400,"statusCode":400,"timestamp":"2026-07-16 13:34:21","type":"entity.parse.failed"}
{"level":"info","message":"Server running on http://localhost:5000","timestamp":"2026-07-16 14:38:51"}
{"level":"info","message":"Server running on http://localhost:5000","timestamp":"2026-07-16 17:38:34"}
{"level":"info","message":"Server running on http://localhost:5001","timestamp":"2026-07-17 19:31:13"}
{"level":"info","message":"Server running on http://localhost:5001","timestamp":"2026-07-17 19:54:29"}
{"level":"info","message":"Server running on http://localhost:5001","timestamp":"2026-07-17 19:58:42"}
{"level":"info","message":"Server running on http://localhost:5001","timestamp":"2026-07-17 20:03:09"}
{"level":"info","message":"Server running on http://localhost:5001","timestamp":"2026-07-17 20:03:20"}
{"level":"info","message":"Server running on http://localhost:5001","timestamp":"2026-07-17 20:03:33"}
{"level":"info","message":"Server running on http://localhost:5001","timestamp":"2026-07-17 20:03:43"}
{"level":"info","message":"Server running on http://localhost:5001","timestamp":"2026-07-17 20:03:52"}
{"level":"info","message":"Server running on http://localhost:5001","timestamp":"2026-07-17 20:04:04"}
{"level":"info","message":"Server running on http://localhost:5001","timestamp":"2026-07-17 20:10:42"}
{"level":"info","message":"Server running on http://localhost:5001","timestamp":"2026-07-18 18:35:14"}
{"level":"info","message":"Server running on http://localhost:5001","timestamp":"2026-07-18 18:42:18"}
{"level":"info","message":"Server running on http://localhost:5001","timestamp":"2026-07-18 18:44:41"}
{"level":"info","message":"Server running on http://localhost:5001","timestamp":"2026-07-18 19:49:29"}
{"level":"info","message":"Server running on http://localhost:5001","timestamp":"2026-07-18 19:50:36"}
{"level":"info","message":"Server running on http://localhost:5001","timestamp":"2026-07-19 10:03:34"}
{"level":"info","message":"Server running on http://localhost:5001","timestamp":"2026-07-19 10:10:27"}
{"level":"info","message":"Server running on http://localhost:5001","timestamp":"2026-07-19 10:11:03"}
{"level":"info","message":"Server running on http://localhost:5001","timestamp":"2026-07-19 10:11:31"}
{"level":"info","message":"Server running on http://localhost:5001","timestamp":"2026-07-19 10:17:20"}
{"level":"info","message":"Server running on http://localhost:5001","timestamp":"2026-07-19 10:19:43"}
{"level":"info","message":"Server running on http://localhost:5001","timestamp":"2026-07-19 11:08:19"}
{"level":"info","message":"Server running on http://localhost:5001","timestamp":"2026-07-19 14:42:40"}
{"level":"info","message":"Server running on http://localhost:5001","timestamp":"2026-07-19 14:43:11"}
{"level":"info","message":"Server running on http://localhost:5001","timestamp":"2026-07-19 14:45:04"}
{"level":"info","message":"Server running on http://localhost:5001","timestamp":"2026-07-19 14:45:40"}
{"level":"info","message":"Server running on http://localhost:5001","timestamp":"2026-07-19 14:53:26"}
{"level":"info","message":"Server running on http://localhost:5001","timestamp":"2026-07-19 14:59:04"}
{"level":"info","message":"Server running on http://localhost:5001","timestamp":"2026-07-19 15:10:31"}
{"level":"info","message":"Server running on http://localhost:5001","timestamp":"2026-07-19 15:14:06"}
{"level":"info","message":"Server running on http://localhost:5001","timestamp":"2026-07-19 15:14:56"}
{"level":"info","message":"Server running on http://localhost:5001","timestamp":"2026-07-19 15:15:31"}
{"level":"info","message":"Server running on http://localhost:5001","timestamp":"2026-07-19 15:21:24"}
{"level":"info","message":"Server running on http://localhost:5001","timestamp":"2026-07-19 15:23:30"}
{"level":"info","message":"Server running on http://localhost:5001","timestamp":"2026-07-19 15:28:28"}
{"level":"info","message":"Server running on http://localhost:5001","timestamp":"2026-07-19 15:29:25"}
{"level":"info","message":"Server running on http://localhost:5001","timestamp":"2026-07-19 15:40:58"}
{"level":"info","message":"Server running on http://localhost:5001","timestamp":"2026-07-19 15:41:08"}
{"level":"info","message":"Server running on http://localhost:5001","timestamp":"2026-07-19 15:41:17"}
{"level":"info","message":"Server running on http://localhost:5001","timestamp":"2026-07-19 15:41:52"}
{"level":"info","message":"Server running on http://localhost:5001","timestamp":"2026-07-19 15:43:23"}
{"level":"info","message":"Server running on http://localhost:5001","timestamp":"2026-07-19 15:43:33"}
{"level":"info","message":"Server running on http://localhost:5001","timestamp":"2026-07-19 15:43:41"}
{"level":"info","message":"Server running on http://localhost:5001","timestamp":"2026-07-19 16:24:01"}
{"level":"error","message":"CORS not allowed","stack":"Error: CORS not allowed\n    at origin (C:\\POS System\\restaurant-pos-backend\\src\\app.js:69:29)\n    at C:\\POS System\\restaurant-pos-backend\\node_modules\\cors\\lib\\index.js:219:13\n    at optionsCallback (C:\\POS System\\restaurant-pos-backend\\node_modules\\cors\\lib\\index.js:199:9)\n    at corsMiddleware (C:\\POS System\\restaurant-pos-backend\\node_modules\\cors\\lib\\index.js:204:7)\n    at Layer.handleRequest (C:\\POS System\\restaurant-pos-backend\\node_modules\\router\\lib\\layer.js:152:17)\n    at trimPrefix (C:\\POS System\\restaurant-pos-backend\\node_modules\\router\\index.js:342:13)\n    at C:\\POS System\\restaurant-pos-backend\\node_modules\\router\\index.js:297:9\n    at processParams (C:\\POS System\\restaurant-pos-backend\\node_modules\\router\\index.js:582:12)\n    at next (C:\\POS System\\restaurant-pos-backend\\node_modules\\router\\index.js:291:5)\n    at internalNext (C:\\POS System\\restaurant-pos-backend\\node_modules\\helmet\\index.cjs:531:6)\n    at xXssProtectionMiddleware (C:\\POS System\\restaurant-pos-backend\\node_modules\\helmet\\index.cjs:311:3)\n    at internalNext (C:\\POS System\\restaurant-pos-backend\\node_modules\\helmet\\index.cjs:529:6)\n    at xPoweredByMiddleware (C:\\POS System\\restaurant-pos-backend\\node_modules\\helmet\\index.cjs:304:3)\n    at internalNext (C:\\POS System\\restaurant-pos-backend\\node_modules\\helmet\\index.cjs:529:6)\n    at xPermittedCrossDomainPoliciesMiddleware (C:\\POS System\\restaurant-pos-backend\\node_modules\\helmet\\index.cjs:297:3)\n    at internalNext (C:\\POS System\\restaurant-pos-backend\\node_modules\\helmet\\index.cjs:529:6)","timestamp":"2026-07-19 16:29:28"}
{"level":"error","message":"CORS not allowed","stack":"Error: CORS not allowed\n    at origin (C:\\POS System\\restaurant-pos-backend\\src\\app.js:69:29)\n    at C:\\POS System\\restaurant-pos-backend\\node_modules\\cors\\lib\\index.js:219:13\n    at optionsCallback (C:\\POS System\\restaurant-pos-backend\\node_modules\\cors\\lib\\index.js:199:9)\n    at corsMiddleware (C:\\POS System\\restaurant-pos-backend\\node_modules\\cors\\lib\\index.js:204:7)\n    at Layer.handleRequest (C:\\POS System\\restaurant-pos-backend\\node_modules\\router\\lib\\layer.js:152:17)\n    at trimPrefix (C:\\POS System\\restaurant-pos-backend\\node_modules\\router\\index.js:342:13)\n    at C:\\POS System\\restaurant-pos-backend\\node_modules\\router\\index.js:297:9\n    at processParams (C:\\POS System\\restaurant-pos-backend\\node_modules\\router\\index.js:582:12)\n    at next (C:\\POS System\\restaurant-pos-backend\\node_modules\\router\\index.js:291:5)\n    at internalNext (C:\\POS System\\restaurant-pos-backend\\node_modules\\helmet\\index.cjs:531:6)\n    at xXssProtectionMiddleware (C:\\POS System\\restaurant-pos-backend\\node_modules\\helmet\\index.cjs:311:3)\n    at internalNext (C:\\POS System\\restaurant-pos-backend\\node_modules\\helmet\\index.cjs:529:6)\n    at xPoweredByMiddleware (C:\\POS System\\restaurant-pos-backend\\node_modules\\helmet\\index.cjs:304:3)\n    at internalNext (C:\\POS System\\restaurant-pos-backend\\node_modules\\helmet\\index.cjs:529:6)\n    at xPermittedCrossDomainPoliciesMiddleware (C:\\POS System\\restaurant-pos-backend\\node_modules\\helmet\\index.cjs:297:3)\n    at internalNext (C:\\POS System\\restaurant-pos-backend\\node_modules\\helmet\\index.cjs:529:6)","timestamp":"2026-07-19 16:30:25"}
{"level":"info","message":"Server running on http://localhost:5001","timestamp":"2026-07-19 17:03:44"}
{"level":"info","message":"Server running on http://localhost:5001","timestamp":"2026-07-19 17:05:28"}
{"level":"info","message":"Server running on http://localhost:5001","timestamp":"2026-07-19 17:06:20"}
{"level":"info","message":"Server running on http://localhost:5001","timestamp":"2026-07-19 17:24:43"}
{"level":"info","message":"Server running on http://localhost:5001","timestamp":"2026-07-19 17:24:49"}
{"level":"info","message":"Server running on http://localhost:5001","timestamp":"2026-07-19 17:37:18"}
{"level":"error","message":"errorResponse is not defined","stack":"ReferenceError: errorResponse is not defined\n    at createOrUpdateSetting (C:\\POS System\\restaurant-pos-backend\\src\\controllers\\setting.controller.js:127:5)\n    at Layer.handleRequest (C:\\POS System\\restaurant-pos-backend\\node_modules\\router\\lib\\layer.js:152:17)\n    at next (C:\\POS System\\restaurant-pos-backend\\node_modules\\router\\lib\\route.js:157:13)\n    at C:\\POS System\\restaurant-pos-backend\\src\\middleware\\role.middleware.js:14:5\n    at Layer.handleRequest (C:\\POS System\\restaurant-pos-backend\\node_modules\\router\\lib\\layer.js:152:17)\n    at next (C:\\POS System\\restaurant-pos-backend\\node_modules\\router\\lib\\route.js:157:13)\n    at protect (C:\\POS System\\restaurant-pos-backend\\src\\middleware\\auth.middleware.js:155:9)","timestamp":"2026-07-19 17:38:23"}
{"level":"error","message":"errorResponse is not defined","stack":"ReferenceError: errorResponse is not defined\n    at createOrUpdateSetting (C:\\POS System\\restaurant-pos-backend\\src\\controllers\\setting.controller.js:127:5)\n    at Layer.handleRequest (C:\\POS System\\restaurant-pos-backend\\node_modules\\router\\lib\\layer.js:152:17)\n    at next (C:\\POS System\\restaurant-pos-backend\\node_modules\\router\\lib\\route.js:157:13)\n    at C:\\POS System\\restaurant-pos-backend\\src\\middleware\\role.middleware.js:14:5\n    at Layer.handleRequest (C:\\POS System\\restaurant-pos-backend\\node_modules\\router\\lib\\layer.js:152:17)\n    at next (C:\\POS System\\restaurant-pos-backend\\node_modules\\router\\lib\\route.js:157:13)\n    at protect (C:\\POS System\\restaurant-pos-backend\\src\\middleware\\auth.middleware.js:155:9)","timestamp":"2026-07-19 17:38:24"}
{"level":"error","message":"errorResponse is not defined","stack":"ReferenceError: errorResponse is not defined\n    at createOrUpdateSetting (C:\\POS System\\restaurant-pos-backend\\src\\controllers\\setting.controller.js:127:5)\n    at Layer.handleRequest (C:\\POS System\\restaurant-pos-backend\\node_modules\\router\\lib\\layer.js:152:17)\n    at next (C:\\POS System\\restaurant-pos-backend\\node_modules\\router\\lib\\route.js:157:13)\n    at C:\\POS System\\restaurant-pos-backend\\src\\middleware\\role.middleware.js:14:5\n    at Layer.handleRequest (C:\\POS System\\restaurant-pos-backend\\node_modules\\router\\lib\\layer.js:152:17)\n    at next (C:\\POS System\\restaurant-pos-backend\\node_modules\\router\\lib\\route.js:157:13)\n    at protect (C:\\POS System\\restaurant-pos-backend\\src\\middleware\\auth.middleware.js:155:9)","timestamp":"2026-07-19 17:38:24"}
{"level":"error","message":"errorResponse is not defined","stack":"ReferenceError: errorResponse is not defined\n    at createOrUpdateSetting (C:\\POS System\\restaurant-pos-backend\\src\\controllers\\setting.controller.js:127:5)\n    at Layer.handleRequest (C:\\POS System\\restaurant-pos-backend\\node_modules\\router\\lib\\layer.js:152:17)\n    at next (C:\\POS System\\restaurant-pos-backend\\node_modules\\router\\lib\\route.js:157:13)\n    at C:\\POS System\\restaurant-pos-backend\\src\\middleware\\role.middleware.js:14:5\n    at Layer.handleRequest (C:\\POS System\\restaurant-pos-backend\\node_modules\\router\\lib\\layer.js:152:17)\n    at next (C:\\POS System\\restaurant-pos-backend\\node_modules\\router\\lib\\route.js:157:13)\n    at protect (C:\\POS System\\restaurant-pos-backend\\src\\middleware\\auth.middleware.js:155:9)","timestamp":"2026-07-19 17:38:25"}
{"level":"error","message":"errorResponse is not defined","stack":"ReferenceError: errorResponse is not defined\n    at createOrUpdateSetting (C:\\POS System\\restaurant-pos-backend\\src\\controllers\\setting.controller.js:127:5)\n    at Layer.handleRequest (C:\\POS System\\restaurant-pos-backend\\node_modules\\router\\lib\\layer.js:152:17)\n    at next (C:\\POS System\\restaurant-pos-backend\\node_modules\\router\\lib\\route.js:157:13)\n    at C:\\POS System\\restaurant-pos-backend\\src\\middleware\\role.middleware.js:14:5\n    at Layer.handleRequest (C:\\POS System\\restaurant-pos-backend\\node_modules\\router\\lib\\layer.js:152:17)\n    at next (C:\\POS System\\restaurant-pos-backend\\node_modules\\router\\lib\\route.js:157:13)\n    at protect (C:\\POS System\\restaurant-pos-backend\\src\\middleware\\auth.middleware.js:155:9)","timestamp":"2026-07-19 17:38:27"}
{"level":"error","message":"errorResponse is not defined","stack":"ReferenceError: errorResponse is not defined\n    at createOrUpdateSetting (C:\\POS System\\restaurant-pos-backend\\src\\controllers\\setting.controller.js:127:5)\n    at Layer.handleRequest (C:\\POS System\\restaurant-pos-backend\\node_modules\\router\\lib\\layer.js:152:17)\n    at next (C:\\POS System\\restaurant-pos-backend\\node_modules\\router\\lib\\route.js:157:13)\n    at C:\\POS System\\restaurant-pos-backend\\src\\middleware\\role.middleware.js:14:5\n    at Layer.handleRequest (C:\\POS System\\restaurant-pos-backend\\node_modules\\router\\lib\\layer.js:152:17)\n    at next (C:\\POS System\\restaurant-pos-backend\\node_modules\\router\\lib\\route.js:157:13)\n    at protect (C:\\POS System\\restaurant-pos-backend\\src\\middleware\\auth.middleware.js:155:9)","timestamp":"2026-07-19 17:38:29"}
{"level":"error","message":"errorResponse is not defined","stack":"ReferenceError: errorResponse is not defined\n    at createOrUpdateSetting (C:\\POS System\\restaurant-pos-backend\\src\\controllers\\setting.controller.js:127:5)\n    at Layer.handleRequest (C:\\POS System\\restaurant-pos-backend\\node_modules\\router\\lib\\layer.js:152:17)\n    at next (C:\\POS System\\restaurant-pos-backend\\node_modules\\router\\lib\\route.js:157:13)\n    at C:\\POS System\\restaurant-pos-backend\\src\\middleware\\role.middleware.js:14:5\n    at Layer.handleRequest (C:\\POS System\\restaurant-pos-backend\\node_modules\\router\\lib\\layer.js:152:17)\n    at next (C:\\POS System\\restaurant-pos-backend\\node_modules\\router\\lib\\route.js:157:13)\n    at protect (C:\\POS System\\restaurant-pos-backend\\src\\middleware\\auth.middleware.js:155:9)","timestamp":"2026-07-19 17:38:30"}
{"level":"error","message":"errorResponse is not defined","stack":"ReferenceError: errorResponse is not defined\n    at createOrUpdateSetting (C:\\POS System\\restaurant-pos-backend\\src\\controllers\\setting.controller.js:127:5)\n    at Layer.handleRequest (C:\\POS System\\restaurant-pos-backend\\node_modules\\router\\lib\\layer.js:152:17)\n    at next (C:\\POS System\\restaurant-pos-backend\\node_modules\\router\\lib\\route.js:157:13)\n    at C:\\POS System\\restaurant-pos-backend\\src\\middleware\\role.middleware.js:14:5\n    at Layer.handleRequest (C:\\POS System\\restaurant-pos-backend\\node_modules\\router\\lib\\layer.js:152:17)\n    at next (C:\\POS System\\restaurant-pos-backend\\node_modules\\router\\lib\\route.js:157:13)\n    at protect (C:\\POS System\\restaurant-pos-backend\\src\\middleware\\auth.middleware.js:155:9)","timestamp":"2026-07-19 17:38:32"}
{"level":"error","message":"errorResponse is not defined","stack":"ReferenceError: errorResponse is not defined\n    at createOrUpdateSetting (C:\\POS System\\restaurant-pos-backend\\src\\controllers\\setting.controller.js:127:5)\n    at Layer.handleRequest (C:\\POS System\\restaurant-pos-backend\\node_modules\\router\\lib\\layer.js:152:17)\n    at next (C:\\POS System\\restaurant-pos-backend\\node_modules\\router\\lib\\route.js:157:13)\n    at C:\\POS System\\restaurant-pos-backend\\src\\middleware\\role.middleware.js:14:5\n    at Layer.handleRequest (C:\\POS System\\restaurant-pos-backend\\node_modules\\router\\lib\\layer.js:152:17)\n    at next (C:\\POS System\\restaurant-pos-backend\\node_modules\\router\\lib\\route.js:157:13)\n    at protect (C:\\POS System\\restaurant-pos-backend\\src\\middleware\\auth.middleware.js:155:9)","timestamp":"2026-07-19 17:39:27"}
{"level":"error","message":"errorResponse is not defined","stack":"ReferenceError: errorResponse is not defined\n    at createOrUpdateSetting (C:\\POS System\\restaurant-pos-backend\\src\\controllers\\setting.controller.js:127:5)\n    at Layer.handleRequest (C:\\POS System\\restaurant-pos-backend\\node_modules\\router\\lib\\layer.js:152:17)\n    at next (C:\\POS System\\restaurant-pos-backend\\node_modules\\router\\lib\\route.js:157:13)\n    at C:\\POS System\\restaurant-pos-backend\\src\\middleware\\role.middleware.js:14:5\n    at Layer.handleRequest (C:\\POS System\\restaurant-pos-backend\\node_modules\\router\\lib\\layer.js:152:17)\n    at next (C:\\POS System\\restaurant-pos-backend\\node_modules\\router\\lib\\route.js:157:13)\n    at protect (C:\\POS System\\restaurant-pos-backend\\src\\middleware\\auth.middleware.js:155:9)","timestamp":"2026-07-19 17:39:28"}
{"level":"info","message":"Server running on http://localhost:5001","timestamp":"2026-07-19 17:44:53"}
{"level":"error","message":"errorResponse is not defined","stack":"ReferenceError: errorResponse is not defined\n    at createOrUpdateSetting (C:\\POS System\\restaurant-pos-backend\\src\\controllers\\setting.controller.js:127:5)\n    at Layer.handleRequest (C:\\POS System\\restaurant-pos-backend\\node_modules\\router\\lib\\layer.js:152:17)\n    at next (C:\\POS System\\restaurant-pos-backend\\node_modules\\router\\lib\\route.js:157:13)\n    at C:\\POS System\\restaurant-pos-backend\\src\\middleware\\role.middleware.js:14:5\n    at Layer.handleRequest (C:\\POS System\\restaurant-pos-backend\\node_modules\\router\\lib\\layer.js:152:17)\n    at next (C:\\POS System\\restaurant-pos-backend\\node_modules\\router\\lib\\route.js:157:13)\n    at protect (C:\\POS System\\restaurant-pos-backend\\src\\middleware\\auth.middleware.js:155:9)","timestamp":"2026-07-19 17:46:19"}
{"level":"error","message":"errorResponse is not defined","stack":"ReferenceError: errorResponse is not defined\n    at createOrUpdateSetting (C:\\POS System\\restaurant-pos-backend\\src\\controllers\\setting.controller.js:127:5)\n    at Layer.handleRequest (C:\\POS System\\restaurant-pos-backend\\node_modules\\router\\lib\\layer.js:152:17)\n    at next (C:\\POS System\\restaurant-pos-backend\\node_modules\\router\\lib\\route.js:157:13)\n    at C:\\POS System\\restaurant-pos-backend\\src\\middleware\\role.middleware.js:14:5\n    at Layer.handleRequest (C:\\POS System\\restaurant-pos-backend\\node_modules\\router\\lib\\layer.js:152:17)\n    at next (C:\\POS System\\restaurant-pos-backend\\node_modules\\router\\lib\\route.js:157:13)\n    at protect (C:\\POS System\\restaurant-pos-backend\\src\\middleware\\auth.middleware.js:155:9)","timestamp":"2026-07-19 17:46:20"}
{"level":"error","message":"errorResponse is not defined","stack":"ReferenceError: errorResponse is not defined\n    at createOrUpdateSetting (C:\\POS System\\restaurant-pos-backend\\src\\controllers\\setting.controller.js:127:5)\n    at Layer.handleRequest (C:\\POS System\\restaurant-pos-backend\\node_modules\\router\\lib\\layer.js:152:17)\n    at next (C:\\POS System\\restaurant-pos-backend\\node_modules\\router\\lib\\route.js:157:13)\n    at C:\\POS System\\restaurant-pos-backend\\src\\middleware\\role.middleware.js:14:5\n    at Layer.handleRequest (C:\\POS System\\restaurant-pos-backend\\node_modules\\router\\lib\\layer.js:152:17)\n    at next (C:\\POS System\\restaurant-pos-backend\\node_modules\\router\\lib\\route.js:157:13)\n    at protect (C:\\POS System\\restaurant-pos-backend\\src\\middleware\\auth.middleware.js:155:9)","timestamp":"2026-07-19 17:46:34"}
{"level":"error","message":"errorResponse is not defined","stack":"ReferenceError: errorResponse is not defined\n    at createOrUpdateSetting (C:\\POS System\\restaurant-pos-backend\\src\\controllers\\setting.controller.js:127:5)\n    at Layer.handleRequest (C:\\POS System\\restaurant-pos-backend\\node_modules\\router\\lib\\layer.js:152:17)\n    at next (C:\\POS System\\restaurant-pos-backend\\node_modules\\router\\lib\\route.js:157:13)\n    at C:\\POS System\\restaurant-pos-backend\\src\\middleware\\role.middleware.js:14:5\n    at Layer.handleRequest (C:\\POS System\\restaurant-pos-backend\\node_modules\\router\\lib\\layer.js:152:17)\n    at next (C:\\POS System\\restaurant-pos-backend\\node_modules\\router\\lib\\route.js:157:13)\n    at protect (C:\\POS System\\restaurant-pos-backend\\src\\middleware\\auth.middleware.js:155:9)","timestamp":"2026-07-19 17:46:56"}
{"level":"info","message":"Server running on http://localhost:5001","timestamp":"2026-07-19 17:52:40"}
{"level":"info","message":"Server running on http://localhost:5001","timestamp":"2026-07-19 17:53:11"}
{"level":"info","message":"Server running on http://localhost:5001","timestamp":"2026-07-19 17:53:26"}
{"level":"info","message":"Server running on http://localhost:5001","timestamp":"2026-07-19 17:53:33"}
{"level":"info","message":"Server running on http://localhost:5001","timestamp":"2026-07-19 17:53:49"}
{"level":"info","message":"Server running on http://localhost:5001","timestamp":"2026-07-19 17:57:47"}
{"level":"info","message":"Server running on http://localhost:5001","timestamp":"2026-07-19 17:59:09"}
{"level":"info","message":"Server running on http://localhost:5001","timestamp":"2026-07-19 17:59:18"}
{"level":"info","message":"Server running on http://localhost:5001","timestamp":"2026-07-19 18:00:22"}
{"level":"info","message":"Server running on http://localhost:5001","timestamp":"2026-07-19 18:25:24"}
{"level":"info","message":"Server running on http://localhost:5001","timestamp":"2026-07-19 18:25:32"}
{"level":"info","message":"Server running on http://localhost:5001","timestamp":"2026-07-19 18:26:05"}
{"level":"info","message":"Server running on http://localhost:5001","timestamp":"2026-07-19 18:26:17"}
{"level":"info","message":"Server running on http://localhost:5001","timestamp":"2026-07-19 18:26:28"}
{"level":"info","message":"Server running on http://localhost:5001","timestamp":"2026-07-19 18:26:51"}
{"level":"info","message":"Server running on http://localhost:5001","timestamp":"2026-07-19 18:27:44"}
{"level":"info","message":"Server running on http://localhost:5001","timestamp":"2026-07-19 18:27:56"}
{"level":"info","message":"Server running on http://localhost:5001","timestamp":"2026-07-19 18:28:06"}
{"level":"info","message":"Server running on http://localhost:5001","timestamp":"2026-07-19 18:28:16"}
{"level":"info","message":"Server running on http://localhost:5001","timestamp":"2026-07-19 18:37:29"}
{"level":"info","message":"Server running on http://localhost:5001","timestamp":"2026-07-19 18:47:06"}
{"level":"info","message":"Server running on http://localhost:5001","timestamp":"2026-07-19 18:48:23"}
{"level":"info","message":"Server running on http://localhost:5001","timestamp":"2026-07-19 18:48:31"}
{"level":"info","message":"Server running on http://localhost:5001","timestamp":"2026-07-19 18:48:38"}
{"level":"info","message":"Server running on http://localhost:5001","timestamp":"2026-07-19 18:50:26"}
{"level":"info","message":"Server running on http://localhost:5001","timestamp":"2026-07-19 18:57:11"}
{"level":"info","message":"Server running on http://localhost:5001","timestamp":"2026-07-19 18:57:23"}
{"level":"info","message":"Server running on http://localhost:5001","timestamp":"2026-07-19 18:58:05"}
{"level":"info","message":"Server running on http://localhost:5001","timestamp":"2026-07-19 18:58:13"}
{"level":"info","message":"Server running on http://localhost:5001","timestamp":"2026-07-19 18:58:22"}
{"level":"info","message":"Server running on http://localhost:5001","timestamp":"2026-07-19 18:58:31"}
{"level":"info","message":"Server running on http://localhost:5001","timestamp":"2026-07-19 18:58:38"}
{"level":"info","message":"Server running on http://localhost:5001","timestamp":"2026-07-19 18:58:46"}
{"level":"info","message":"Server running on http://localhost:5001","timestamp":"2026-07-19 18:58:55"}
{"level":"info","message":"Server running on http://localhost:5001","timestamp":"2026-07-19 18:59:04"}
{"level":"info","message":"Server running on http://localhost:5001","timestamp":"2026-07-19 19:02:40"}
{"level":"info","message":"Server running on http://localhost:5001","timestamp":"2026-07-19 19:02:49"}
{"level":"info","message":"Server running on http://localhost:5001","timestamp":"2026-07-19 19:03:46"}
{"level":"info","message":"Server running on http://localhost:5001","timestamp":"2026-07-19 19:05:29"}
{"level":"info","message":"Server running on http://localhost:5001","timestamp":"2026-07-19 19:05:37"}
{"level":"info","message":"Server running on http://localhost:5001","timestamp":"2026-07-19 19:28:56"}
{"level":"info","message":"Server running on http://localhost:5001","timestamp":"2026-07-19 19:36:58"}
{"level":"info","message":"Server running on http://localhost:5001","timestamp":"2026-07-20 10:58:58"}
{"level":"info","message":"Server running on http://localhost:5001","timestamp":"2026-07-20 12:18:10"}
{"level":"info","message":"Server running on http://localhost:5001","timestamp":"2026-07-20 12:39:54"}
{"level":"info","message":"Server running on http://localhost:5001","timestamp":"2026-07-21 11:12:26"}
{"level":"info","message":"Server running on http://localhost:5001","timestamp":"2026-07-21 15:17:00"}
{"level":"info","message":"Server running on http://localhost:5001","timestamp":"2026-07-21 15:26:00"}
{"level":"info","message":"Server running on http://localhost:5001","timestamp":"2026-07-21 15:26:11"}
{"level":"info","message":"Server running on http://localhost:5001","timestamp":"2026-07-21 15:27:33"}
{"level":"info","message":"Server running on http://localhost:5001","timestamp":"2026-07-21 15:37:31"}
{"level":"info","message":"Server running on http://localhost:5001","timestamp":"2026-07-22 12:14:23"}
{"level":"info","message":"Server running on http://localhost:5001","timestamp":"2026-07-22 12:22:53"}
{"level":"info","message":"Checking expired subscriptions...","timestamp":"2026-07-23 00:00:00"}
{"level":"info","message":"Server running on http://localhost:5001","timestamp":"2026-07-23 11:34:50"}
{"level":"info","message":"Server running on http://localhost:5001","timestamp":"2026-07-23 11:52:39"}
{"level":"info","message":"Server running on http://localhost:5001","timestamp":"2026-07-23 11:52:50"}
{"level":"info","message":"Server running on http://localhost:5001","timestamp":"2026-07-23 11:53:02"}
{"level":"info","message":"Server running on http://localhost:5001","timestamp":"2026-07-23 11:56:38"}
{"level":"info","message":"Server running on http://localhost:5001","timestamp":"2026-07-23 12:07:54"}
{"level":"info","message":"Server running on http://localhost:5001","timestamp":"2026-07-23 12:37:01"}
{"level":"info","message":"Server running on http://localhost:5001","timestamp":"2026-07-23 12:38:49"}
{"level":"info","message":"Server running on http://localhost:5001","timestamp":"2026-07-23 12:40:26"}
{"level":"info","message":"Server running on http://localhost:5001","timestamp":"2026-07-23 13:07:54"}
{"level":"info","message":"Server running on http://localhost:5001","timestamp":"2026-07-23 13:18:08"}
{"level":"info","message":"Server running on http://localhost:5001","timestamp":"2026-07-23 13:26:28"}
{"level":"info","message":"Server running on http://localhost:5001","timestamp":"2026-07-23 13:51:25"}
{"level":"info","message":"Server running on http://localhost:5001","timestamp":"2026-07-23 14:18:42"}
{"level":"info","message":"Server running on http://localhost:5001","timestamp":"2026-07-23 14:19:56"}
{"level":"info","message":"Server running on http://localhost:5001","timestamp":"2026-07-23 14:20:11"}
{"level":"info","message":"Server running on http://localhost:5001","timestamp":"2026-07-23 14:21:09"}
{"level":"info","message":"Server running on http://localhost:5001","timestamp":"2026-07-23 14:21:20"}
{"level":"info","message":"Server running on http://localhost:5001","timestamp":"2026-07-23 14:21:32"}
{"level":"info","message":"Server running on http://localhost:5001","timestamp":"2026-07-23 14:22:37"}
{"level":"info","message":"Server running on http://localhost:5001","timestamp":"2026-07-23 14:22:46"}
{"level":"info","message":"Server running on http://localhost:5001","timestamp":"2026-07-23 15:03:22"}
{"endpoint":"full","level":"info","message":"Dashboard Request","queryRestaurantId":null,"restaurantId":1,"role":"ADMIN","timestamp":"2026-07-23 15:04:52","userId":31}
{"endpoint":"full","level":"info","message":"Dashboard Request","queryRestaurantId":null,"restaurantId":1,"role":"ADMIN","timestamp":"2026-07-23 15:07:07","userId":31}
{"endpoint":"full","level":"info","message":"Dashboard Request","queryRestaurantId":null,"restaurantId":1,"role":"ADMIN","timestamp":"2026-07-23 15:07:27","userId":31}
{"level":"info","message":"Server running on http://localhost:5001","timestamp":"2026-07-23 15:11:16"}
{"endpoint":"full","level":"info","message":"Dashboard Request","queryRestaurantId":null,"restaurantId":1,"role":"ADMIN","timestamp":"2026-07-23 15:24:43","userId":31}
{"endpoint":"full","level":"info","message":"Dashboard Request","queryRestaurantId":null,"restaurantId":1,"role":"ADMIN","timestamp":"2026-07-23 15:24:56","userId":31}
{"endpoint":"full","level":"info","message":"Dashboard Request","queryRestaurantId":null,"restaurantId":1,"role":"ADMIN","timestamp":"2026-07-23 15:25:09","userId":31}
{"endpoint":"full","level":"info","message":"Dashboard Request","queryRestaurantId":null,"restaurantId":1,"role":"ADMIN","timestamp":"2026-07-23 15:25:18","userId":31}
{"endpoint":"full","level":"info","message":"Dashboard Request","queryRestaurantId":null,"restaurantId":1,"role":"ADMIN","timestamp":"2026-07-23 15:26:04","userId":31}
{"endpoint":"full","level":"info","message":"Dashboard Request","queryRestaurantId":null,"restaurantId":1,"role":"ADMIN","timestamp":"2026-07-23 15:26:14","userId":31}
{"endpoint":"full","level":"info","message":"Dashboard Request","queryRestaurantId":null,"restaurantId":1,"role":"ADMIN","timestamp":"2026-07-23 15:26:28","userId":31}
{"endpoint":"full","level":"info","message":"Dashboard Request","queryRestaurantId":null,"restaurantId":1,"role":"ADMIN","timestamp":"2026-07-23 15:27:13","userId":31}
{"endpoint":"full","level":"info","message":"Dashboard Request","queryRestaurantId":null,"restaurantId":1,"role":"ADMIN","timestamp":"2026-07-23 15:28:29","userId":31}
{"endpoint":"full","level":"info","message":"Dashboard Request","queryRestaurantId":null,"restaurantId":1,"role":"ADMIN","timestamp":"2026-07-23 15:28:41","userId":31}
{"endpoint":"full","level":"info","message":"Dashboard Request","queryRestaurantId":null,"restaurantId":1,"role":"ADMIN","timestamp":"2026-07-23 15:29:39","userId":31}
{"endpoint":"full","level":"info","message":"Dashboard Request","queryRestaurantId":null,"restaurantId":1,"role":"ADMIN","timestamp":"2026-07-23 15:29:56","userId":31}
{"endpoint":"full","level":"info","message":"Dashboard Request","queryRestaurantId":null,"restaurantId":1,"role":"ADMIN","timestamp":"2026-07-23 15:31:26","userId":31}
{"endpoint":"full","level":"info","message":"Dashboard Request","queryRestaurantId":null,"restaurantId":1,"role":"ADMIN","timestamp":"2026-07-23 15:31:46","userId":31}
{"endpoint":"full","level":"info","message":"Dashboard Request","queryRestaurantId":null,"restaurantId":1,"role":"ADMIN","timestamp":"2026-07-23 15:32:00","userId":31}
{"endpoint":"full","level":"info","message":"Dashboard Request","queryRestaurantId":null,"restaurantId":1,"role":"ADMIN","timestamp":"2026-07-23 15:32:12","userId":31}
{"endpoint":"full","level":"info","message":"Dashboard Request","queryRestaurantId":null,"restaurantId":1,"role":"ADMIN","timestamp":"2026-07-23 15:33:13","userId":31}
{"endpoint":"full","level":"info","message":"Dashboard Request","queryRestaurantId":null,"restaurantId":1,"role":"ADMIN","timestamp":"2026-07-23 15:33:29","userId":31}
{"endpoint":"full","level":"info","message":"Dashboard Request","queryRestaurantId":null,"restaurantId":1,"role":"ADMIN","timestamp":"2026-07-23 15:37:11","userId":31}
{"endpoint":"full","level":"info","message":"Dashboard Request","queryRestaurantId":null,"restaurantId":1,"role":"ADMIN","timestamp":"2026-07-23 15:40:35","userId":31}
{"endpoint":"full","level":"info","message":"Dashboard Request","queryRestaurantId":null,"restaurantId":1,"role":"ADMIN","timestamp":"2026-07-23 15:40:43","userId":31}
{"endpoint":"full","level":"info","message":"Dashboard Request","queryRestaurantId":null,"restaurantId":1,"role":"ADMIN","timestamp":"2026-07-23 15:41:07","userId":31}
{"endpoint":"full","level":"info","message":"Dashboard Request","queryRestaurantId":null,"restaurantId":1,"role":"ADMIN","timestamp":"2026-07-23 15:41:11","userId":31}
{"endpoint":"full","level":"info","message":"Dashboard Request","queryRestaurantId":null,"restaurantId":1,"role":"ADMIN","timestamp":"2026-07-23 15:42:29","userId":31}
{"endpoint":"full","level":"info","message":"Dashboard Request","queryRestaurantId":null,"restaurantId":1,"role":"ADMIN","timestamp":"2026-07-23 15:42:41","userId":31}
{"endpoint":"full","level":"info","message":"Dashboard Request","queryRestaurantId":null,"restaurantId":1,"role":"ADMIN","timestamp":"2026-07-23 15:42:49","userId":31}
{"endpoint":"full","level":"info","message":"Dashboard Request","queryRestaurantId":null,"restaurantId":1,"role":"ADMIN","timestamp":"2026-07-23 15:44:41","userId":31}
{"endpoint":"full","level":"info","message":"Dashboard Request","queryRestaurantId":null,"restaurantId":1,"role":"ADMIN","timestamp":"2026-07-23 15:45:02","userId":31}
{"endpoint":"full","level":"info","message":"Dashboard Request","queryRestaurantId":null,"restaurantId":1,"role":"ADMIN","timestamp":"2026-07-23 16:05:31","userId":31}
{"endpoint":"full","level":"info","message":"Dashboard Request","queryRestaurantId":null,"restaurantId":1,"role":"ADMIN","timestamp":"2026-07-23 16:06:31","userId":31}
{"endpoint":"full","level":"info","message":"Dashboard Request","queryRestaurantId":null,"restaurantId":1,"role":"ADMIN","timestamp":"2026-07-23 16:07:10","userId":31}
{"endpoint":"full","level":"info","message":"Dashboard Request","queryRestaurantId":null,"restaurantId":1,"role":"ADMIN","timestamp":"2026-07-23 16:07:36","userId":31}
{"endpoint":"full","level":"info","message":"Dashboard Request","queryRestaurantId":null,"restaurantId":1,"role":"ADMIN","timestamp":"2026-07-23 16:09:03","userId":31}
{"endpoint":"full","level":"info","message":"Dashboard Request","queryRestaurantId":null,"restaurantId":1,"role":"ADMIN","timestamp":"2026-07-23 16:10:39","userId":31}
{"endpoint":"full","level":"info","message":"Dashboard Request","queryRestaurantId":null,"restaurantId":1,"role":"ADMIN","timestamp":"2026-07-23 16:12:44","userId":31}
{"endpoint":"full","level":"info","message":"Dashboard Request","queryRestaurantId":null,"restaurantId":1,"role":"ADMIN","timestamp":"2026-07-23 16:15:46","userId":31}
{"endpoint":"full","level":"info","message":"Dashboard Request","queryRestaurantId":null,"restaurantId":1,"role":"ADMIN","timestamp":"2026-07-24 10:31:10","userId":31}
{"endpoint":"full","level":"info","message":"Dashboard Request","queryRestaurantId":null,"restaurantId":1,"role":"ADMIN","timestamp":"2026-07-24 10:53:36","userId":31}
{"level":"info","message":"Server running on http://localhost:5001","timestamp":"2026-07-24 12:37:30"}
{"level":"info","message":"Server running on http://localhost:5001","timestamp":"2026-07-24 12:49:18"}
{"level":"info","message":"Server running on http://localhost:5001","timestamp":"2026-07-24 12:49:38"}
{"level":"info","message":"Server running on http://localhost:5001","timestamp":"2026-07-24 12:49:58"}
{"level":"info","message":"Server running on http://localhost:5001","timestamp":"2026-07-24 13:34:15"}
{"level":"info","message":"Server running on http://localhost:5001","timestamp":"2026-07-24 13:36:22"}
{"endpoint":"full","level":"info","message":"Dashboard Request","queryRestaurantId":null,"restaurantId":1,"role":"ADMIN","timestamp":"2026-07-24 13:55:45","userId":31}
{"level":"info","message":"Server running on http://localhost:5001","timestamp":"2026-07-24 13:56:27"}
{"endpoint":"full","level":"info","message":"Dashboard Request","queryRestaurantId":null,"restaurantId":1,"role":"ADMIN","timestamp":"2026-07-24 13:57:14","userId":31}
{"endpoint":"full","level":"info","message":"Dashboard Request","queryRestaurantId":null,"restaurantId":1,"role":"ADMIN","timestamp":"2026-07-24 13:58:38","userId":31}
{"endpoint":"full","level":"info","message":"Dashboard Request","queryRestaurantId":null,"restaurantId":1,"role":"ADMIN","timestamp":"2026-07-24 13:58:50","userId":31}
{"endpoint":"full","level":"info","message":"Dashboard Request","queryRestaurantId":null,"restaurantId":1,"role":"ADMIN","timestamp":"2026-07-24 15:11:48","userId":31}
{"endpoint":"full","level":"info","message":"Dashboard Request","queryRestaurantId":null,"restaurantId":1,"role":"ADMIN","timestamp":"2026-07-24 15:15:04","userId":31}
{"endpoint":"full","level":"info","message":"Dashboard Request","queryRestaurantId":null,"restaurantId":1,"role":"ADMIN","timestamp":"2026-07-24 15:19:28","userId":31}
{"level":"info","message":"Server running on http://localhost:5001","timestamp":"2026-07-24 15:19:55"}
{"level":"info","message":"Server running on http://localhost:5001","timestamp":"2026-07-24 15:20:38"}
{"level":"info","message":"Server running on http://localhost:5001","timestamp":"2026-07-24 15:26:54"}
{"endpoint":"full","level":"info","message":"Dashboard Request","queryRestaurantId":null,"restaurantId":1,"role":"ADMIN","timestamp":"2026-07-24 15:28:49","userId":31}
{"endpoint":"full","level":"info","message":"Dashboard Request","queryRestaurantId":null,"restaurantId":1,"role":"ADMIN","timestamp":"2026-07-24 15:31:40","userId":31}
{"level":"info","message":"Server running on http://localhost:5001","timestamp":"2026-07-24 15:42:21"}
{"endpoint":"full","level":"info","message":"Dashboard Request","queryRestaurantId":null,"restaurantId":1,"role":"ADMIN","timestamp":"2026-07-24 15:57:02","userId":31}
{"endpoint":"full","level":"info","message":"Dashboard Request","queryRestaurantId":null,"restaurantId":1,"role":"ADMIN","timestamp":"2026-07-24 16:09:17","userId":31}
{"endpoint":"full","level":"info","message":"Dashboard Request","queryRestaurantId":null,"restaurantId":1,"role":"ADMIN","timestamp":"2026-07-24 16:10:21","userId":31}
{"endpoint":"full","level":"info","message":"Dashboard Request","queryRestaurantId":null,"restaurantId":1,"role":"ADMIN","timestamp":"2026-07-24 16:11:57","userId":31}
{"level":"info","message":"Server running on http://localhost:5001","timestamp":"2026-07-24 16:24:38"}
{"level":"info","message":"Server running on http://localhost:5001","timestamp":"2026-07-24 17:11:56"}
{"level":"info","message":"Server running on http://localhost:5001","timestamp":"2026-07-24 17:23:45"}
{"level":"info","message":"Server running on http://localhost:5001","timestamp":"2026-07-24 17:24:32"}
{"endpoint":"full","level":"info","message":"Dashboard Request","queryRestaurantId":null,"restaurantId":1,"role":"ADMIN","timestamp":"2026-07-24 17:25:59","userId":31}
{"level":"info","message":"Server running on http://localhost:5001","timestamp":"2026-07-24 17:32:34"}
{"level":"info","message":"Server running on http://localhost:5001","timestamp":"2026-07-24 17:43:48"}
{"level":"info","message":"Server running on http://localhost:5001","timestamp":"2026-07-24 17:50:38"}
{"endpoint":"full","level":"info","message":"Dashboard Request","queryRestaurantId":null,"restaurantId":1,"role":"ADMIN","timestamp":"2026-07-24 17:51:40","userId":31}
{"endpoint":"full","level":"info","message":"Dashboard Request","queryRestaurantId":null,"restaurantId":1,"role":"ADMIN","timestamp":"2026-07-24 17:53:00","userId":31}
{"endpoint":"full","level":"info","message":"Dashboard Request","queryRestaurantId":null,"restaurantId":1,"role":"ADMIN","timestamp":"2026-07-24 17:54:35","userId":31}
{"endpoint":"full","level":"info","message":"Dashboard Request","queryRestaurantId":null,"restaurantId":1,"role":"ADMIN","timestamp":"2026-07-24 17:57:50","userId":31}
{"endpoint":"full","level":"info","message":"Dashboard Request","queryRestaurantId":null,"restaurantId":1,"role":"ADMIN","timestamp":"2026-07-24 18:06:27","userId":31}
{"endpoint":"full","level":"info","message":"Dashboard Request","queryRestaurantId":null,"restaurantId":1,"role":"ADMIN","timestamp":"2026-07-24 18:08:22","userId":31}
{"endpoint":"full","level":"info","message":"Dashboard Request","queryRestaurantId":null,"restaurantId":1,"role":"ADMIN","timestamp":"2026-07-24 18:09:04","userId":31}
{"endpoint":"full","level":"info","message":"Dashboard Request","queryRestaurantId":null,"restaurantId":1,"role":"ADMIN","timestamp":"2026-07-24 18:10:48","userId":31}
{"level":"info","message":"Server running on http://localhost:5001","timestamp":"2026-07-24 18:43:00"}
{"endpoint":"full","level":"info","message":"Dashboard Request","queryRestaurantId":null,"restaurantId":1,"role":"ADMIN","timestamp":"2026-07-24 19:25:29","userId":31}
{"endpoint":"full","level":"info","message":"Dashboard Request","queryRestaurantId":null,"restaurantId":1,"role":"ADMIN","timestamp":"2026-07-24 19:53:36","userId":31}
{"endpoint":"full","level":"info","message":"Dashboard Request","queryRestaurantId":null,"restaurantId":1,"role":"ADMIN","timestamp":"2026-07-24 20:09:52","userId":31}
{"endpoint":"full","level":"info","message":"Dashboard Request","queryRestaurantId":null,"restaurantId":1,"role":"ADMIN","timestamp":"2026-07-24 20:11:00","userId":31}
{"endpoint":"full","level":"info","message":"Dashboard Request","queryRestaurantId":null,"restaurantId":1,"role":"ADMIN","timestamp":"2026-07-24 20:12:30","userId":31}
{"endpoint":"full","level":"info","message":"Dashboard Request","queryRestaurantId":null,"restaurantId":1,"role":"MANAGER","timestamp":"2026-07-24 20:13:59","userId":32}
{"endpoint":"full","level":"info","message":"Dashboard Request","queryRestaurantId":null,"restaurantId":1,"role":"MANAGER","timestamp":"2026-07-25 15:22:03","userId":32}
{"endpoint":"full","level":"info","message":"Dashboard Request","queryRestaurantId":null,"restaurantId":1,"role":"MANAGER","timestamp":"2026-07-25 15:45:12","userId":32}
{"endpoint":"full","level":"info","message":"Dashboard Request","queryRestaurantId":null,"restaurantId":1,"role":"MANAGER","timestamp":"2026-07-25 15:46:02","userId":32}
{"endpoint":"full","level":"info","message":"Dashboard Request","queryRestaurantId":null,"restaurantId":1,"role":"MANAGER","timestamp":"2026-07-25 15:46:47","userId":32}
{"level":"info","message":"Server running on http://localhost:5001","timestamp":"2026-07-25 15:50:28"}
{"level":"info","message":"Server running on http://localhost:5001","timestamp":"2026-07-25 15:50:36"}
{"level":"info","message":"Server running on http://localhost:5001","timestamp":"2026-07-25 15:55:35"}
{"level":"info","message":"Server running on http://localhost:5001","timestamp":"2026-07-25 15:55:57"}
{"level":"info","message":"Server running on http://localhost:5001","timestamp":"2026-07-25 15:59:30"}
{"endpoint":"full","level":"info","message":"Dashboard Request","queryRestaurantId":null,"restaurantId":1,"role":"MANAGER","timestamp":"2026-07-25 15:59:51","userId":32}
{"endpoint":"full","level":"info","message":"Dashboard Request","queryRestaurantId":null,"restaurantId":1,"role":"MANAGER","timestamp":"2026-07-25 16:06:30","userId":32}
{"level":"info","message":"Server running on http://localhost:5001","timestamp":"2026-07-25 16:10:37"}
{"endpoint":"full","level":"info","message":"Dashboard Request","queryRestaurantId":null,"restaurantId":1,"role":"ADMIN","timestamp":"2026-07-25 16:12:37","userId":31}
{"level":"info","message":"Server running on http://localhost:5001","timestamp":"2026-07-25 16:17:05"}
{"endpoint":"full","level":"info","message":"Dashboard Request","queryRestaurantId":null,"restaurantId":1,"role":"MANAGER","timestamp":"2026-07-25 16:17:06","userId":32}
{"endpoint":"full","level":"info","message":"Dashboard Request","queryRestaurantId":null,"restaurantId":1,"role":"MANAGER","timestamp":"2026-07-25 16:17:13","userId":32}
{"endpoint":"full","level":"info","message":"Dashboard Request","queryRestaurantId":null,"restaurantId":null,"role":"SUPER_ADMIN","timestamp":"2026-07-25 16:19:26","userId":1}
{"endpoint":"full","level":"info","message":"Dashboard Request","queryRestaurantId":null,"restaurantId":null,"role":"SUPER_ADMIN","timestamp":"2026-07-25 16:20:13","userId":1}
{"endpoint":"full","level":"info","message":"Dashboard Request","queryRestaurantId":null,"restaurantId":1,"role":"MANAGER","timestamp":"2026-07-25 16:21:02","userId":32}
{"endpoint":"full","level":"info","message":"Dashboard Request","queryRestaurantId":null,"restaurantId":1,"role":"ADMIN","timestamp":"2026-07-25 16:32:55","userId":31}
{"endpoint":"full","level":"info","message":"Dashboard Request","queryRestaurantId":null,"restaurantId":1,"role":"MANAGER","timestamp":"2026-07-25 16:32:55","userId":32}
{"endpoint":"full","level":"info","message":"Dashboard Request","queryRestaurantId":null,"restaurantId":1,"role":"MANAGER","timestamp":"2026-07-25 16:38:46","userId":32}
{"endpoint":"full","level":"info","message":"Dashboard Request","queryRestaurantId":null,"restaurantId":1,"role":"MANAGER","timestamp":"2026-07-25 16:39:37","userId":32}
{"endpoint":"full","level":"info","message":"Dashboard Request","queryRestaurantId":null,"restaurantId":1,"role":"ADMIN","timestamp":"2026-07-25 16:43:50","userId":31}
{"endpoint":"full","level":"info","message":"Dashboard Request","queryRestaurantId":null,"restaurantId":1,"role":"ADMIN","timestamp":"2026-07-25 16:46:59","userId":31}
{"endpoint":"full","level":"info","message":"Dashboard Request","queryRestaurantId":null,"restaurantId":1,"role":"ADMIN","timestamp":"2026-07-25 16:49:41","userId":31}
{"level":"info","message":"Server running on http://localhost:5001","timestamp":"2026-07-25 16:51:39"}
{"endpoint":"full","level":"info","message":"Dashboard Request","queryRestaurantId":null,"restaurantId":1,"role":"ADMIN","timestamp":"2026-07-25 16:52:07","userId":31}
{"endpoint":"full","level":"info","message":"Dashboard Request","queryRestaurantId":null,"restaurantId":1,"role":"ADMIN","timestamp":"2026-07-25 16:54:15","userId":31}
{"endpoint":"full","level":"info","message":"Dashboard Request","queryRestaurantId":null,"restaurantId":1,"role":"ADMIN","timestamp":"2026-07-25 16:55:30","userId":31}
{"endpoint":"full","level":"info","message":"Dashboard Request","queryRestaurantId":null,"restaurantId":1,"role":"ADMIN","timestamp":"2026-07-25 16:58:52","userId":31}
{"level":"info","message":"Server running on http://localhost:5001","timestamp":"2026-07-25 17:00:30"}
{"endpoint":"full","level":"info","message":"Dashboard Request","queryRestaurantId":null,"restaurantId":1,"role":"ADMIN","timestamp":"2026-07-25 17:00:57","userId":31}
{"endpoint":"full","level":"info","message":"Dashboard Request","queryRestaurantId":null,"restaurantId":1,"role":"ADMIN","timestamp":"2026-07-25 17:02:08","userId":31}
{"endpoint":"full","level":"info","message":"Dashboard Request","queryRestaurantId":null,"restaurantId":1,"role":"ADMIN","timestamp":"2026-07-25 17:03:30","userId":31}
{"endpoint":"full","level":"info","message":"Dashboard Request","queryRestaurantId":null,"restaurantId":1,"role":"ADMIN","timestamp":"2026-07-25 17:04:45","userId":31}
{"endpoint":"full","level":"info","message":"Dashboard Request","queryRestaurantId":null,"restaurantId":1,"role":"ADMIN","timestamp":"2026-07-25 17:07:01","userId":31}
{"endpoint":"full","level":"info","message":"Dashboard Request","queryRestaurantId":null,"restaurantId":1,"role":"ADMIN","timestamp":"2026-07-25 17:07:33","userId":31}
{"endpoint":"full","level":"info","message":"Dashboard Request","queryRestaurantId":null,"restaurantId":1,"role":"ADMIN","timestamp":"2026-07-25 17:11:42","userId":31}
{"endpoint":"full","level":"info","message":"Dashboard Request","queryRestaurantId":null,"restaurantId":1,"role":"ADMIN","timestamp":"2026-07-25 17:12:56","userId":31}
{"endpoint":"full","level":"info","message":"Dashboard Request","queryRestaurantId":null,"restaurantId":1,"role":"ADMIN","timestamp":"2026-07-25 17:29:19","userId":31}
{"endpoint":"full","level":"info","message":"Dashboard Request","queryRestaurantId":null,"restaurantId":1,"role":"MANAGER","timestamp":"2026-07-25 17:33:25","userId":32}
{"endpoint":"full","level":"info","message":"Dashboard Request","queryRestaurantId":null,"restaurantId":1,"role":"ADMIN","timestamp":"2026-07-25 17:33:27","userId":31}
{"endpoint":"full","level":"info","message":"Dashboard Request","queryRestaurantId":null,"restaurantId":1,"role":"MANAGER","timestamp":"2026-07-25 17:33:59","userId":32}
{"endpoint":"full","level":"info","message":"Dashboard Request","queryRestaurantId":null,"restaurantId":1,"role":"MANAGER","timestamp":"2026-07-25 17:34:31","userId":32}
{"endpoint":"full","level":"info","message":"Dashboard Request","queryRestaurantId":null,"restaurantId":1,"role":"ADMIN","timestamp":"2026-07-25 17:34:38","userId":31}
{"endpoint":"full","level":"info","message":"Dashboard Request","queryRestaurantId":null,"restaurantId":1,"role":"ADMIN","timestamp":"2026-07-25 17:34:51","userId":31}
{"endpoint":"full","level":"info","message":"Dashboard Request","queryRestaurantId":null,"restaurantId":1,"role":"ADMIN","timestamp":"2026-07-25 17:36:20","userId":31}
{"endpoint":"full","level":"info","message":"Dashboard Request","queryRestaurantId":null,"restaurantId":1,"role":"MANAGER","timestamp":"2026-07-25 17:45:56","userId":32}
{"endpoint":"full","level":"info","message":"Dashboard Request","queryRestaurantId":null,"restaurantId":1,"role":"ADMIN","timestamp":"2026-07-25 17:46:19","userId":31}
{"endpoint":"full","level":"info","message":"Dashboard Request","queryRestaurantId":null,"restaurantId":1,"role":"ADMIN","timestamp":"2026-07-25 17:47:41","userId":31}
{"endpoint":"full","level":"info","message":"Dashboard Request","queryRestaurantId":null,"restaurantId":1,"role":"ADMIN","timestamp":"2026-07-25 17:48:54","userId":31}
{"endpoint":"full","level":"info","message":"Dashboard Request","queryRestaurantId":null,"restaurantId":1,"role":"ADMIN","timestamp":"2026-07-25 17:50:19","userId":31}
{"endpoint":"full","level":"info","message":"Dashboard Request","queryRestaurantId":null,"restaurantId":1,"role":"ADMIN","timestamp":"2026-07-25 17:51:23","userId":31}
{"endpoint":"full","level":"info","message":"Dashboard Request","queryRestaurantId":null,"restaurantId":1,"role":"ADMIN","timestamp":"2026-07-25 17:53:14","userId":31}
{"endpoint":"full","level":"info","message":"Dashboard Request","queryRestaurantId":null,"restaurantId":1,"role":"ADMIN","timestamp":"2026-07-25 18:00:35","userId":31}
{"endpoint":"full","level":"info","message":"Dashboard Request","queryRestaurantId":null,"restaurantId":1,"role":"ADMIN","timestamp":"2026-07-25 18:02:00","userId":31}
{"endpoint":"full","level":"info","message":"Dashboard Request","queryRestaurantId":null,"restaurantId":1,"role":"MANAGER","timestamp":"2026-07-25 18:03:18","userId":32}
{"endpoint":"full","level":"info","message":"Dashboard Request","queryRestaurantId":null,"restaurantId":1,"role":"MANAGER","timestamp":"2026-07-25 18:05:13","userId":32}
{"endpoint":"full","level":"info","message":"Dashboard Request","queryRestaurantId":null,"restaurantId":1,"role":"MANAGER","timestamp":"2026-07-25 18:06:05","userId":32}
{"endpoint":"full","level":"info","message":"Dashboard Request","queryRestaurantId":null,"restaurantId":1,"role":"ADMIN","timestamp":"2026-07-25 18:09:48","userId":31}
{"endpoint":"full","level":"info","message":"Dashboard Request","queryRestaurantId":null,"restaurantId":1,"role":"ADMIN","timestamp":"2026-07-25 18:10:55","userId":31}
{"endpoint":"full","level":"info","message":"Dashboard Request","queryRestaurantId":null,"restaurantId":1,"role":"ADMIN","timestamp":"2026-07-25 18:18:14","userId":31}
{"level":"info","message":"Server running on http://localhost:5001","timestamp":"2026-07-25 18:21:43"}
{"endpoint":"full","level":"info","message":"Dashboard Request","queryRestaurantId":null,"restaurantId":1,"role":"ADMIN","timestamp":"2026-07-25 18:22:15","userId":31}
{"endpoint":"full","level":"info","message":"Dashboard Request","queryRestaurantId":null,"restaurantId":1,"role":"ADMIN","timestamp":"2026-07-25 18:27:06","userId":31}
{"endpoint":"full","level":"info","message":"Dashboard Request","queryRestaurantId":null,"restaurantId":1,"role":"ADMIN","timestamp":"2026-07-25 18:28:17","userId":31}
{"level":"info","message":"Server running on http://localhost:5001","timestamp":"2026-07-25 18:31:14"}
{"level":"info","message":"Server running on http://localhost:5001","timestamp":"2026-07-25 18:34:38"}
{"endpoint":"full","level":"info","message":"Dashboard Request","queryRestaurantId":null,"restaurantId":1,"role":"ADMIN","timestamp":"2026-07-25 18:34:46","userId":31}
{"endpoint":"full","level":"info","message":"Dashboard Request","queryRestaurantId":null,"restaurantId":1,"role":"MANAGER","timestamp":"2026-07-25 18:34:47","userId":32}
{"endpoint":"full","level":"info","message":"Dashboard Request","queryRestaurantId":null,"restaurantId":1,"role":"MANAGER","timestamp":"2026-07-25 18:35:47","userId":32}
{"endpoint":"full","level":"info","message":"Dashboard Request","queryRestaurantId":null,"restaurantId":1,"role":"MANAGER","timestamp":"2026-07-25 18:35:58","userId":32}
{"endpoint":"full","level":"info","message":"Dashboard Request","queryRestaurantId":null,"restaurantId":1,"role":"MANAGER","timestamp":"2026-07-25 18:36:19","userId":32}
{"endpoint":"full","level":"info","message":"Dashboard Request","queryRestaurantId":null,"restaurantId":1,"role":"MANAGER","timestamp":"2026-07-25 18:36:39","userId":32}
{"endpoint":"full","level":"info","message":"Dashboard Request","queryRestaurantId":null,"restaurantId":1,"role":"MANAGER","timestamp":"2026-07-25 18:39:19","userId":32}
{"endpoint":"full","level":"info","message":"Dashboard Request","queryRestaurantId":null,"restaurantId":1,"role":"ADMIN","timestamp":"2026-07-25 20:13:02","userId":31}
{"endpoint":"full","level":"info","message":"Dashboard Request","queryRestaurantId":null,"restaurantId":1,"role":"ADMIN","timestamp":"2026-07-25 20:22:23","userId":31}
{"endpoint":"full","level":"info","message":"Dashboard Request","queryRestaurantId":null,"restaurantId":1,"role":"MANAGER","timestamp":"2026-07-25 20:23:23","userId":32}
{"endpoint":"full","level":"info","message":"Dashboard Request","queryRestaurantId":null,"restaurantId":1,"role":"MANAGER","timestamp":"2026-07-25 20:23:51","userId":32}
{"endpoint":"full","level":"info","message":"Dashboard Request","queryRestaurantId":null,"restaurantId":1,"role":"ADMIN","timestamp":"2026-07-25 20:23:51","userId":31}
{"endpoint":"full","level":"info","message":"Dashboard Request","queryRestaurantId":null,"restaurantId":1,"role":"ADMIN","timestamp":"2026-07-25 20:24:24","userId":31}
{"endpoint":"full","level":"info","message":"Dashboard Request","queryRestaurantId":null,"restaurantId":1,"role":"ADMIN","timestamp":"2026-07-25 20:34:51","userId":31}
{"level":"info","message":"Server running on http://localhost:5001","timestamp":"2026-07-25 20:37:56"}
{"endpoint":"full","level":"info","message":"Dashboard Request","queryRestaurantId":null,"restaurantId":1,"role":"MANAGER","timestamp":"2026-07-25 20:39:03","userId":32}
{"endpoint":"full","level":"info","message":"Dashboard Request","queryRestaurantId":null,"restaurantId":1,"role":"MANAGER","timestamp":"2026-07-25 20:41:55","userId":32}
{"endpoint":"full","level":"info","message":"Dashboard Request","queryRestaurantId":null,"restaurantId":1,"role":"MANAGER","timestamp":"2026-07-25 20:45:31","userId":32}
{"endpoint":"full","level":"info","message":"Dashboard Request","queryRestaurantId":null,"restaurantId":1,"role":"ADMIN","timestamp":"2026-07-25 20:47:26","userId":31}
{"endpoint":"full","level":"info","message":"Dashboard Request","queryRestaurantId":null,"restaurantId":1,"role":"ADMIN","timestamp":"2026-07-25 20:48:53","userId":31}
{"endpoint":"full","level":"info","message":"Dashboard Request","queryRestaurantId":null,"restaurantId":1,"role":"ADMIN","timestamp":"2026-07-25 20:49:49","userId":31}
{"endpoint":"full","level":"info","message":"Dashboard Request","queryRestaurantId":null,"restaurantId":1,"role":"ADMIN","timestamp":"2026-07-25 20:50:17","userId":31}
{"endpoint":"full","level":"info","message":"Dashboard Request","queryRestaurantId":null,"restaurantId":1,"role":"ADMIN","timestamp":"2026-07-25 20:51:14","userId":31}
{"endpoint":"full","level":"info","message":"Dashboard Request","queryRestaurantId":null,"restaurantId":1,"role":"ADMIN","timestamp":"2026-07-25 20:51:50","userId":31}
{"endpoint":"full","level":"info","message":"Dashboard Request","queryRestaurantId":null,"restaurantId":1,"role":"ADMIN","timestamp":"2026-07-25 20:52:45","userId":31}
{"endpoint":"full","level":"info","message":"Dashboard Request","queryRestaurantId":null,"restaurantId":1,"role":"ADMIN","timestamp":"2026-07-25 20:53:31","userId":31}
{"endpoint":"full","level":"info","message":"Dashboard Request","queryRestaurantId":null,"restaurantId":1,"role":"ADMIN","timestamp":"2026-07-25 20:54:13","userId":31}
{"endpoint":"full","level":"info","message":"Dashboard Request","queryRestaurantId":null,"restaurantId":1,"role":"ADMIN","timestamp":"2026-07-25 20:54:32","userId":31}
{"endpoint":"full","level":"info","message":"Dashboard Request","queryRestaurantId":null,"restaurantId":1,"role":"ADMIN","timestamp":"2026-07-25 20:59:47","userId":31}
{"endpoint":"full","level":"info","message":"Dashboard Request","queryRestaurantId":null,"restaurantId":1,"role":"ADMIN","timestamp":"2026-07-25 21:01:04","userId":31}
{"endpoint":"full","level":"info","message":"Dashboard Request","queryRestaurantId":null,"restaurantId":1,"role":"ADMIN","timestamp":"2026-07-25 21:01:52","userId":31}
{"endpoint":"full","level":"info","message":"Dashboard Request","queryRestaurantId":null,"restaurantId":1,"role":"ADMIN","timestamp":"2026-07-25 21:02:26","userId":31}
{"endpoint":"full","level":"info","message":"Dashboard Request","queryRestaurantId":null,"restaurantId":1,"role":"ADMIN","timestamp":"2026-07-25 21:25:33","userId":31}
{"endpoint":"full","level":"info","message":"Dashboard Request","queryRestaurantId":null,"restaurantId":1,"role":"ADMIN","timestamp":"2026-07-25 21:32:42","userId":31}
{"endpoint":"full","level":"info","message":"Dashboard Request","queryRestaurantId":null,"restaurantId":1,"role":"ADMIN","timestamp":"2026-07-25 21:34:06","userId":31}
{"endpoint":"full","level":"info","message":"Dashboard Request","queryRestaurantId":null,"restaurantId":1,"role":"MANAGER","timestamp":"2026-07-25 21:36:58","userId":32}
{"endpoint":"full","level":"info","message":"Dashboard Request","queryRestaurantId":null,"restaurantId":1,"role":"MANAGER","timestamp":"2026-07-25 21:37:28","userId":32}
{"endpoint":"full","level":"info","message":"Dashboard Request","queryRestaurantId":null,"restaurantId":1,"role":"MANAGER","timestamp":"2026-07-25 21:42:18","userId":32}
{"endpoint":"full","level":"info","message":"Dashboard Request","queryRestaurantId":null,"restaurantId":1,"role":"MANAGER","timestamp":"2026-07-25 21:43:01","userId":32}
{"endpoint":"full","level":"info","message":"Dashboard Request","queryRestaurantId":null,"restaurantId":1,"role":"ADMIN","timestamp":"2026-07-25 21:44:15","userId":31}
{"endpoint":"full","level":"info","message":"Dashboard Request","queryRestaurantId":null,"restaurantId":1,"role":"ADMIN","timestamp":"2026-07-25 21:46:12","userId":31}
{"endpoint":"full","level":"info","message":"Dashboard Request","queryRestaurantId":null,"restaurantId":1,"role":"MANAGER","timestamp":"2026-07-25 21:51:56","userId":32}
{"endpoint":"full","level":"info","message":"Dashboard Request","queryRestaurantId":null,"restaurantId":1,"role":"ADMIN","timestamp":"2026-07-25 21:51:56","userId":31}
{"endpoint":"full","level":"info","message":"Dashboard Request","queryRestaurantId":null,"restaurantId":1,"role":"MANAGER","timestamp":"2026-07-25 21:52:36","userId":32}
{"level":"info","message":"Server running on http://localhost:5001","timestamp":"2026-07-25 21:53:51"}
{"endpoint":"full","level":"info","message":"Dashboard Request","queryRestaurantId":null,"restaurantId":1,"role":"MANAGER","timestamp":"2026-07-25 21:53:52","userId":32}
{"endpoint":"full","level":"info","message":"Dashboard Request","queryRestaurantId":null,"restaurantId":1,"role":"ADMIN","timestamp":"2026-07-25 21:54:22","userId":31}
{"endpoint":"full","level":"info","message":"Dashboard Request","queryRestaurantId":null,"restaurantId":1,"role":"ADMIN","timestamp":"2026-07-25 21:55:08","userId":31}
{"endpoint":"full","level":"info","message":"Dashboard Request","queryRestaurantId":null,"restaurantId":1,"role":"ADMIN","timestamp":"2026-07-25 21:57:33","userId":31}
{"endpoint":"full","level":"info","message":"Dashboard Request","queryRestaurantId":null,"restaurantId":1,"role":"ADMIN","timestamp":"2026-07-25 21:58:50","userId":31}
{"endpoint":"full","level":"info","message":"Dashboard Request","queryRestaurantId":null,"restaurantId":1,"role":"ADMIN","timestamp":"2026-07-25 21:59:23","userId":31}
{"endpoint":"full","level":"info","message":"Dashboard Request","queryRestaurantId":null,"restaurantId":1,"role":"ADMIN","timestamp":"2026-07-25 22:00:22","userId":31}
{"endpoint":"full","level":"info","message":"Dashboard Request","queryRestaurantId":null,"restaurantId":1,"role":"ADMIN","timestamp":"2026-07-25 22:01:34","userId":31}
{"endpoint":"full","level":"info","message":"Dashboard Request","queryRestaurantId":null,"restaurantId":1,"role":"ADMIN","timestamp":"2026-07-25 22:02:31","userId":31}
{"level":"info","message":"Server running on http://localhost:5001","timestamp":"2026-07-25 22:05:45"}
{"endpoint":"full","level":"info","message":"Dashboard Request","queryRestaurantId":null,"restaurantId":1,"role":"ADMIN","timestamp":"2026-07-25 22:06:05","userId":31}
{"level":"info","message":"Server running on http://localhost:5001","timestamp":"2026-07-25 22:07:01"}
{"endpoint":"full","level":"info","message":"Dashboard Request","queryRestaurantId":null,"restaurantId":1,"role":"ADMIN","timestamp":"2026-07-25 22:08:07","userId":31}
{"endpoint":"full","level":"info","message":"Dashboard Request","queryRestaurantId":null,"restaurantId":1,"role":"ADMIN","timestamp":"2026-07-25 22:09:25","userId":31}
{"endpoint":"full","level":"info","message":"Dashboard Request","queryRestaurantId":null,"restaurantId":1,"role":"ADMIN","timestamp":"2026-07-25 22:09:52","userId":31}
{"endpoint":"full","level":"info","message":"Dashboard Request","queryRestaurantId":null,"restaurantId":1,"role":"ADMIN","timestamp":"2026-07-25 22:10:40","userId":31}
{"endpoint":"full","level":"info","message":"Dashboard Request","queryRestaurantId":null,"restaurantId":1,"role":"MANAGER","timestamp":"2026-07-25 22:11:55","userId":32}
{"endpoint":"full","level":"info","message":"Dashboard Request","queryRestaurantId":null,"restaurantId":1,"role":"MANAGER","timestamp":"2026-07-25 22:14:02","userId":32}
{"endpoint":"full","level":"info","message":"Dashboard Request","queryRestaurantId":null,"restaurantId":1,"role":"ADMIN","timestamp":"2026-07-25 22:15:57","userId":31}
{"endpoint":"full","level":"info","message":"Dashboard Request","queryRestaurantId":null,"restaurantId":1,"role":"MANAGER","timestamp":"2026-07-25 22:17:34","userId":32}
{"endpoint":"full","level":"info","message":"Dashboard Request","queryRestaurantId":null,"restaurantId":1,"role":"ADMIN","timestamp":"2026-07-25 22:23:20","userId":31}
{"level":"info","message":"Server running on http://localhost:5001","timestamp":"2026-07-25 22:24:55"}
{"endpoint":"full","level":"info","message":"Dashboard Request","queryRestaurantId":null,"restaurantId":1,"role":"MANAGER","timestamp":"2026-07-25 22:24:56","userId":32}
{"endpoint":"full","level":"info","message":"Dashboard Request","queryRestaurantId":null,"restaurantId":1,"role":"MANAGER","timestamp":"2026-07-25 22:25:06","userId":32}
{"endpoint":"full","level":"info","message":"Dashboard Request","queryRestaurantId":null,"restaurantId":1,"role":"MANAGER","timestamp":"2026-07-25 22:25:55","userId":32}
{"level":"info","message":"Server running on http://localhost:5001","timestamp":"2026-07-25 22:28:48"}
{"endpoint":"full","level":"info","message":"Dashboard Request","queryRestaurantId":null,"restaurantId":1,"role":"ADMIN","timestamp":"2026-07-25 22:29:12","userId":31}
{"endpoint":"full","level":"info","message":"Dashboard Request","queryRestaurantId":null,"restaurantId":1,"role":"MANAGER","timestamp":"2026-07-25 22:29:25","userId":32}
{"endpoint":"full","level":"info","message":"Dashboard Request","queryRestaurantId":null,"restaurantId":1,"role":"MANAGER","timestamp":"2026-07-25 22:29:55","userId":32}
{"endpoint":"full","level":"info","message":"Dashboard Request","queryRestaurantId":null,"restaurantId":1,"role":"ADMIN","timestamp":"2026-07-25 22:33:55","userId":31}
{"endpoint":"full","level":"info","message":"Dashboard Request","queryRestaurantId":null,"restaurantId":1,"role":"MANAGER","timestamp":"2026-07-25 22:35:35","userId":32}
{"endpoint":"full","level":"info","message":"Dashboard Request","queryRestaurantId":null,"restaurantId":1,"role":"MANAGER","timestamp":"2026-07-25 22:36:01","userId":32}
{"endpoint":"full","level":"info","message":"Dashboard Request","queryRestaurantId":null,"restaurantId":1,"role":"MANAGER","timestamp":"2026-07-25 22:37:56","userId":32}
{"endpoint":"full","level":"info","message":"Dashboard Request","queryRestaurantId":null,"restaurantId":1,"role":"ADMIN","timestamp":"2026-07-25 22:39:07","userId":31}
{"endpoint":"full","level":"info","message":"Dashboard Request","queryRestaurantId":null,"restaurantId":1,"role":"MANAGER","timestamp":"2026-07-25 22:39:15","userId":32}
{"endpoint":"full","level":"info","message":"Dashboard Request","queryRestaurantId":null,"restaurantId":1,"role":"ADMIN","timestamp":"2026-07-25 22:45:01","userId":31}
{"endpoint":"full","level":"info","message":"Dashboard Request","queryRestaurantId":null,"restaurantId":1,"role":"MANAGER","timestamp":"2026-07-25 22:45:03","userId":32}
{"endpoint":"full","level":"info","message":"Dashboard Request","queryRestaurantId":null,"restaurantId":1,"role":"ADMIN","timestamp":"2026-07-25 22:45:19","userId":31}
{"endpoint":"full","level":"info","message":"Dashboard Request","queryRestaurantId":null,"restaurantId":1,"role":"MANAGER","timestamp":"2026-07-25 22:46:33","userId":32}
{"endpoint":"full","level":"info","message":"Dashboard Request","queryRestaurantId":null,"restaurantId":1,"role":"ADMIN","timestamp":"2026-07-25 22:47:01","userId":31}
{"endpoint":"full","level":"info","message":"Dashboard Request","queryRestaurantId":null,"restaurantId":1,"role":"MANAGER","timestamp":"2026-07-25 22:48:38","userId":32}
{"endpoint":"full","level":"info","message":"Dashboard Request","queryRestaurantId":null,"restaurantId":1,"role":"MANAGER","timestamp":"2026-07-25 22:51:16","userId":32}
{"endpoint":"full","level":"info","message":"Dashboard Request","queryRestaurantId":null,"restaurantId":1,"role":"ADMIN","timestamp":"2026-07-26 18:22:09","userId":31}
{"endpoint":"full","level":"info","message":"Dashboard Request","queryRestaurantId":null,"restaurantId":1,"role":"MANAGER","timestamp":"2026-07-26 18:23:43","userId":32}
{"endpoint":"full","level":"info","message":"Dashboard Request","queryRestaurantId":null,"restaurantId":1,"role":"MANAGER","timestamp":"2026-07-26 18:25:48","userId":32}
{"endpoint":"full","level":"info","message":"Dashboard Request","queryRestaurantId":null,"restaurantId":1,"role":"MANAGER","timestamp":"2026-07-26 18:27:11","userId":32}
{"endpoint":"full","level":"info","message":"Dashboard Request","queryRestaurantId":null,"restaurantId":1,"role":"ADMIN","timestamp":"2026-07-26 18:33:43","userId":31}
{"endpoint":"full","level":"info","message":"Dashboard Request","queryRestaurantId":null,"restaurantId":1,"role":"ADMIN","timestamp":"2026-07-26 18:35:10","userId":31}
{"endpoint":"full","level":"info","message":"Dashboard Request","queryRestaurantId":null,"restaurantId":1,"role":"ADMIN","timestamp":"2026-07-26 18:35:31","userId":31}
{"endpoint":"full","level":"info","message":"Dashboard Request","queryRestaurantId":null,"restaurantId":1,"role":"ADMIN","timestamp":"2026-07-26 18:35:58","userId":31}
{"endpoint":"full","level":"info","message":"Dashboard Request","queryRestaurantId":null,"restaurantId":1,"role":"ADMIN","timestamp":"2026-07-26 18:36:21","userId":31}
{"endpoint":"full","level":"info","message":"Dashboard Request","queryRestaurantId":null,"restaurantId":1,"role":"ADMIN","timestamp":"2026-07-26 18:36:53","userId":31}
{"endpoint":"full","level":"info","message":"Dashboard Request","queryRestaurantId":null,"restaurantId":1,"role":"ADMIN","timestamp":"2026-07-26 18:37:45","userId":31}
{"endpoint":"full","level":"info","message":"Dashboard Request","queryRestaurantId":null,"restaurantId":1,"role":"ADMIN","timestamp":"2026-07-26 18:39:26","userId":31}
{"endpoint":"full","level":"info","message":"Dashboard Request","queryRestaurantId":null,"restaurantId":1,"role":"MANAGER","timestamp":"2026-07-26 18:41:45","userId":32}
{"level":"info","message":"Server running on http://localhost:5001","timestamp":"2026-07-26 18:47:26"}
{"endpoint":"full","level":"info","message":"Dashboard Request","queryRestaurantId":null,"restaurantId":1,"role":"ADMIN","timestamp":"2026-07-26 18:48:27","userId":31}
{"endpoint":"full","level":"info","message":"Dashboard Request","queryRestaurantId":null,"restaurantId":1,"role":"MANAGER","timestamp":"2026-07-26 18:51:22","userId":32}
{"endpoint":"full","level":"info","message":"Dashboard Request","queryRestaurantId":null,"restaurantId":1,"role":"ADMIN","timestamp":"2026-07-26 18:54:36","userId":31}
{"endpoint":"full","level":"info","message":"Dashboard Request","queryRestaurantId":null,"restaurantId":1,"role":"ADMIN","timestamp":"2026-07-26 18:55:49","userId":31}
{"endpoint":"full","level":"info","message":"Dashboard Request","queryRestaurantId":null,"restaurantId":1,"role":"ADMIN","timestamp":"2026-07-26 18:57:46","userId":31}
{"endpoint":"full","level":"info","message":"Dashboard Request","queryRestaurantId":null,"restaurantId":1,"role":"ADMIN","timestamp":"2026-07-26 18:58:10","userId":31}
{"endpoint":"full","level":"info","message":"Dashboard Request","queryRestaurantId":null,"restaurantId":1,"role":"MANAGER","timestamp":"2026-07-26 19:01:06","userId":32}
{"endpoint":"full","level":"info","message":"Dashboard Request","queryRestaurantId":null,"restaurantId":1,"role":"MANAGER","timestamp":"2026-07-26 19:01:35","userId":32}
{"endpoint":"full","level":"info","message":"Dashboard Request","queryRestaurantId":null,"restaurantId":1,"role":"MANAGER","timestamp":"2026-07-26 19:02:17","userId":32}
{"endpoint":"full","level":"info","message":"Dashboard Request","queryRestaurantId":null,"restaurantId":1,"role":"MANAGER","timestamp":"2026-07-26 19:02:38","userId":32}
{"level":"info","message":"Server running on http://localhost:5001","timestamp":"2026-07-26 19:05:38"}
{"level":"info","message":"Server running on http://localhost:5001","timestamp":"2026-07-26 19:05:48"}
{"endpoint":"full","level":"info","message":"Dashboard Request","queryRestaurantId":null,"restaurantId":1,"role":"ADMIN","timestamp":"2026-07-26 19:07:05","userId":31}
{"endpoint":"full","level":"info","message":"Dashboard Request","queryRestaurantId":null,"restaurantId":1,"role":"ADMIN","timestamp":"2026-07-26 19:08:12","userId":31}
{"endpoint":"full","level":"info","message":"Dashboard Request","queryRestaurantId":null,"restaurantId":1,"role":"ADMIN","timestamp":"2026-07-26 19:08:35","userId":31}
{"endpoint":"full","level":"info","message":"Dashboard Request","queryRestaurantId":null,"restaurantId":1,"role":"MANAGER","timestamp":"2026-07-26 19:09:40","userId":32}
{"endpoint":"full","level":"info","message":"Dashboard Request","queryRestaurantId":null,"restaurantId":1,"role":"MANAGER","timestamp":"2026-07-26 19:12:55","userId":32}
{"endpoint":"full","level":"info","message":"Dashboard Request","queryRestaurantId":null,"restaurantId":1,"role":"MANAGER","timestamp":"2026-07-26 19:13:19","userId":32}
{"endpoint":"full","level":"info","message":"Dashboard Request","queryRestaurantId":null,"restaurantId":1,"role":"MANAGER","timestamp":"2026-07-26 19:13:31","userId":32}
{"endpoint":"full","level":"info","message":"Dashboard Request","queryRestaurantId":null,"restaurantId":1,"role":"MANAGER","timestamp":"2026-07-26 19:13:56","userId":32}
{"endpoint":"full","level":"info","message":"Dashboard Request","queryRestaurantId":null,"restaurantId":1,"role":"MANAGER","timestamp":"2026-07-26 19:14:19","userId":32}
{"endpoint":"full","level":"info","message":"Dashboard Request","queryRestaurantId":null,"restaurantId":1,"role":"MANAGER","timestamp":"2026-07-26 19:15:40","userId":32}
{"level":"info","message":"Server running on http://localhost:5001","timestamp":"2026-07-26 19:18:39"}
{"level":"info","message":"Server running on http://localhost:5001","timestamp":"2026-07-26 19:18:49"}
{"endpoint":"full","level":"info","message":"Dashboard Request","queryRestaurantId":null,"restaurantId":1,"role":"ADMIN","timestamp":"2026-07-26 19:19:43","userId":31}
{"endpoint":"full","level":"info","message":"Dashboard Request","queryRestaurantId":null,"restaurantId":1,"role":"ADMIN","timestamp":"2026-07-26 19:20:27","userId":31}
{"endpoint":"full","level":"info","message":"Dashboard Request","queryRestaurantId":null,"restaurantId":1,"role":"ADMIN","timestamp":"2026-07-26 19:21:09","userId":31}
{"endpoint":"full","level":"info","message":"Dashboard Request","queryRestaurantId":null,"restaurantId":1,"role":"ADMIN","timestamp":"2026-07-26 19:21:36","userId":31}
{"endpoint":"full","level":"info","message":"Dashboard Request","queryRestaurantId":null,"restaurantId":1,"role":"ADMIN","timestamp":"2026-07-26 19:22:07","userId":31}
{"endpoint":"full","level":"info","message":"Dashboard Request","queryRestaurantId":null,"restaurantId":1,"role":"ADMIN","timestamp":"2026-07-26 19:22:45","userId":31}
{"endpoint":"full","level":"info","message":"Dashboard Request","queryRestaurantId":null,"restaurantId":1,"role":"ADMIN","timestamp":"2026-07-26 19:23:37","userId":31}
{"endpoint":"full","level":"info","message":"Dashboard Request","queryRestaurantId":null,"restaurantId":1,"role":"ADMIN","timestamp":"2026-07-26 19:24:17","userId":31}
{"endpoint":"full","level":"info","message":"Dashboard Request","queryRestaurantId":null,"restaurantId":1,"role":"ADMIN","timestamp":"2026-07-26 19:26:27","userId":31}
{"endpoint":"full","level":"info","message":"Dashboard Request","queryRestaurantId":null,"restaurantId":1,"role":"MANAGER","timestamp":"2026-07-26 19:31:40","userId":32}
{"endpoint":"full","level":"info","message":"Dashboard Request","queryRestaurantId":null,"restaurantId":1,"role":"MANAGER","timestamp":"2026-07-26 19:32:04","userId":32}
{"endpoint":"full","level":"info","message":"Dashboard Request","queryRestaurantId":null,"restaurantId":1,"role":"MANAGER","timestamp":"2026-07-26 19:32:38","userId":32}
{"endpoint":"full","level":"info","message":"Dashboard Request","queryRestaurantId":null,"restaurantId":1,"role":"ADMIN","timestamp":"2026-07-27 10:58:39","userId":31}
{"endpoint":"full","level":"info","message":"Dashboard Request","queryRestaurantId":null,"restaurantId":1,"role":"ADMIN","timestamp":"2026-07-27 11:10:20","userId":31}
{"endpoint":"full","level":"info","message":"Dashboard Request","queryRestaurantId":null,"restaurantId":1,"role":"ADMIN","timestamp":"2026-07-27 11:11:48","userId":31}
{"endpoint":"full","level":"info","message":"Dashboard Request","queryRestaurantId":null,"restaurantId":1,"role":"ADMIN","timestamp":"2026-07-27 11:15:10","userId":31}
{"endpoint":"full","level":"info","message":"Dashboard Request","queryRestaurantId":null,"restaurantId":1,"role":"ADMIN","timestamp":"2026-07-27 11:17:22","userId":31}
{"endpoint":"full","level":"info","message":"Dashboard Request","queryRestaurantId":null,"restaurantId":null,"role":"SUPER_ADMIN","timestamp":"2026-07-27 11:23:37","userId":1}
{"endpoint":"full","level":"info","message":"Dashboard Request","queryRestaurantId":null,"restaurantId":1,"role":"ADMIN","timestamp":"2026-07-27 11:25:01","userId":31}
{"endpoint":"full","level":"info","message":"Dashboard Request","queryRestaurantId":null,"restaurantId":1,"role":"ADMIN","timestamp":"2026-07-27 11:27:22","userId":31}
{"endpoint":"full","level":"info","message":"Dashboard Request","queryRestaurantId":null,"restaurantId":null,"role":"SUPER_ADMIN","timestamp":"2026-07-27 11:27:48","userId":1}
{"endpoint":"full","level":"info","message":"Dashboard Request","queryRestaurantId":null,"restaurantId":1,"role":"ADMIN","timestamp":"2026-07-27 14:03:02","userId":31}
{"endpoint":"full","level":"info","message":"Dashboard Request","queryRestaurantId":null,"restaurantId":1,"role":"ADMIN","timestamp":"2026-07-27 15:00:43","userId":31}
{"endpoint":"full","level":"info","message":"Dashboard Request","queryRestaurantId":null,"restaurantId":null,"role":"SUPER_ADMIN","timestamp":"2026-07-27 18:03:10","userId":1}
{"level":"info","message":"Server running on http://localhost:5001","timestamp":"2026-07-28 10:55:16"}
{"endpoint":"full","level":"info","message":"Dashboard Request","queryRestaurantId":null,"restaurantId":1,"role":"ADMIN","timestamp":"2026-07-28 10:55:17","userId":31}
{"endpoint":"full","level":"info","message":"Dashboard Request","queryRestaurantId":null,"restaurantId":1,"role":"ADMIN","timestamp":"2026-07-28 10:56:53","userId":31}
{"level":"info","message":"Server running on http://localhost:5001","timestamp":"2026-07-28 11:07:21"}
{"endpoint":"full","level":"info","message":"Dashboard Request","queryRestaurantId":null,"restaurantId":1,"role":"ADMIN","timestamp":"2026-07-28 11:07:39","userId":31}
{"level":"info","message":"Server running on http://localhost:5001","timestamp":"2026-07-28 11:26:00"}
{"level":"info","message":"Server running on http://localhost:5001","timestamp":"2026-07-28 11:26:13"}
{"endpoint":"full","level":"info","message":"Dashboard Request","queryRestaurantId":null,"restaurantId":1,"role":"ADMIN","timestamp":"2026-07-28 11:31:06","userId":31}
{"level":"info","message":"Server running on http://localhost:5001","timestamp":"2026-07-28 11:38:22"}
{"level":"info","message":"Server running on http://localhost:5001","timestamp":"2026-07-28 11:38:29"}
{"endpoint":"full","level":"info","message":"Dashboard Request","queryRestaurantId":null,"restaurantId":1,"role":"ADMIN","timestamp":"2026-07-28 11:42:03","userId":31}
{"level":"info","message":"Server running on http://localhost:5001","timestamp":"2026-07-28 15:49:33"}
{"endpoint":"full","level":"info","message":"Dashboard Request","queryRestaurantId":null,"restaurantId":1,"role":"ADMIN","timestamp":"2026-07-28 15:50:19","userId":31}
{"endpoint":"full","level":"info","message":"Dashboard Request","queryRestaurantId":null,"restaurantId":1,"role":"ADMIN","timestamp":"2026-07-28 15:51:10","userId":31}
{"level":"info","message":"Server running on http://localhost:5001","timestamp":"2026-07-29 11:24:39"}
{"endpoint":"full","level":"info","message":"Dashboard Request","queryRestaurantId":null,"restaurantId":1,"role":"ADMIN","timestamp":"2026-07-29 11:29:30","userId":31}
{"level":"info","message":"Server running on http://localhost:5001","timestamp":"2026-07-29 12:12:54"}
{"level":"info","message":"Server running on http://localhost:5001","timestamp":"2026-07-29 12:16:16"}
{"level":"info","message":"Server running on http://localhost:5001","timestamp":"2026-07-29 12:16:43"}
{"level":"info","message":"Server running on http://localhost:5001","timestamp":"2026-07-29 12:17:41"}
{"level":"info","message":"Server running on http://localhost:5001","timestamp":"2026-07-29 12:18:17"}
{"level":"info","message":"Server running on http://localhost:5001","timestamp":"2026-07-29 12:18:26"}
{"endpoint":"full","level":"info","message":"Dashboard Request","queryRestaurantId":null,"restaurantId":1,"role":"ADMIN","timestamp":"2026-07-29 12:20:05","userId":31}
{"endpoint":"full","level":"info","message":"Dashboard Request","queryRestaurantId":null,"restaurantId":1,"role":"ADMIN","timestamp":"2026-07-29 12:21:26","userId":31}
{"endpoint":"full","level":"info","message":"Dashboard Request","queryRestaurantId":null,"restaurantId":1,"role":"ADMIN","timestamp":"2026-07-29 12:22:14","userId":31}
{"endpoint":"full","level":"info","message":"Dashboard Request","queryRestaurantId":null,"restaurantId":1,"role":"ADMIN","timestamp":"2026-07-29 12:22:54","userId":31}
{"endpoint":"full","level":"info","message":"Dashboard Request","queryRestaurantId":null,"restaurantId":1,"role":"ADMIN","timestamp":"2026-07-29 12:25:55","userId":31}
{"endpoint":"full","level":"info","message":"Dashboard Request","queryRestaurantId":null,"restaurantId":1,"role":"ADMIN","timestamp":"2026-07-29 12:26:19","userId":31}
{"endpoint":"full","level":"info","message":"Dashboard Request","queryRestaurantId":null,"restaurantId":1,"role":"ADMIN","timestamp":"2026-07-29 12:26:54","userId":31}
{"endpoint":"full","level":"info","message":"Dashboard Request","queryRestaurantId":null,"restaurantId":1,"role":"ADMIN","timestamp":"2026-07-29 12:27:36","userId":31}
{"endpoint":"full","level":"info","message":"Dashboard Request","queryRestaurantId":null,"restaurantId":1,"role":"ADMIN","timestamp":"2026-07-29 12:37:11","userId":31}
{"endpoint":"full","level":"info","message":"Dashboard Request","queryRestaurantId":null,"restaurantId":1,"role":"ADMIN","timestamp":"2026-07-29 12:37:19","userId":31}
{"endpoint":"full","level":"info","message":"Dashboard Request","queryRestaurantId":null,"restaurantId":1,"role":"ADMIN","timestamp":"2026-07-29 12:37:30","userId":31}
{"endpoint":"full","level":"info","message":"Dashboard Request","queryRestaurantId":null,"restaurantId":1,"role":"ADMIN","timestamp":"2026-07-29 12:37:38","userId":31}
{"endpoint":"full","level":"info","message":"Dashboard Request","queryRestaurantId":null,"restaurantId":1,"role":"ADMIN","timestamp":"2026-07-29 12:37:56","userId":31}
{"endpoint":"full","level":"info","message":"Dashboard Request","queryRestaurantId":null,"restaurantId":1,"role":"ADMIN","timestamp":"2026-07-29 12:38:51","userId":31}
{"endpoint":"full","level":"info","message":"Dashboard Request","queryRestaurantId":null,"restaurantId":1,"role":"ADMIN","timestamp":"2026-07-29 12:39:45","userId":31}
{"endpoint":"full","level":"info","message":"Dashboard Request","queryRestaurantId":null,"restaurantId":1,"role":"ADMIN","timestamp":"2026-07-29 12:41:44","userId":31}
{"endpoint":"full","level":"info","message":"Dashboard Request","queryRestaurantId":null,"restaurantId":1,"role":"ADMIN","timestamp":"2026-07-29 12:43:06","userId":31}
{"endpoint":"full","level":"info","message":"Dashboard Request","queryRestaurantId":null,"restaurantId":1,"role":"ADMIN","timestamp":"2026-07-29 12:44:30","userId":31}
{"endpoint":"full","level":"info","message":"Dashboard Request","queryRestaurantId":null,"restaurantId":1,"role":"ADMIN","timestamp":"2026-07-29 12:51:57","userId":31}
{"endpoint":"full","level":"info","message":"Dashboard Request","queryRestaurantId":null,"restaurantId":1,"role":"ADMIN","timestamp":"2026-07-29 12:52:27","userId":31}
{"endpoint":"full","level":"info","message":"Dashboard Request","queryRestaurantId":null,"restaurantId":1,"role":"ADMIN","timestamp":"2026-07-29 12:52:58","userId":31}
{"endpoint":"full","level":"info","message":"Dashboard Request","queryRestaurantId":null,"restaurantId":1,"role":"ADMIN","timestamp":"2026-07-29 12:53:29","userId":31}
{"endpoint":"full","level":"info","message":"Dashboard Request","queryRestaurantId":null,"restaurantId":1,"role":"ADMIN","timestamp":"2026-07-29 12:53:59","userId":31}
{"endpoint":"full","level":"info","message":"Dashboard Request","queryRestaurantId":null,"restaurantId":1,"role":"ADMIN","timestamp":"2026-07-29 12:54:29","userId":31}
{"endpoint":"full","level":"info","message":"Dashboard Request","queryRestaurantId":null,"restaurantId":1,"role":"ADMIN","timestamp":"2026-07-29 12:54:59","userId":31}
{"endpoint":"full","level":"info","message":"Dashboard Request","queryRestaurantId":null,"restaurantId":1,"role":"ADMIN","timestamp":"2026-07-29 12:55:29","userId":31}
{"endpoint":"full","level":"info","message":"Dashboard Request","queryRestaurantId":null,"restaurantId":1,"role":"ADMIN","timestamp":"2026-07-29 12:55:59","userId":31}
{"endpoint":"full","level":"info","message":"Dashboard Request","queryRestaurantId":null,"restaurantId":1,"role":"ADMIN","timestamp":"2026-07-29 12:56:30","userId":31}
{"endpoint":"full","level":"info","message":"Dashboard Request","queryRestaurantId":null,"restaurantId":1,"role":"ADMIN","timestamp":"2026-07-29 12:57:02","userId":31}
{"endpoint":"full","level":"info","message":"Dashboard Request","queryRestaurantId":null,"restaurantId":1,"role":"ADMIN","timestamp":"2026-07-29 12:57:35","userId":31}
{"endpoint":"full","level":"info","message":"Dashboard Request","queryRestaurantId":null,"restaurantId":1,"role":"ADMIN","timestamp":"2026-07-29 12:58:08","userId":31}
{"level":"info","message":"Server running on http://localhost:5001","timestamp":"2026-07-29 12:59:03"}
{"endpoint":"full","level":"info","message":"Dashboard Request","queryRestaurantId":null,"restaurantId":1,"role":"ADMIN","timestamp":"2026-07-29 12:59:08","userId":31}
{"endpoint":"full","level":"info","message":"Dashboard Request","queryRestaurantId":null,"restaurantId":1,"role":"ADMIN","timestamp":"2026-07-29 12:59:41","userId":31}
{"endpoint":"full","level":"info","message":"Dashboard Request","queryRestaurantId":null,"restaurantId":1,"role":"ADMIN","timestamp":"2026-07-29 13:00:14","userId":31}
{"endpoint":"full","level":"info","message":"Dashboard Request","queryRestaurantId":null,"restaurantId":1,"role":"ADMIN","timestamp":"2026-07-29 13:00:47","userId":31}
{"endpoint":"full","level":"info","message":"Dashboard Request","queryRestaurantId":null,"restaurantId":1,"role":"ADMIN","timestamp":"2026-07-29 13:00:55","userId":31}
{"endpoint":"full","level":"info","message":"Dashboard Request","queryRestaurantId":null,"restaurantId":1,"role":"ADMIN","timestamp":"2026-07-29 13:01:14","userId":31}
{"endpoint":"full","level":"info","message":"Dashboard Request","queryRestaurantId":null,"restaurantId":1,"role":"ADMIN","timestamp":"2026-07-29 13:06:18","userId":31}
{"level":"info","message":"Server running on http://localhost:5001","timestamp":"2026-07-29 13:14:35"}
{"level":"info","message":"Server running on http://localhost:5001","timestamp":"2026-07-29 13:14:43"}
{"level":"info","message":"Server running on http://localhost:5001","timestamp":"2026-07-29 13:16:07"}
{"level":"info","message":"Server running on http://localhost:5001","timestamp":"2026-07-29 13:22:51"}
{"endpoint":"full","level":"info","message":"Dashboard Request","queryRestaurantId":null,"restaurantId":1,"role":"ADMIN","timestamp":"2026-07-29 13:23:18","userId":31}
{"endpoint":"full","level":"info","message":"Dashboard Request","queryRestaurantId":null,"restaurantId":1,"role":"ADMIN","timestamp":"2026-07-29 13:23:48","userId":31}
{"endpoint":"full","level":"info","message":"Dashboard Request","queryRestaurantId":null,"restaurantId":1,"role":"ADMIN","timestamp":"2026-07-29 13:41:10","userId":31}
{"endpoint":"full","level":"info","message":"Dashboard Request","queryRestaurantId":null,"restaurantId":1,"role":"ADMIN","timestamp":"2026-07-29 13:43:54","userId":31}
{"endpoint":"full","level":"info","message":"Dashboard Request","queryRestaurantId":null,"restaurantId":1,"role":"ADMIN","timestamp":"2026-07-29 13:45:08","userId":31}
{"endpoint":"full","level":"info","message":"Dashboard Request","queryRestaurantId":null,"restaurantId":1,"role":"ADMIN","timestamp":"2026-07-29 13:52:15","userId":31}
{"endpoint":"full","level":"info","message":"Dashboard Request","queryRestaurantId":null,"restaurantId":1,"role":"ADMIN","timestamp":"2026-07-29 13:54:23","userId":31}
{"endpoint":"full","level":"info","message":"Dashboard Request","queryRestaurantId":null,"restaurantId":1,"role":"ADMIN","timestamp":"2026-07-29 13:54:53","userId":31}
{"endpoint":"full","level":"info","message":"Dashboard Request","queryRestaurantId":null,"restaurantId":1,"role":"ADMIN","timestamp":"2026-07-29 13:55:24","userId":31}
{"endpoint":"full","level":"info","message":"Dashboard Request","queryRestaurantId":null,"restaurantId":1,"role":"ADMIN","timestamp":"2026-07-29 13:55:55","userId":31}
{"endpoint":"full","level":"info","message":"Dashboard Request","queryRestaurantId":null,"restaurantId":1,"role":"ADMIN","timestamp":"2026-07-29 13:56:25","userId":31}
{"endpoint":"full","level":"info","message":"Dashboard Request","queryRestaurantId":null,"restaurantId":1,"role":"ADMIN","timestamp":"2026-07-29 13:56:56","userId":31}
{"endpoint":"full","level":"info","message":"Dashboard Request","queryRestaurantId":null,"restaurantId":1,"role":"ADMIN","timestamp":"2026-07-29 13:57:27","userId":31}
{"endpoint":"full","level":"info","message":"Dashboard Request","queryRestaurantId":null,"restaurantId":1,"role":"ADMIN","timestamp":"2026-07-29 13:57:38","userId":31}
{"endpoint":"full","level":"info","message":"Dashboard Request","queryRestaurantId":null,"restaurantId":1,"role":"ADMIN","timestamp":"2026-07-29 13:57:57","userId":31}
{"endpoint":"full","level":"info","message":"Dashboard Request","queryRestaurantId":null,"restaurantId":1,"role":"ADMIN","timestamp":"2026-07-29 13:58:27","userId":31}
{"endpoint":"full","level":"info","message":"Dashboard Request","queryRestaurantId":null,"restaurantId":1,"role":"ADMIN","timestamp":"2026-07-29 13:58:57","userId":31}
{"endpoint":"full","level":"info","message":"Dashboard Request","queryRestaurantId":null,"restaurantId":1,"role":"ADMIN","timestamp":"2026-07-29 14:00:24","userId":31}
{"endpoint":"full","level":"info","message":"Dashboard Request","queryRestaurantId":null,"restaurantId":1,"role":"ADMIN","timestamp":"2026-07-29 14:02:51","userId":31}
{"endpoint":"full","level":"info","message":"Dashboard Request","queryRestaurantId":null,"restaurantId":1,"role":"ADMIN","timestamp":"2026-07-29 14:03:52","userId":31}
{"endpoint":"full","level":"info","message":"Dashboard Request","queryRestaurantId":null,"restaurantId":1,"role":"ADMIN","timestamp":"2026-07-29 14:04:22","userId":31}
{"endpoint":"full","level":"info","message":"Dashboard Request","queryRestaurantId":null,"restaurantId":1,"role":"ADMIN","timestamp":"2026-07-29 14:04:52","userId":31}
{"endpoint":"full","level":"info","message":"Dashboard Request","queryRestaurantId":null,"restaurantId":1,"role":"ADMIN","timestamp":"2026-07-29 14:05:24","userId":31}
{"endpoint":"full","level":"info","message":"Dashboard Request","queryRestaurantId":null,"restaurantId":1,"role":"ADMIN","timestamp":"2026-07-29 14:05:56","userId":31}
{"endpoint":"full","level":"info","message":"Dashboard Request","queryRestaurantId":null,"restaurantId":1,"role":"ADMIN","timestamp":"2026-07-29 14:06:29","userId":31}
{"endpoint":"full","level":"info","message":"Dashboard Request","queryRestaurantId":null,"restaurantId":1,"role":"ADMIN","timestamp":"2026-07-29 14:07:00","userId":31}
{"endpoint":"full","level":"info","message":"Dashboard Request","queryRestaurantId":null,"restaurantId":1,"role":"ADMIN","timestamp":"2026-07-29 14:07:33","userId":31}
{"endpoint":"full","level":"info","message":"Dashboard Request","queryRestaurantId":null,"restaurantId":1,"role":"ADMIN","timestamp":"2026-07-29 14:08:05","userId":31}
{"endpoint":"full","level":"info","message":"Dashboard Request","queryRestaurantId":null,"restaurantId":1,"role":"ADMIN","timestamp":"2026-07-29 14:08:38","userId":31}
{"endpoint":"full","level":"info","message":"Dashboard Request","queryRestaurantId":null,"restaurantId":1,"role":"ADMIN","timestamp":"2026-07-29 14:09:11","userId":31}
{"endpoint":"full","level":"info","message":"Dashboard Request","queryRestaurantId":null,"restaurantId":1,"role":"ADMIN","timestamp":"2026-07-29 14:09:44","userId":31}
{"endpoint":"full","level":"info","message":"Dashboard Request","queryRestaurantId":null,"restaurantId":1,"role":"ADMIN","timestamp":"2026-07-29 14:10:17","userId":31}
{"endpoint":"full","level":"info","message":"Dashboard Request","queryRestaurantId":null,"restaurantId":1,"role":"ADMIN","timestamp":"2026-07-29 14:10:50","userId":31}
{"endpoint":"full","level":"info","message":"Dashboard Request","queryRestaurantId":null,"restaurantId":1,"role":"ADMIN","timestamp":"2026-07-29 14:11:22","userId":31}
{"endpoint":"full","level":"info","message":"Dashboard Request","queryRestaurantId":null,"restaurantId":1,"role":"ADMIN","timestamp":"2026-07-29 14:11:55","userId":31}
{"endpoint":"full","level":"info","message":"Dashboard Request","queryRestaurantId":null,"restaurantId":1,"role":"ADMIN","timestamp":"2026-07-29 14:12:28","userId":31}
{"endpoint":"full","level":"info","message":"Dashboard Request","queryRestaurantId":null,"restaurantId":1,"role":"ADMIN","timestamp":"2026-07-29 14:13:00","userId":31}
{"endpoint":"full","level":"info","message":"Dashboard Request","queryRestaurantId":null,"restaurantId":1,"role":"ADMIN","timestamp":"2026-07-29 14:13:33","userId":31}
{"endpoint":"full","level":"info","message":"Dashboard Request","queryRestaurantId":null,"restaurantId":1,"role":"ADMIN","timestamp":"2026-07-29 14:14:06","userId":31}
{"endpoint":"full","level":"info","message":"Dashboard Request","queryRestaurantId":null,"restaurantId":1,"role":"ADMIN","timestamp":"2026-07-29 15:05:44","userId":31}
{"endpoint":"full","level":"info","message":"Dashboard Request","queryRestaurantId":null,"restaurantId":1,"role":"ADMIN","timestamp":"2026-07-29 15:06:14","userId":31}
{"endpoint":"full","level":"info","message":"Dashboard Request","queryRestaurantId":null,"restaurantId":1,"role":"ADMIN","timestamp":"2026-07-29 15:06:46","userId":31}
{"endpoint":"full","level":"info","message":"Dashboard Request","queryRestaurantId":null,"restaurantId":1,"role":"ADMIN","timestamp":"2026-07-29 15:07:19","userId":31}
{"endpoint":"full","level":"info","message":"Dashboard Request","queryRestaurantId":null,"restaurantId":1,"role":"ADMIN","timestamp":"2026-07-29 15:07:49","userId":31}
{"endpoint":"full","level":"info","message":"Dashboard Request","queryRestaurantId":null,"restaurantId":1,"role":"ADMIN","timestamp":"2026-07-29 15:08:22","userId":31}
{"endpoint":"full","level":"info","message":"Dashboard Request","queryRestaurantId":null,"restaurantId":1,"role":"ADMIN","timestamp":"2026-07-29 15:08:54","userId":31}
{"endpoint":"full","level":"info","message":"Dashboard Request","queryRestaurantId":null,"restaurantId":1,"role":"ADMIN","timestamp":"2026-07-29 15:09:26","userId":31}
{"endpoint":"full","level":"info","message":"Dashboard Request","queryRestaurantId":null,"restaurantId":1,"role":"ADMIN","timestamp":"2026-07-29 15:09:56","userId":31}
{"endpoint":"full","level":"info","message":"Dashboard Request","queryRestaurantId":null,"restaurantId":1,"role":"ADMIN","timestamp":"2026-07-29 15:10:27","userId":31}
{"endpoint":"full","level":"info","message":"Dashboard Request","queryRestaurantId":null,"restaurantId":1,"role":"ADMIN","timestamp":"2026-07-29 15:10:57","userId":31}
{"endpoint":"full","level":"info","message":"Dashboard Request","queryRestaurantId":null,"restaurantId":1,"role":"ADMIN","timestamp":"2026-07-29 15:11:28","userId":31}
{"endpoint":"full","level":"info","message":"Dashboard Request","queryRestaurantId":null,"restaurantId":1,"role":"ADMIN","timestamp":"2026-07-29 15:11:58","userId":31}
{"endpoint":"full","level":"info","message":"Dashboard Request","queryRestaurantId":null,"restaurantId":1,"role":"ADMIN","timestamp":"2026-07-29 15:12:28","userId":31}
{"endpoint":"full","level":"info","message":"Dashboard Request","queryRestaurantId":null,"restaurantId":1,"role":"ADMIN","timestamp":"2026-07-29 15:12:59","userId":31}
{"endpoint":"full","level":"info","message":"Dashboard Request","queryRestaurantId":null,"restaurantId":1,"role":"ADMIN","timestamp":"2026-07-29 15:13:30","userId":31}
{"endpoint":"full","level":"info","message":"Dashboard Request","queryRestaurantId":null,"restaurantId":1,"role":"ADMIN","timestamp":"2026-07-29 15:14:00","userId":31}
{"endpoint":"full","level":"info","message":"Dashboard Request","queryRestaurantId":null,"restaurantId":1,"role":"ADMIN","timestamp":"2026-07-29 15:14:30","userId":31}
{"endpoint":"full","level":"info","message":"Dashboard Request","queryRestaurantId":null,"restaurantId":1,"role":"ADMIN","timestamp":"2026-07-29 15:15:01","userId":31}
{"endpoint":"full","level":"info","message":"Dashboard Request","queryRestaurantId":null,"restaurantId":1,"role":"ADMIN","timestamp":"2026-07-29 15:15:31","userId":31}
{"endpoint":"full","level":"info","message":"Dashboard Request","queryRestaurantId":null,"restaurantId":1,"role":"ADMIN","timestamp":"2026-07-29 15:17:15","userId":31}
{"endpoint":"full","level":"info","message":"Dashboard Request","queryRestaurantId":null,"restaurantId":1,"role":"ADMIN","timestamp":"2026-07-29 15:17:21","userId":31}
{"endpoint":"full","level":"info","message":"Dashboard Request","queryRestaurantId":null,"restaurantId":1,"role":"ADMIN","timestamp":"2026-07-29 15:17:29","userId":31}
{"endpoint":"full","level":"info","message":"Dashboard Request","queryRestaurantId":null,"restaurantId":1,"role":"ADMIN","timestamp":"2026-07-29 15:17:59","userId":31}
{"endpoint":"full","level":"info","message":"Dashboard Request","queryRestaurantId":null,"restaurantId":1,"role":"ADMIN","timestamp":"2026-07-29 15:18:29","userId":31}
{"endpoint":"full","level":"info","message":"Dashboard Request","queryRestaurantId":null,"restaurantId":1,"role":"ADMIN","timestamp":"2026-07-29 15:19:00","userId":31}
{"endpoint":"full","level":"info","message":"Dashboard Request","queryRestaurantId":null,"restaurantId":1,"role":"ADMIN","timestamp":"2026-07-29 15:19:30","userId":31}
{"endpoint":"full","level":"info","message":"Dashboard Request","queryRestaurantId":null,"restaurantId":1,"role":"ADMIN","timestamp":"2026-07-29 15:20:00","userId":31}
{"endpoint":"full","level":"info","message":"Dashboard Request","queryRestaurantId":null,"restaurantId":1,"role":"ADMIN","timestamp":"2026-07-29 15:20:30","userId":31}
{"endpoint":"full","level":"info","message":"Dashboard Request","queryRestaurantId":null,"restaurantId":1,"role":"ADMIN","timestamp":"2026-07-29 15:21:00","userId":31}
{"endpoint":"full","level":"info","message":"Dashboard Request","queryRestaurantId":null,"restaurantId":1,"role":"ADMIN","timestamp":"2026-07-29 15:21:30","userId":31}
{"endpoint":"full","level":"info","message":"Dashboard Request","queryRestaurantId":null,"restaurantId":1,"role":"ADMIN","timestamp":"2026-07-29 15:22:00","userId":31}
{"endpoint":"full","level":"info","message":"Dashboard Request","queryRestaurantId":null,"restaurantId":1,"role":"ADMIN","timestamp":"2026-07-29 15:22:30","userId":31}
{"endpoint":"full","level":"info","message":"Dashboard Request","queryRestaurantId":null,"restaurantId":1,"role":"ADMIN","timestamp":"2026-07-29 15:25:43","userId":31}
{"endpoint":"full","level":"info","message":"Dashboard Request","queryRestaurantId":null,"restaurantId":1,"role":"ADMIN","timestamp":"2026-07-29 15:25:51","userId":31}
{"endpoint":"full","level":"info","message":"Dashboard Request","queryRestaurantId":null,"restaurantId":1,"role":"ADMIN","timestamp":"2026-07-29 15:38:52","userId":31}
{"endpoint":"full","level":"info","message":"Dashboard Request","queryRestaurantId":null,"restaurantId":1,"role":"ADMIN","timestamp":"2026-07-29 15:39:54","userId":31}
{"level":"info","message":"Server running on http://localhost:5001","timestamp":"2026-07-29 15:57:26"}
{"level":"info","message":"Server running on http://localhost:5001","timestamp":"2026-07-29 17:07:52"}
{"level":"info","message":"Server running on http://localhost:5001","timestamp":"2026-07-29 17:09:26"}
{"level":"info","message":"Server running on http://localhost:5001","timestamp":"2026-07-29 17:09:42"}
{"level":"info","message":"Server running on http://localhost:5001","timestamp":"2026-07-29 17:10:29"}
{"level":"info","message":"Server running on http://localhost:5001","timestamp":"2026-07-29 17:10:50"}
{"level":"info","message":"Server running on http://localhost:5001","timestamp":"2026-07-29 17:11:01"}
{"level":"info","message":"Server running on http://localhost:5001","timestamp":"2026-07-29 17:11:20"}
{"level":"info","message":"Server running on http://localhost:5001","timestamp":"2026-07-29 17:12:19"}
{"level":"info","message":"Server running on http://localhost:5001","timestamp":"2026-07-29 17:12:31"}
{"level":"info","message":"Server running on http://localhost:5001","timestamp":"2026-07-29 17:12:51"}
{"level":"info","message":"Server running on http://localhost:5001","timestamp":"2026-07-29 17:13:10"}
{"level":"info","message":"Server running on http://localhost:5001","timestamp":"2026-07-29 17:13:52"}
{"endpoint":"full","level":"info","message":"Dashboard Request","queryRestaurantId":null,"restaurantId":2,"role":"ADMIN","timestamp":"2026-07-29 17:18:34","userId":47}
{"endpoint":"full","level":"info","message":"Dashboard Request","queryRestaurantId":null,"restaurantId":2,"role":"ADMIN","timestamp":"2026-07-29 17:19:44","userId":47}
{"endpoint":"full","level":"info","message":"Dashboard Request","queryRestaurantId":null,"restaurantId":1,"role":"ADMIN","timestamp":"2026-07-29 17:21:10","userId":31}
{"level":"warn","message":"Access denied","method":"GET","path":"/api/super-admin/subscriptions?page=1&limit=20","requiredRoles":["SUPER_ADMIN"],"role":"ADMIN","timestamp":"2026-07-29 17:29:05","userId":31}
{"level":"warn","message":"Access denied","method":"GET","path":"/api/super-admin/users?page=1&limit=20","requiredRoles":["SUPER_ADMIN"],"role":"ADMIN","timestamp":"2026-07-29 17:29:07","userId":31}
{"endpoint":"full","level":"info","message":"Dashboard Request","queryRestaurantId":null,"restaurantId":1,"role":"ADMIN","timestamp":"2026-07-29 17:29:14","userId":31}
{"level":"info","message":"Server running on http://localhost:5001","timestamp":"2026-07-29 17:42:11"}
{"endpoint":"full","level":"info","message":"Dashboard Request","queryRestaurantId":null,"restaurantId":1,"role":"ADMIN","timestamp":"2026-07-29 17:42:51","userId":31}
{"level":"info","message":"Server running on http://localhost:5001","timestamp":"2026-07-29 17:43:25"}
{"endpoint":"full","level":"info","message":"Dashboard Request","queryRestaurantId":null,"restaurantId":1,"role":"ADMIN","timestamp":"2026-07-29 17:43:27","userId":31}
{"endpoint":"full","level":"info","message":"Dashboard Request","queryRestaurantId":null,"restaurantId":1,"role":"ADMIN","timestamp":"2026-07-29 17:43:57","userId":31}
{"endpoint":"full","level":"info","message":"Dashboard Request","queryRestaurantId":null,"restaurantId":1,"role":"ADMIN","timestamp":"2026-07-29 17:44:27","userId":31}
{"endpoint":"full","level":"info","message":"Dashboard Request","queryRestaurantId":null,"restaurantId":1,"role":"ADMIN","timestamp":"2026-07-29 17:45:00","userId":31}
{"endpoint":"full","level":"info","message":"Dashboard Request","queryRestaurantId":null,"restaurantId":1,"role":"ADMIN","timestamp":"2026-07-29 17:45:32","userId":31}
{"endpoint":"full","level":"info","message":"Dashboard Request","queryRestaurantId":null,"restaurantId":1,"role":"ADMIN","timestamp":"2026-07-29 17:46:05","userId":31}
{"endpoint":"full","level":"info","message":"Dashboard Request","queryRestaurantId":null,"restaurantId":1,"role":"ADMIN","timestamp":"2026-07-29 17:46:39","userId":31}
{"endpoint":"full","level":"info","message":"Dashboard Request","queryRestaurantId":null,"restaurantId":1,"role":"ADMIN","timestamp":"2026-07-29 17:47:11","userId":31}
{"endpoint":"full","level":"info","message":"Dashboard Request","queryRestaurantId":null,"restaurantId":1,"role":"ADMIN","timestamp":"2026-07-29 17:47:44","userId":31}
{"endpoint":"full","level":"info","message":"Dashboard Request","queryRestaurantId":null,"restaurantId":1,"role":"ADMIN","timestamp":"2026-07-29 17:48:17","userId":31}
{"endpoint":"full","level":"info","message":"Dashboard Request","queryRestaurantId":null,"restaurantId":1,"role":"ADMIN","timestamp":"2026-07-29 17:48:50","userId":31}
{"endpoint":"full","level":"info","message":"Dashboard Request","queryRestaurantId":null,"restaurantId":1,"role":"ADMIN","timestamp":"2026-07-29 17:49:23","userId":31}
{"endpoint":"full","level":"info","message":"Dashboard Request","queryRestaurantId":null,"restaurantId":1,"role":"ADMIN","timestamp":"2026-07-29 17:49:53","userId":31}
{"endpoint":"full","level":"info","message":"Dashboard Request","queryRestaurantId":null,"restaurantId":1,"role":"ADMIN","timestamp":"2026-07-29 17:50:26","userId":31}
{"endpoint":"full","level":"info","message":"Dashboard Request","queryRestaurantId":null,"restaurantId":1,"role":"ADMIN","timestamp":"2026-07-29 17:50:58","userId":31}
{"endpoint":"full","level":"info","message":"Dashboard Request","queryRestaurantId":null,"restaurantId":1,"role":"ADMIN","timestamp":"2026-07-29 17:51:31","userId":31}
{"endpoint":"full","level":"info","message":"Dashboard Request","queryRestaurantId":null,"restaurantId":1,"role":"ADMIN","timestamp":"2026-07-29 17:52:04","userId":31}
{"endpoint":"full","level":"info","message":"Dashboard Request","queryRestaurantId":null,"restaurantId":1,"role":"ADMIN","timestamp":"2026-07-29 17:52:37","userId":31}
{"endpoint":"full","level":"info","message":"Dashboard Request","queryRestaurantId":null,"restaurantId":1,"role":"ADMIN","timestamp":"2026-07-29 17:53:10","userId":31}
{"endpoint":"full","level":"info","message":"Dashboard Request","queryRestaurantId":null,"restaurantId":1,"role":"ADMIN","timestamp":"2026-07-29 17:53:29","userId":31}
{"endpoint":"full","level":"info","message":"Dashboard Request","queryRestaurantId":null,"restaurantId":1,"role":"ADMIN","timestamp":"2026-07-29 17:54:00","userId":31}
{"endpoint":"full","level":"info","message":"Dashboard Request","queryRestaurantId":null,"restaurantId":1,"role":"ADMIN","timestamp":"2026-07-29 17:54:29","userId":31}
{"endpoint":"full","level":"info","message":"Dashboard Request","queryRestaurantId":null,"restaurantId":1,"role":"ADMIN","timestamp":"2026-07-29 18:06:42","userId":31}
{"endpoint":"full","level":"info","message":"Dashboard Request","queryRestaurantId":null,"restaurantId":1,"role":"ADMIN","timestamp":"2026-07-29 18:07:11","userId":31}
{"endpoint":"full","level":"info","message":"Dashboard Request","queryRestaurantId":null,"restaurantId":1,"role":"ADMIN","timestamp":"2026-07-29 18:07:42","userId":31}
{"endpoint":"full","level":"info","message":"Dashboard Request","queryRestaurantId":null,"restaurantId":1,"role":"ADMIN","timestamp":"2026-07-29 18:08:15","userId":31}
{"endpoint":"full","level":"info","message":"Dashboard Request","queryRestaurantId":null,"restaurantId":1,"role":"ADMIN","timestamp":"2026-07-29 18:08:34","userId":31}
{"level":"info","message":"Server running on http://localhost:5001","timestamp":"2026-07-29 18:13:49"}
{"endpoint":"full","level":"info","message":"Dashboard Request","queryRestaurantId":null,"restaurantId":1,"role":"ADMIN","timestamp":"2026-07-29 18:13:54","userId":31}
{"endpoint":"full","level":"info","message":"Dashboard Request","queryRestaurantId":null,"restaurantId":1,"role":"ADMIN","timestamp":"2026-07-29 18:14:24","userId":31}
{"endpoint":"full","level":"info","message":"Dashboard Request","queryRestaurantId":null,"restaurantId":1,"role":"ADMIN","timestamp":"2026-07-29 18:14:37","userId":31}
{"level":"info","message":"Server running on http://localhost:5001","timestamp":"2026-07-29 18:17:08"}
{"endpoint":"full","level":"info","message":"Dashboard Request","queryRestaurantId":null,"restaurantId":1,"role":"ADMIN","timestamp":"2026-07-29 18:17:49","userId":31}
{"level":"info","message":"Server running on http://localhost:5001","timestamp":"2026-07-29 18:29:24"}
{"level":"info","message":"Server running on http://localhost:5001","timestamp":"2026-07-29 18:31:55"}
{"endpoint":"full","level":"info","message":"Dashboard Request","queryRestaurantId":null,"restaurantId":1,"role":"ADMIN","timestamp":"2026-07-29 18:32:02","userId":31}
{"endpoint":"full","level":"info","message":"Dashboard Request","queryRestaurantId":null,"restaurantId":1,"role":"ADMIN","timestamp":"2026-07-29 18:32:12","userId":31}
{"endpoint":"full","level":"info","message":"Dashboard Request","queryRestaurantId":null,"restaurantId":1,"role":"ADMIN","timestamp":"2026-07-29 18:45:40","userId":31}
{"endpoint":"full","level":"info","message":"Dashboard Request","queryRestaurantId":null,"restaurantId":2,"role":"ADMIN","timestamp":"2026-07-29 18:48:33","userId":47}
{"endpoint":"full","level":"info","message":"Dashboard Request","queryRestaurantId":null,"restaurantId":2,"role":"ADMIN","timestamp":"2026-07-29 18:48:53","userId":47}
{"endpoint":"full","level":"info","message":"Dashboard Request","queryRestaurantId":null,"restaurantId":2,"role":"ADMIN","timestamp":"2026-07-29 18:49:07","userId":47}
{"endpoint":"full","level":"info","message":"Dashboard Request","queryRestaurantId":null,"restaurantId":2,"role":"ADMIN","timestamp":"2026-07-29 18:55:17","userId":47}
{"endpoint":"full","level":"info","message":"Dashboard Request","queryRestaurantId":null,"restaurantId":2,"role":"MANAGER","timestamp":"2026-07-29 18:55:28","userId":48}
{"endpoint":"full","level":"info","message":"Dashboard Request","queryRestaurantId":null,"restaurantId":2,"role":"MANAGER","timestamp":"2026-07-29 18:55:58","userId":48}
{"endpoint":"full","level":"info","message":"Dashboard Request","queryRestaurantId":null,"restaurantId":2,"role":"ADMIN","timestamp":"2026-07-29 18:56:47","userId":47}
{"endpoint":"full","level":"info","message":"Dashboard Request","queryRestaurantId":null,"restaurantId":2,"role":"ADMIN","timestamp":"2026-07-29 18:58:32","userId":47}
{"endpoint":"full","level":"info","message":"Dashboard Request","queryRestaurantId":null,"restaurantId":2,"role":"ADMIN","timestamp":"2026-07-29 18:59:02","userId":47}
{"endpoint":"full","level":"info","message":"Dashboard Request","queryRestaurantId":null,"restaurantId":2,"role":"ADMIN","timestamp":"2026-07-29 18:59:32","userId":47}
{"endpoint":"full","level":"info","message":"Dashboard Request","queryRestaurantId":null,"restaurantId":2,"role":"ADMIN","timestamp":"2026-07-29 19:00:02","userId":47}
{"endpoint":"full","level":"info","message":"Dashboard Request","queryRestaurantId":null,"restaurantId":2,"role":"ADMIN","timestamp":"2026-07-29 19:00:32","userId":47}
{"endpoint":"full","level":"info","message":"Dashboard Request","queryRestaurantId":null,"restaurantId":2,"role":"ADMIN","timestamp":"2026-07-29 19:01:05","userId":47}
{"endpoint":"full","level":"info","message":"Dashboard Request","queryRestaurantId":null,"restaurantId":2,"role":"ADMIN","timestamp":"2026-07-29 19:01:35","userId":47}
{"endpoint":"full","level":"info","message":"Dashboard Request","queryRestaurantId":null,"restaurantId":2,"role":"ADMIN","timestamp":"2026-07-29 19:02:07","userId":47}
{"endpoint":"full","level":"info","message":"Dashboard Request","queryRestaurantId":null,"restaurantId":2,"role":"ADMIN","timestamp":"2026-07-29 19:02:39","userId":47}
{"endpoint":"full","level":"info","message":"Dashboard Request","queryRestaurantId":null,"restaurantId":2,"role":"ADMIN","timestamp":"2026-07-29 19:03:12","userId":47}
{"endpoint":"full","level":"info","message":"Dashboard Request","queryRestaurantId":null,"restaurantId":2,"role":"ADMIN","timestamp":"2026-07-29 19:03:43","userId":47}
{"endpoint":"full","level":"info","message":"Dashboard Request","queryRestaurantId":null,"restaurantId":2,"role":"ADMIN","timestamp":"2026-07-29 19:04:16","userId":47}
{"endpoint":"full","level":"info","message":"Dashboard Request","queryRestaurantId":null,"restaurantId":2,"role":"ADMIN","timestamp":"2026-07-29 19:04:46","userId":47}
{"level":"info","message":"Server running on http://localhost:5001","timestamp":"2026-07-29 19:05:15"}
{"endpoint":"full","level":"info","message":"Dashboard Request","queryRestaurantId":null,"restaurantId":2,"role":"ADMIN","timestamp":"2026-07-29 19:05:19","userId":47}
{"endpoint":"full","level":"info","message":"Dashboard Request","queryRestaurantId":null,"restaurantId":2,"role":"ADMIN","timestamp":"2026-07-29 19:05:49","userId":47}
{"endpoint":"full","level":"info","message":"Dashboard Request","queryRestaurantId":null,"restaurantId":2,"role":"ADMIN","timestamp":"2026-07-29 19:06:22","userId":47}
{"endpoint":"full","level":"info","message":"Dashboard Request","queryRestaurantId":null,"restaurantId":2,"role":"ADMIN","timestamp":"2026-07-29 19:06:55","userId":47}
{"endpoint":"full","level":"info","message":"Dashboard Request","queryRestaurantId":null,"restaurantId":2,"role":"ADMIN","timestamp":"2026-07-29 19:07:28","userId":47}
{"endpoint":"full","level":"info","message":"Dashboard Request","queryRestaurantId":null,"restaurantId":2,"role":"ADMIN","timestamp":"2026-07-29 19:07:52","userId":47}
{"endpoint":"full","level":"info","message":"Dashboard Request","queryRestaurantId":null,"restaurantId":2,"role":"ADMIN","timestamp":"2026-07-29 19:08:06","userId":47}
{"endpoint":"full","level":"info","message":"Dashboard Request","queryRestaurantId":null,"restaurantId":2,"role":"ADMIN","timestamp":"2026-07-29 19:08:22","userId":47}
{"endpoint":"full","level":"info","message":"Dashboard Request","queryRestaurantId":null,"restaurantId":2,"role":"ADMIN","timestamp":"2026-07-29 19:08:33","userId":47}
{"endpoint":"full","level":"info","message":"Dashboard Request","queryRestaurantId":null,"restaurantId":2,"role":"ADMIN","timestamp":"2026-07-29 19:08:34","userId":47}
{"endpoint":"full","level":"info","message":"Dashboard Request","queryRestaurantId":null,"restaurantId":2,"role":"ADMIN","timestamp":"2026-07-29 19:08:52","userId":47}
{"level":"info","message":"Checking expired subscriptions...","timestamp":"2026-07-30 00:00:00"}
{"endpoint":"full","level":"info","message":"Dashboard Request","queryRestaurantId":null,"restaurantId":1,"role":"ADMIN","timestamp":"2026-07-30 10:38:45","userId":31}
{"endpoint":"full","level":"info","message":"Dashboard Request","queryRestaurantId":null,"restaurantId":1,"role":"ADMIN","timestamp":"2026-07-30 10:39:15","userId":31}
{"endpoint":"full","level":"info","message":"Dashboard Request","queryRestaurantId":null,"restaurantId":1,"role":"ADMIN","timestamp":"2026-07-30 10:47:15","userId":31}
{"endpoint":"full","level":"info","message":"Dashboard Request","queryRestaurantId":null,"restaurantId":1,"role":"ADMIN","timestamp":"2026-07-30 10:47:45","userId":31}
{"endpoint":"full","level":"info","message":"Dashboard Request","queryRestaurantId":null,"restaurantId":1,"role":"ADMIN","timestamp":"2026-07-30 10:47:57","userId":31}
{"endpoint":"full","level":"info","message":"Dashboard Request","queryRestaurantId":null,"restaurantId":1,"role":"ADMIN","timestamp":"2026-07-30 10:49:08","userId":31}
{"endpoint":"full","level":"info","message":"Dashboard Request","queryRestaurantId":null,"restaurantId":1,"role":"ADMIN","timestamp":"2026-07-30 10:49:15","userId":31}
{"endpoint":"full","level":"info","message":"Dashboard Request","queryRestaurantId":null,"restaurantId":1,"role":"ADMIN","timestamp":"2026-07-30 10:51:09","userId":31}
{"endpoint":"full","level":"info","message":"Dashboard Request","queryRestaurantId":null,"restaurantId":1,"role":"ADMIN","timestamp":"2026-07-30 10:52:09","userId":31}
{"endpoint":"full","level":"info","message":"Dashboard Request","queryRestaurantId":null,"restaurantId":1,"role":"ADMIN","timestamp":"2026-07-30 10:52:40","userId":31}
{"endpoint":"full","level":"info","message":"Dashboard Request","queryRestaurantId":null,"restaurantId":1,"role":"ADMIN","timestamp":"2026-07-30 10:53:10","userId":31}
{"endpoint":"full","level":"info","message":"Dashboard Request","queryRestaurantId":null,"restaurantId":1,"role":"ADMIN","timestamp":"2026-07-30 10:54:25","userId":31}
{"endpoint":"full","level":"info","message":"Dashboard Request","queryRestaurantId":null,"restaurantId":1,"role":"ADMIN","timestamp":"2026-07-30 10:54:55","userId":31}
{"endpoint":"full","level":"info","message":"Dashboard Request","queryRestaurantId":null,"restaurantId":1,"role":"ADMIN","timestamp":"2026-07-30 10:55:25","userId":31}
{"endpoint":"full","level":"info","message":"Dashboard Request","queryRestaurantId":null,"restaurantId":1,"role":"ADMIN","timestamp":"2026-07-30 10:55:55","userId":31}
{"endpoint":"full","level":"info","message":"Dashboard Request","queryRestaurantId":null,"restaurantId":1,"role":"ADMIN","timestamp":"2026-07-30 10:56:26","userId":31}
{"endpoint":"full","level":"info","message":"Dashboard Request","queryRestaurantId":null,"restaurantId":1,"role":"ADMIN","timestamp":"2026-07-30 10:56:57","userId":31}
{"endpoint":"full","level":"info","message":"Dashboard Request","queryRestaurantId":null,"restaurantId":1,"role":"ADMIN","timestamp":"2026-07-30 10:57:27","userId":31}
{"endpoint":"full","level":"info","message":"Dashboard Request","queryRestaurantId":null,"restaurantId":1,"role":"ADMIN","timestamp":"2026-07-30 10:57:58","userId":31}
{"endpoint":"full","level":"info","message":"Dashboard Request","queryRestaurantId":null,"restaurantId":1,"role":"ADMIN","timestamp":"2026-07-30 10:58:28","userId":31}
{"endpoint":"full","level":"info","message":"Dashboard Request","queryRestaurantId":null,"restaurantId":1,"role":"ADMIN","timestamp":"2026-07-30 10:58:59","userId":31}
{"endpoint":"full","level":"info","message":"Dashboard Request","queryRestaurantId":null,"restaurantId":1,"role":"ADMIN","timestamp":"2026-07-30 10:59:30","userId":31}
{"endpoint":"full","level":"info","message":"Dashboard Request","queryRestaurantId":null,"restaurantId":1,"role":"ADMIN","timestamp":"2026-07-30 11:00:00","userId":31}
{"endpoint":"full","level":"info","message":"Dashboard Request","queryRestaurantId":null,"restaurantId":1,"role":"ADMIN","timestamp":"2026-07-30 11:00:31","userId":31}
{"endpoint":"full","level":"info","message":"Dashboard Request","queryRestaurantId":null,"restaurantId":1,"role":"ADMIN","timestamp":"2026-07-30 11:01:02","userId":31}
{"level":"info","message":"Server running on http://localhost:5001","timestamp":"2026-07-30 11:11:54"}
{"level":"info","message":"Server running on http://localhost:5001","timestamp":"2026-07-30 11:12:01"}
{"endpoint":"full","level":"info","message":"Dashboard Request","queryRestaurantId":null,"restaurantId":1,"role":"ADMIN","timestamp":"2026-07-30 11:12:14","userId":31}
{"endpoint":"full","level":"info","message":"Dashboard Request","queryRestaurantId":null,"restaurantId":1,"role":"ADMIN","timestamp":"2026-07-30 11:12:43","userId":31}
{"endpoint":"full","level":"info","message":"Dashboard Request","queryRestaurantId":null,"restaurantId":1,"role":"ADMIN","timestamp":"2026-07-30 11:13:19","userId":31}
{"endpoint":"full","level":"info","message":"Dashboard Request","queryRestaurantId":null,"restaurantId":1,"role":"ADMIN","timestamp":"2026-07-30 11:13:58","userId":31}
{"endpoint":"full","level":"info","message":"Dashboard Request","queryRestaurantId":null,"restaurantId":1,"role":"ADMIN","timestamp":"2026-07-30 11:16:49","userId":31}
{"endpoint":"full","level":"info","message":"Dashboard Request","queryRestaurantId":null,"restaurantId":2,"role":"ADMIN","timestamp":"2026-07-30 11:17:29","userId":47}
{"endpoint":"full","level":"info","message":"Dashboard Request","queryRestaurantId":null,"restaurantId":2,"role":"ADMIN","timestamp":"2026-07-30 11:18:00","userId":47}
{"endpoint":"full","level":"info","message":"Dashboard Request","queryRestaurantId":null,"restaurantId":2,"role":"ADMIN","timestamp":"2026-07-30 11:18:26","userId":47}
{"endpoint":"full","level":"info","message":"Dashboard Request","queryRestaurantId":null,"restaurantId":2,"role":"ADMIN","timestamp":"2026-07-30 11:18:57","userId":47}
{"endpoint":"full","level":"info","message":"Dashboard Request","queryRestaurantId":null,"restaurantId":2,"role":"ADMIN","timestamp":"2026-07-30 11:19:27","userId":47}
{"endpoint":"full","level":"info","message":"Dashboard Request","queryRestaurantId":null,"restaurantId":2,"role":"ADMIN","timestamp":"2026-07-30 11:19:58","userId":47}
{"endpoint":"full","level":"info","message":"Dashboard Request","queryRestaurantId":null,"restaurantId":2,"role":"ADMIN","timestamp":"2026-07-30 11:20:28","userId":47}
{"endpoint":"full","level":"info","message":"Dashboard Request","queryRestaurantId":null,"restaurantId":1,"role":"ADMIN","timestamp":"2026-07-30 11:22:52","userId":31}
{"level":"info","message":"Server running on http://localhost:5001","timestamp":"2026-07-30 11:31:37"}
{"level":"info","message":"Server running on http://localhost:5001","timestamp":"2026-07-30 11:31:57"}
{"level":"info","message":"Server running on http://localhost:5001","timestamp":"2026-07-30 11:32:06"}
{"level":"info","message":"Server running on http://localhost:5001","timestamp":"2026-07-30 11:33:00"}
{"level":"info","message":"Server running on http://localhost:5001","timestamp":"2026-07-30 11:36:17"}
{"endpoint":"full","level":"info","message":"Dashboard Request","queryRestaurantId":null,"restaurantId":1,"role":"ADMIN","timestamp":"2026-07-30 11:36:36","userId":31}
{"endpoint":"full","level":"info","message":"Dashboard Request","queryRestaurantId":null,"restaurantId":2,"role":"ADMIN","timestamp":"2026-07-30 11:37:11","userId":47}
{"endpoint":"full","level":"info","message":"Dashboard Request","queryRestaurantId":null,"restaurantId":2,"role":"ADMIN","timestamp":"2026-07-30 11:38:01","userId":47}
{"endpoint":"full","level":"info","message":"Dashboard Request","queryRestaurantId":null,"restaurantId":2,"role":"ADMIN","timestamp":"2026-07-30 11:38:32","userId":47}
{"endpoint":"full","level":"info","message":"Dashboard Request","queryRestaurantId":null,"restaurantId":2,"role":"ADMIN","timestamp":"2026-07-30 11:39:02","userId":47}
{"endpoint":"full","level":"info","message":"Dashboard Request","queryRestaurantId":null,"restaurantId":2,"role":"ADMIN","timestamp":"2026-07-30 11:39:32","userId":47}
{"endpoint":"full","level":"info","message":"Dashboard Request","queryRestaurantId":null,"restaurantId":2,"role":"ADMIN","timestamp":"2026-07-30 11:40:02","userId":47}
{"endpoint":"full","level":"info","message":"Dashboard Request","queryRestaurantId":null,"restaurantId":2,"role":"ADMIN","timestamp":"2026-07-30 11:40:32","userId":47}
{"level":"info","message":"Server running on http://localhost:5001","timestamp":"2026-07-30 11:40:44"}
{"level":"info","message":"Server running on http://localhost:5001","timestamp":"2026-07-30 11:41:02"}
{"endpoint":"full","level":"info","message":"Dashboard Request","queryRestaurantId":null,"restaurantId":2,"role":"ADMIN","timestamp":"2026-07-30 11:41:03","userId":47}
{"level":"info","message":"Server running on http://localhost:5001","timestamp":"2026-07-30 11:41:12"}
{"level":"info","message":"Server running on http://localhost:5001","timestamp":"2026-07-30 11:41:19"}
{"level":"info","message":"Server running on http://localhost:5001","timestamp":"2026-07-30 11:41:29"}
{"endpoint":"full","level":"info","message":"Dashboard Request","queryRestaurantId":null,"restaurantId":2,"role":"ADMIN","timestamp":"2026-07-30 11:41:33","userId":47}
{"level":"info","message":"Server running on http://localhost:5001","timestamp":"2026-07-30 11:41:39"}
{"level":"info","message":"Server running on http://localhost:5001","timestamp":"2026-07-30 11:41:47"}
{"level":"info","message":"Server running on http://localhost:5001","timestamp":"2026-07-30 11:41:55"}
{"level":"info","message":"Server running on http://localhost:5001","timestamp":"2026-07-30 11:42:03"}
{"endpoint":"full","level":"info","message":"Dashboard Request","queryRestaurantId":null,"restaurantId":2,"role":"ADMIN","timestamp":"2026-07-30 11:42:03","userId":47}
{"level":"info","message":"Server running on http://localhost:5001","timestamp":"2026-07-30 11:42:10"}
{"level":"info","message":"Server running on http://localhost:5001","timestamp":"2026-07-30 11:42:17"}
{"endpoint":"full","level":"info","message":"Dashboard Request","queryRestaurantId":null,"restaurantId":2,"role":"ADMIN","timestamp":"2026-07-30 11:42:33","userId":47}
{"endpoint":"full","level":"info","message":"Dashboard Request","queryRestaurantId":null,"restaurantId":2,"role":"ADMIN","timestamp":"2026-07-30 11:43:03","userId":47}
{"level":"info","message":"Server running on http://localhost:5001","timestamp":"2026-07-30 11:43:06"}
{"level":"info","message":"Server running on http://localhost:5001","timestamp":"2026-07-30 11:43:15"}
{"level":"info","message":"Server running on http://localhost:5001","timestamp":"2026-07-30 11:43:30"}
{"endpoint":"full","level":"info","message":"Dashboard Request","queryRestaurantId":null,"restaurantId":2,"role":"ADMIN","timestamp":"2026-07-30 11:43:33","userId":47}
{"level":"info","message":"Server running on http://localhost:5001","timestamp":"2026-07-30 11:43:37"}
{"level":"info","message":"Server running on http://localhost:5001","timestamp":"2026-07-30 11:43:44"}
{"level":"info","message":"Server running on http://localhost:5001","timestamp":"2026-07-30 11:43:51"}
{"endpoint":"full","level":"info","message":"Dashboard Request","queryRestaurantId":null,"restaurantId":2,"role":"ADMIN","timestamp":"2026-07-30 11:44:03","userId":47}
{"level":"info","message":"Server running on http://localhost:5001","timestamp":"2026-07-30 11:44:24"}
{"level":"info","message":"Server running on http://localhost:5001","timestamp":"2026-07-30 11:44:30"}
{"endpoint":"full","level":"info","message":"Dashboard Request","queryRestaurantId":null,"restaurantId":2,"role":"ADMIN","timestamp":"2026-07-30 11:44:33","userId":47}
{"endpoint":"full","level":"info","message":"Dashboard Request","queryRestaurantId":null,"restaurantId":2,"role":"ADMIN","timestamp":"2026-07-30 11:44:57","userId":47}
{"endpoint":"full","level":"info","message":"Dashboard Request","queryRestaurantId":null,"restaurantId":2,"role":"ADMIN","timestamp":"2026-07-30 11:45:07","userId":47}
{"endpoint":"full","level":"info","message":"Dashboard Request","queryRestaurantId":null,"restaurantId":1,"role":"ADMIN","timestamp":"2026-07-30 11:45:43","userId":31}
{"endpoint":"full","level":"info","message":"Dashboard Request","queryRestaurantId":null,"restaurantId":1,"role":"ADMIN","timestamp":"2026-07-30 11:48:19","userId":31}
{"level":"info","message":"Server running on http://localhost:5001","timestamp":"2026-07-30 11:48:34"}
{"level":"info","message":"Server running on http://localhost:5001","timestamp":"2026-07-30 11:49:01"}
{"endpoint":"full","level":"info","message":"Dashboard Request","queryRestaurantId":null,"restaurantId":2,"role":"ADMIN","timestamp":"2026-07-30 11:49:31","userId":47}
{"level":"info","message":"Server running on http://localhost:5001","timestamp":"2026-07-30 11:49:42"}
{"level":"info","message":"Server running on http://localhost:5001","timestamp":"2026-07-30 11:49:57"}
{"endpoint":"full","level":"info","message":"Dashboard Request","queryRestaurantId":null,"restaurantId":2,"role":"ADMIN","timestamp":"2026-07-30 11:50:05","userId":47}
{"endpoint":"full","level":"info","message":"Dashboard Request","queryRestaurantId":null,"restaurantId":2,"role":"ADMIN","timestamp":"2026-07-30 11:51:06","userId":47}
{"level":"info","message":"Server running on http://localhost:5001","timestamp":"2026-07-30 11:54:10"}
{"level":"info","message":"Server running on http://localhost:5001","timestamp":"2026-07-30 11:54:24"}
{"level":"info","message":"Server running on http://localhost:5001","timestamp":"2026-07-30 11:54:31"}
{"level":"info","message":"Server running on http://localhost:5001","timestamp":"2026-07-30 11:54:39"}
{"level":"info","message":"Server running on http://localhost:5001","timestamp":"2026-07-30 11:54:45"}
{"level":"info","message":"Server running on http://localhost:5001","timestamp":"2026-07-30 11:54:52"}
{"level":"info","message":"Server running on http://localhost:5001","timestamp":"2026-07-30 11:54:59"}
{"level":"info","message":"Server running on http://localhost:5001","timestamp":"2026-07-30 11:55:33"}
{"level":"info","message":"Server running on http://localhost:5001","timestamp":"2026-07-30 11:55:39"}
{"endpoint":"full","level":"info","message":"Dashboard Request","queryRestaurantId":null,"restaurantId":2,"role":"ADMIN","timestamp":"2026-07-30 11:56:21","userId":47}
{"endpoint":"full","level":"info","message":"Dashboard Request","queryRestaurantId":null,"restaurantId":2,"role":"ADMIN","timestamp":"2026-07-30 11:56:53","userId":47}
{"endpoint":"full","level":"info","message":"Dashboard Request","queryRestaurantId":null,"restaurantId":2,"role":"ADMIN","timestamp":"2026-07-30 11:57:23","userId":47}
{"endpoint":"full","level":"info","message":"Dashboard Request","queryRestaurantId":null,"restaurantId":2,"role":"ADMIN","timestamp":"2026-07-30 12:00:26","userId":47}
{"endpoint":"full","level":"info","message":"Dashboard Request","queryRestaurantId":null,"restaurantId":2,"role":"ADMIN","timestamp":"2026-07-30 12:00:29","userId":47}
{"endpoint":"full","level":"info","message":"Dashboard Request","queryRestaurantId":null,"restaurantId":2,"role":"ADMIN","timestamp":"2026-07-30 12:02:47","userId":47}
{"endpoint":"full","level":"info","message":"Dashboard Request","queryRestaurantId":null,"restaurantId":2,"role":"ADMIN","timestamp":"2026-07-30 12:02:54","userId":47}
{"endpoint":"full","level":"info","message":"Dashboard Request","queryRestaurantId":null,"restaurantId":2,"role":"ADMIN","timestamp":"2026-07-30 12:03:24","userId":47}
{"endpoint":"full","level":"info","message":"Dashboard Request","queryRestaurantId":null,"restaurantId":2,"role":"ADMIN","timestamp":"2026-07-30 12:03:54","userId":47}
{"endpoint":"full","level":"info","message":"Dashboard Request","queryRestaurantId":null,"restaurantId":2,"role":"ADMIN","timestamp":"2026-07-30 12:04:26","userId":47}
{"endpoint":"full","level":"info","message":"Dashboard Request","queryRestaurantId":null,"restaurantId":2,"role":"ADMIN","timestamp":"2026-07-30 12:04:56","userId":47}
{"endpoint":"full","level":"info","message":"Dashboard Request","queryRestaurantId":null,"restaurantId":2,"role":"ADMIN","timestamp":"2026-07-30 12:15:06","userId":47}
{"endpoint":"full","level":"info","message":"Dashboard Request","queryRestaurantId":null,"restaurantId":2,"role":"ADMIN","timestamp":"2026-07-30 12:16:54","userId":47}
{"endpoint":"full","level":"info","message":"Dashboard Request","queryRestaurantId":null,"restaurantId":2,"role":"ADMIN","timestamp":"2026-07-30 12:17:34","userId":47}
{"endpoint":"full","level":"info","message":"Dashboard Request","queryRestaurantId":null,"restaurantId":2,"role":"ADMIN","timestamp":"2026-07-30 12:18:26","userId":47}
{"endpoint":"full","level":"info","message":"Dashboard Request","queryRestaurantId":null,"restaurantId":2,"role":"ADMIN","timestamp":"2026-07-30 12:18:45","userId":47}
{"endpoint":"full","level":"info","message":"Dashboard Request","queryRestaurantId":null,"restaurantId":2,"role":"ADMIN","timestamp":"2026-07-30 12:20:18","userId":47}
{"endpoint":"full","level":"info","message":"Dashboard Request","queryRestaurantId":null,"restaurantId":2,"role":"ADMIN","timestamp":"2026-07-30 12:20:35","userId":47}
{"endpoint":"full","level":"info","message":"Dashboard Request","queryRestaurantId":null,"restaurantId":2,"role":"ADMIN","timestamp":"2026-07-30 12:21:05","userId":47}
{"endpoint":"full","level":"info","message":"Dashboard Request","queryRestaurantId":null,"restaurantId":2,"role":"ADMIN","timestamp":"2026-07-30 12:21:35","userId":47}
{"endpoint":"full","level":"info","message":"Dashboard Request","queryRestaurantId":null,"restaurantId":2,"role":"ADMIN","timestamp":"2026-07-30 12:22:12","userId":47}
{"endpoint":"full","level":"info","message":"Dashboard Request","queryRestaurantId":null,"restaurantId":2,"role":"ADMIN","timestamp":"2026-07-30 12:22:42","userId":47}
{"endpoint":"full","level":"info","message":"Dashboard Request","queryRestaurantId":null,"restaurantId":2,"role":"ADMIN","timestamp":"2026-07-30 12:23:12","userId":47}
{"endpoint":"full","level":"info","message":"Dashboard Request","queryRestaurantId":null,"restaurantId":2,"role":"ADMIN","timestamp":"2026-07-30 12:23:42","userId":47}
{"endpoint":"full","level":"info","message":"Dashboard Request","queryRestaurantId":null,"restaurantId":2,"role":"ADMIN","timestamp":"2026-07-30 12:24:13","userId":47}
{"endpoint":"full","level":"info","message":"Dashboard Request","queryRestaurantId":null,"restaurantId":2,"role":"ADMIN","timestamp":"2026-07-30 12:24:45","userId":47}
{"endpoint":"full","level":"info","message":"Dashboard Request","queryRestaurantId":null,"restaurantId":2,"role":"ADMIN","timestamp":"2026-07-30 12:25:20","userId":47}
{"endpoint":"full","level":"info","message":"Dashboard Request","queryRestaurantId":null,"restaurantId":2,"role":"ADMIN","timestamp":"2026-07-30 12:25:50","userId":47}
{"endpoint":"full","level":"info","message":"Dashboard Request","queryRestaurantId":null,"restaurantId":2,"role":"ADMIN","timestamp":"2026-07-30 12:26:23","userId":47}
{"endpoint":"full","level":"info","message":"Dashboard Request","queryRestaurantId":null,"restaurantId":2,"role":"ADMIN","timestamp":"2026-07-30 12:26:56","userId":47}
{"endpoint":"full","level":"info","message":"Dashboard Request","queryRestaurantId":null,"restaurantId":2,"role":"ADMIN","timestamp":"2026-07-30 12:27:27","userId":47}
{"endpoint":"full","level":"info","message":"Dashboard Request","queryRestaurantId":null,"restaurantId":2,"role":"ADMIN","timestamp":"2026-07-30 12:27:58","userId":47}
{"endpoint":"full","level":"info","message":"Dashboard Request","queryRestaurantId":null,"restaurantId":2,"role":"ADMIN","timestamp":"2026-07-30 12:28:30","userId":47}
{"endpoint":"full","level":"info","message":"Dashboard Request","queryRestaurantId":null,"restaurantId":2,"role":"ADMIN","timestamp":"2026-07-30 12:29:00","userId":47}
{"endpoint":"full","level":"info","message":"Dashboard Request","queryRestaurantId":null,"restaurantId":2,"role":"ADMIN","timestamp":"2026-07-30 12:29:33","userId":47}
{"endpoint":"full","level":"info","message":"Dashboard Request","queryRestaurantId":null,"restaurantId":2,"role":"ADMIN","timestamp":"2026-07-30 12:30:03","userId":47}
{"endpoint":"full","level":"info","message":"Dashboard Request","queryRestaurantId":null,"restaurantId":2,"role":"ADMIN","timestamp":"2026-07-30 12:30:35","userId":47}
{"endpoint":"full","level":"info","message":"Dashboard Request","queryRestaurantId":null,"restaurantId":2,"role":"ADMIN","timestamp":"2026-07-30 12:31:05","userId":47}
{"endpoint":"full","level":"info","message":"Dashboard Request","queryRestaurantId":null,"restaurantId":2,"role":"ADMIN","timestamp":"2026-07-30 12:31:38","userId":47}
{"endpoint":"full","level":"info","message":"Dashboard Request","queryRestaurantId":null,"restaurantId":2,"role":"ADMIN","timestamp":"2026-07-30 12:32:11","userId":47}
{"endpoint":"full","level":"info","message":"Dashboard Request","queryRestaurantId":null,"restaurantId":2,"role":"ADMIN","timestamp":"2026-07-30 12:32:42","userId":47}
{"endpoint":"full","level":"info","message":"Dashboard Request","queryRestaurantId":null,"restaurantId":2,"role":"ADMIN","timestamp":"2026-07-30 12:33:15","userId":47}
{"endpoint":"full","level":"info","message":"Dashboard Request","queryRestaurantId":null,"restaurantId":2,"role":"ADMIN","timestamp":"2026-07-30 12:33:48","userId":47}
{"endpoint":"full","level":"info","message":"Dashboard Request","queryRestaurantId":null,"restaurantId":2,"role":"ADMIN","timestamp":"2026-07-30 12:34:20","userId":47}
{"endpoint":"full","level":"info","message":"Dashboard Request","queryRestaurantId":null,"restaurantId":2,"role":"ADMIN","timestamp":"2026-07-30 12:34:53","userId":47}
{"endpoint":"full","level":"info","message":"Dashboard Request","queryRestaurantId":null,"restaurantId":2,"role":"ADMIN","timestamp":"2026-07-30 12:35:29","userId":47}
{"endpoint":"full","level":"info","message":"Dashboard Request","queryRestaurantId":null,"restaurantId":2,"role":"ADMIN","timestamp":"2026-07-30 12:35:59","userId":47}
{"endpoint":"full","level":"info","message":"Dashboard Request","queryRestaurantId":null,"restaurantId":2,"role":"ADMIN","timestamp":"2026-07-30 12:36:32","userId":47}
{"endpoint":"full","level":"info","message":"Dashboard Request","queryRestaurantId":null,"restaurantId":2,"role":"ADMIN","timestamp":"2026-07-30 12:37:05","userId":47}
{"endpoint":"full","level":"info","message":"Dashboard Request","queryRestaurantId":null,"restaurantId":2,"role":"ADMIN","timestamp":"2026-07-30 12:37:38","userId":47}
{"endpoint":"full","level":"info","message":"Dashboard Request","queryRestaurantId":null,"restaurantId":2,"role":"ADMIN","timestamp":"2026-07-30 12:38:10","userId":47}
{"endpoint":"full","level":"info","message":"Dashboard Request","queryRestaurantId":null,"restaurantId":2,"role":"ADMIN","timestamp":"2026-07-30 12:38:43","userId":47}
{"endpoint":"full","level":"info","message":"Dashboard Request","queryRestaurantId":null,"restaurantId":2,"role":"ADMIN","timestamp":"2026-07-30 12:39:18","userId":47}
{"endpoint":"full","level":"info","message":"Dashboard Request","queryRestaurantId":null,"restaurantId":2,"role":"ADMIN","timestamp":"2026-07-30 12:39:47","userId":47}
{"endpoint":"full","level":"info","message":"Dashboard Request","queryRestaurantId":null,"restaurantId":2,"role":"ADMIN","timestamp":"2026-07-30 12:40:19","userId":47}
{"endpoint":"full","level":"info","message":"Dashboard Request","queryRestaurantId":null,"restaurantId":2,"role":"ADMIN","timestamp":"2026-07-30 12:40:52","userId":47}
{"endpoint":"full","level":"info","message":"Dashboard Request","queryRestaurantId":null,"restaurantId":2,"role":"ADMIN","timestamp":"2026-07-30 12:41:25","userId":47}
{"endpoint":"full","level":"info","message":"Dashboard Request","queryRestaurantId":null,"restaurantId":2,"role":"ADMIN","timestamp":"2026-07-30 12:41:55","userId":47}
{"endpoint":"full","level":"info","message":"Dashboard Request","queryRestaurantId":null,"restaurantId":2,"role":"ADMIN","timestamp":"2026-07-30 12:42:28","userId":47}
{"endpoint":"full","level":"info","message":"Dashboard Request","queryRestaurantId":null,"restaurantId":2,"role":"ADMIN","timestamp":"2026-07-30 12:42:58","userId":47}
{"endpoint":"full","level":"info","message":"Dashboard Request","queryRestaurantId":null,"restaurantId":2,"role":"ADMIN","timestamp":"2026-07-30 12:43:28","userId":47}
{"endpoint":"full","level":"info","message":"Dashboard Request","queryRestaurantId":null,"restaurantId":2,"role":"ADMIN","timestamp":"2026-07-30 12:43:58","userId":47}
{"endpoint":"full","level":"info","message":"Dashboard Request","queryRestaurantId":null,"restaurantId":2,"role":"ADMIN","timestamp":"2026-07-30 12:44:28","userId":47}
{"endpoint":"full","level":"info","message":"Dashboard Request","queryRestaurantId":null,"restaurantId":2,"role":"ADMIN","timestamp":"2026-07-30 12:44:58","userId":47}
{"endpoint":"full","level":"info","message":"Dashboard Request","queryRestaurantId":null,"restaurantId":2,"role":"ADMIN","timestamp":"2026-07-30 12:45:31","userId":47}
{"endpoint":"full","level":"info","message":"Dashboard Request","queryRestaurantId":null,"restaurantId":2,"role":"ADMIN","timestamp":"2026-07-30 12:46:05","userId":47}
{"endpoint":"full","level":"info","message":"Dashboard Request","queryRestaurantId":null,"restaurantId":2,"role":"ADMIN","timestamp":"2026-07-30 12:46:37","userId":47}
{"endpoint":"full","level":"info","message":"Dashboard Request","queryRestaurantId":null,"restaurantId":2,"role":"ADMIN","timestamp":"2026-07-30 12:47:10","userId":47}
{"endpoint":"full","level":"info","message":"Dashboard Request","queryRestaurantId":null,"restaurantId":2,"role":"ADMIN","timestamp":"2026-07-30 12:47:43","userId":47}
{"endpoint":"full","level":"info","message":"Dashboard Request","queryRestaurantId":null,"restaurantId":2,"role":"ADMIN","timestamp":"2026-07-30 12:48:14","userId":47}
{"endpoint":"full","level":"info","message":"Dashboard Request","queryRestaurantId":null,"restaurantId":2,"role":"ADMIN","timestamp":"2026-07-30 12:48:47","userId":47}
{"endpoint":"full","level":"info","message":"Dashboard Request","queryRestaurantId":null,"restaurantId":2,"role":"ADMIN","timestamp":"2026-07-30 12:49:20","userId":47}
{"endpoint":"full","level":"info","message":"Dashboard Request","queryRestaurantId":null,"restaurantId":2,"role":"ADMIN","timestamp":"2026-07-30 12:49:54","userId":47}
{"endpoint":"full","level":"info","message":"Dashboard Request","queryRestaurantId":null,"restaurantId":2,"role":"ADMIN","timestamp":"2026-07-30 12:50:26","userId":47}
{"endpoint":"full","level":"info","message":"Dashboard Request","queryRestaurantId":null,"restaurantId":2,"role":"ADMIN","timestamp":"2026-07-30 12:50:58","userId":47}
{"endpoint":"full","level":"info","message":"Dashboard Request","queryRestaurantId":null,"restaurantId":2,"role":"ADMIN","timestamp":"2026-07-30 12:51:30","userId":47}
{"endpoint":"full","level":"info","message":"Dashboard Request","queryRestaurantId":null,"restaurantId":2,"role":"ADMIN","timestamp":"2026-07-30 12:52:03","userId":47}
{"endpoint":"full","level":"info","message":"Dashboard Request","queryRestaurantId":null,"restaurantId":2,"role":"ADMIN","timestamp":"2026-07-30 12:52:36","userId":47}
{"endpoint":"full","level":"info","message":"Dashboard Request","queryRestaurantId":null,"restaurantId":2,"role":"ADMIN","timestamp":"2026-07-30 12:53:09","userId":47}
{"endpoint":"full","level":"info","message":"Dashboard Request","queryRestaurantId":null,"restaurantId":2,"role":"ADMIN","timestamp":"2026-07-30 12:53:42","userId":47}
{"endpoint":"full","level":"info","message":"Dashboard Request","queryRestaurantId":null,"restaurantId":2,"role":"ADMIN","timestamp":"2026-07-30 12:54:15","userId":47}
{"endpoint":"full","level":"info","message":"Dashboard Request","queryRestaurantId":null,"restaurantId":2,"role":"ADMIN","timestamp":"2026-07-30 12:54:48","userId":47}
{"endpoint":"full","level":"info","message":"Dashboard Request","queryRestaurantId":null,"restaurantId":2,"role":"ADMIN","timestamp":"2026-07-30 12:55:20","userId":47}
{"endpoint":"full","level":"info","message":"Dashboard Request","queryRestaurantId":null,"restaurantId":2,"role":"ADMIN","timestamp":"2026-07-30 12:55:53","userId":47}
{"endpoint":"full","level":"info","message":"Dashboard Request","queryRestaurantId":null,"restaurantId":2,"role":"ADMIN","timestamp":"2026-07-30 12:56:26","userId":47}
{"endpoint":"full","level":"info","message":"Dashboard Request","queryRestaurantId":null,"restaurantId":2,"role":"ADMIN","timestamp":"2026-07-30 12:56:59","userId":47}
{"endpoint":"full","level":"info","message":"Dashboard Request","queryRestaurantId":null,"restaurantId":2,"role":"ADMIN","timestamp":"2026-07-30 12:57:34","userId":47}
{"endpoint":"full","level":"info","message":"Dashboard Request","queryRestaurantId":null,"restaurantId":2,"role":"ADMIN","timestamp":"2026-07-30 12:58:05","userId":47}
{"endpoint":"full","level":"info","message":"Dashboard Request","queryRestaurantId":null,"restaurantId":2,"role":"ADMIN","timestamp":"2026-07-30 12:58:40","userId":47}
{"endpoint":"full","level":"info","message":"Dashboard Request","queryRestaurantId":null,"restaurantId":2,"role":"ADMIN","timestamp":"2026-07-30 12:59:12","userId":47}
{"endpoint":"full","level":"info","message":"Dashboard Request","queryRestaurantId":null,"restaurantId":2,"role":"ADMIN","timestamp":"2026-07-30 12:59:45","userId":47}
{"endpoint":"full","level":"info","message":"Dashboard Request","queryRestaurantId":null,"restaurantId":2,"role":"ADMIN","timestamp":"2026-07-30 13:00:17","userId":47}
{"endpoint":"full","level":"info","message":"Dashboard Request","queryRestaurantId":null,"restaurantId":2,"role":"ADMIN","timestamp":"2026-07-30 13:00:49","userId":47}
{"endpoint":"full","level":"info","message":"Dashboard Request","queryRestaurantId":null,"restaurantId":2,"role":"ADMIN","timestamp":"2026-07-30 13:01:20","userId":47}
{"endpoint":"full","level":"info","message":"Dashboard Request","queryRestaurantId":null,"restaurantId":2,"role":"ADMIN","timestamp":"2026-07-30 13:01:53","userId":47}
{"endpoint":"full","level":"info","message":"Dashboard Request","queryRestaurantId":null,"restaurantId":2,"role":"ADMIN","timestamp":"2026-07-30 13:02:25","userId":47}
{"endpoint":"full","level":"info","message":"Dashboard Request","queryRestaurantId":null,"restaurantId":2,"role":"ADMIN","timestamp":"2026-07-30 13:02:59","userId":47}
{"endpoint":"full","level":"info","message":"Dashboard Request","queryRestaurantId":null,"restaurantId":2,"role":"ADMIN","timestamp":"2026-07-30 13:03:32","userId":47}
{"endpoint":"full","level":"info","message":"Dashboard Request","queryRestaurantId":null,"restaurantId":2,"role":"ADMIN","timestamp":"2026-07-30 13:04:04","userId":47}
{"endpoint":"full","level":"info","message":"Dashboard Request","queryRestaurantId":null,"restaurantId":2,"role":"ADMIN","timestamp":"2026-07-30 13:04:37","userId":47}
{"endpoint":"full","level":"info","message":"Dashboard Request","queryRestaurantId":null,"restaurantId":2,"role":"ADMIN","timestamp":"2026-07-30 13:05:10","userId":47}
{"endpoint":"full","level":"info","message":"Dashboard Request","queryRestaurantId":null,"restaurantId":2,"role":"ADMIN","timestamp":"2026-07-30 13:05:42","userId":47}
{"endpoint":"full","level":"info","message":"Dashboard Request","queryRestaurantId":null,"restaurantId":2,"role":"ADMIN","timestamp":"2026-07-30 13:06:15","userId":47}
{"endpoint":"full","level":"info","message":"Dashboard Request","queryRestaurantId":null,"restaurantId":2,"role":"ADMIN","timestamp":"2026-07-30 13:06:48","userId":47}
{"endpoint":"full","level":"info","message":"Dashboard Request","queryRestaurantId":null,"restaurantId":2,"role":"ADMIN","timestamp":"2026-07-30 13:07:19","userId":47}
{"endpoint":"full","level":"info","message":"Dashboard Request","queryRestaurantId":null,"restaurantId":2,"role":"ADMIN","timestamp":"2026-07-30 13:07:51","userId":47}
{"endpoint":"full","level":"info","message":"Dashboard Request","queryRestaurantId":null,"restaurantId":2,"role":"ADMIN","timestamp":"2026-07-30 13:08:24","userId":47}
{"endpoint":"full","level":"info","message":"Dashboard Request","queryRestaurantId":null,"restaurantId":2,"role":"ADMIN","timestamp":"2026-07-30 13:08:57","userId":47}
{"endpoint":"full","level":"info","message":"Dashboard Request","queryRestaurantId":null,"restaurantId":2,"role":"ADMIN","timestamp":"2026-07-30 13:09:29","userId":47}
{"endpoint":"full","level":"info","message":"Dashboard Request","queryRestaurantId":null,"restaurantId":2,"role":"ADMIN","timestamp":"2026-07-30 13:10:02","userId":47}
{"endpoint":"full","level":"info","message":"Dashboard Request","queryRestaurantId":null,"restaurantId":2,"role":"ADMIN","timestamp":"2026-07-30 13:10:35","userId":47}
{"endpoint":"full","level":"info","message":"Dashboard Request","queryRestaurantId":null,"restaurantId":2,"role":"ADMIN","timestamp":"2026-07-30 13:11:08","userId":47}
{"endpoint":"full","level":"info","message":"Dashboard Request","queryRestaurantId":null,"restaurantId":2,"role":"ADMIN","timestamp":"2026-07-30 13:11:41","userId":47}
{"endpoint":"full","level":"info","message":"Dashboard Request","queryRestaurantId":null,"restaurantId":2,"role":"ADMIN","timestamp":"2026-07-30 13:12:14","userId":47}
{"endpoint":"full","level":"info","message":"Dashboard Request","queryRestaurantId":null,"restaurantId":2,"role":"ADMIN","timestamp":"2026-07-30 13:12:47","userId":47}
{"endpoint":"full","level":"info","message":"Dashboard Request","queryRestaurantId":null,"restaurantId":2,"role":"ADMIN","timestamp":"2026-07-30 13:13:20","userId":47}
{"endpoint":"full","level":"info","message":"Dashboard Request","queryRestaurantId":null,"restaurantId":2,"role":"ADMIN","timestamp":"2026-07-30 13:13:53","userId":47}
{"endpoint":"full","level":"info","message":"Dashboard Request","queryRestaurantId":null,"restaurantId":2,"role":"ADMIN","timestamp":"2026-07-30 13:14:26","userId":47}
{"endpoint":"full","level":"info","message":"Dashboard Request","queryRestaurantId":null,"restaurantId":2,"role":"ADMIN","timestamp":"2026-07-30 13:14:59","userId":47}
{"endpoint":"full","level":"info","message":"Dashboard Request","queryRestaurantId":null,"restaurantId":2,"role":"ADMIN","timestamp":"2026-07-30 13:15:32","userId":47}
{"endpoint":"full","level":"info","message":"Dashboard Request","queryRestaurantId":null,"restaurantId":2,"role":"ADMIN","timestamp":"2026-07-30 13:16:08","userId":47}
{"endpoint":"full","level":"info","message":"Dashboard Request","queryRestaurantId":null,"restaurantId":2,"role":"ADMIN","timestamp":"2026-07-30 13:16:37","userId":47}
{"endpoint":"full","level":"info","message":"Dashboard Request","queryRestaurantId":null,"restaurantId":2,"role":"ADMIN","timestamp":"2026-07-30 13:17:10","userId":47}
{"endpoint":"full","level":"info","message":"Dashboard Request","queryRestaurantId":null,"restaurantId":2,"role":"ADMIN","timestamp":"2026-07-30 13:17:44","userId":47}
{"endpoint":"full","level":"info","message":"Dashboard Request","queryRestaurantId":null,"restaurantId":2,"role":"ADMIN","timestamp":"2026-07-30 13:18:16","userId":47}
{"endpoint":"full","level":"info","message":"Dashboard Request","queryRestaurantId":null,"restaurantId":2,"role":"ADMIN","timestamp":"2026-07-30 13:18:49","userId":47}
{"endpoint":"full","level":"info","message":"Dashboard Request","queryRestaurantId":null,"restaurantId":2,"role":"ADMIN","timestamp":"2026-07-30 13:19:22","userId":47}
{"endpoint":"full","level":"info","message":"Dashboard Request","queryRestaurantId":null,"restaurantId":2,"role":"ADMIN","timestamp":"2026-07-30 13:19:55","userId":47}
{"endpoint":"full","level":"info","message":"Dashboard Request","queryRestaurantId":null,"restaurantId":2,"role":"ADMIN","timestamp":"2026-07-30 13:20:26","userId":47}
{"endpoint":"full","level":"info","message":"Dashboard Request","queryRestaurantId":null,"restaurantId":2,"role":"ADMIN","timestamp":"2026-07-30 13:21:02","userId":47}
{"endpoint":"full","level":"info","message":"Dashboard Request","queryRestaurantId":null,"restaurantId":2,"role":"ADMIN","timestamp":"2026-07-30 13:21:30","userId":47}
{"endpoint":"full","level":"info","message":"Dashboard Request","queryRestaurantId":null,"restaurantId":2,"role":"ADMIN","timestamp":"2026-07-30 13:22:01","userId":47}
{"endpoint":"full","level":"info","message":"Dashboard Request","queryRestaurantId":null,"restaurantId":2,"role":"ADMIN","timestamp":"2026-07-30 13:22:34","userId":47}
{"endpoint":"full","level":"info","message":"Dashboard Request","queryRestaurantId":null,"restaurantId":2,"role":"ADMIN","timestamp":"2026-07-30 13:23:07","userId":47}
{"endpoint":"full","level":"info","message":"Dashboard Request","queryRestaurantId":null,"restaurantId":2,"role":"ADMIN","timestamp":"2026-07-30 13:23:42","userId":47}
{"endpoint":"full","level":"info","message":"Dashboard Request","queryRestaurantId":null,"restaurantId":2,"role":"ADMIN","timestamp":"2026-07-30 13:24:13","userId":47}
{"endpoint":"full","level":"info","message":"Dashboard Request","queryRestaurantId":null,"restaurantId":2,"role":"ADMIN","timestamp":"2026-07-30 13:24:46","userId":47}
{"endpoint":"full","level":"info","message":"Dashboard Request","queryRestaurantId":null,"restaurantId":2,"role":"ADMIN","timestamp":"2026-07-30 13:25:19","userId":47}
{"endpoint":"full","level":"info","message":"Dashboard Request","queryRestaurantId":null,"restaurantId":2,"role":"ADMIN","timestamp":"2026-07-30 13:25:51","userId":47}
{"endpoint":"full","level":"info","message":"Dashboard Request","queryRestaurantId":null,"restaurantId":2,"role":"ADMIN","timestamp":"2026-07-30 13:26:24","userId":47}
{"endpoint":"full","level":"info","message":"Dashboard Request","queryRestaurantId":null,"restaurantId":2,"role":"ADMIN","timestamp":"2026-07-30 13:26:56","userId":47}
{"endpoint":"full","level":"info","message":"Dashboard Request","queryRestaurantId":null,"restaurantId":2,"role":"ADMIN","timestamp":"2026-07-30 13:27:29","userId":47}
{"endpoint":"full","level":"info","message":"Dashboard Request","queryRestaurantId":null,"restaurantId":2,"role":"ADMIN","timestamp":"2026-07-30 13:28:01","userId":47}
{"endpoint":"full","level":"info","message":"Dashboard Request","queryRestaurantId":null,"restaurantId":2,"role":"ADMIN","timestamp":"2026-07-30 13:28:34","userId":47}
{"endpoint":"full","level":"info","message":"Dashboard Request","queryRestaurantId":null,"restaurantId":2,"role":"ADMIN","timestamp":"2026-07-30 13:29:07","userId":47}
{"endpoint":"full","level":"info","message":"Dashboard Request","queryRestaurantId":null,"restaurantId":2,"role":"ADMIN","timestamp":"2026-07-30 13:29:39","userId":47}
{"endpoint":"full","level":"info","message":"Dashboard Request","queryRestaurantId":null,"restaurantId":2,"role":"ADMIN","timestamp":"2026-07-30 13:30:13","userId":47}
{"endpoint":"full","level":"info","message":"Dashboard Request","queryRestaurantId":null,"restaurantId":2,"role":"ADMIN","timestamp":"2026-07-30 13:30:46","userId":47}
{"endpoint":"full","level":"info","message":"Dashboard Request","queryRestaurantId":null,"restaurantId":2,"role":"ADMIN","timestamp":"2026-07-30 13:31:17","userId":47}
{"endpoint":"full","level":"info","message":"Dashboard Request","queryRestaurantId":null,"restaurantId":2,"role":"ADMIN","timestamp":"2026-07-30 13:31:50","userId":47}
{"endpoint":"full","level":"info","message":"Dashboard Request","queryRestaurantId":null,"restaurantId":2,"role":"ADMIN","timestamp":"2026-07-30 13:32:23","userId":47}
{"endpoint":"full","level":"info","message":"Dashboard Request","queryRestaurantId":null,"restaurantId":2,"role":"ADMIN","timestamp":"2026-07-30 13:32:57","userId":47}
{"endpoint":"full","level":"info","message":"Dashboard Request","queryRestaurantId":null,"restaurantId":2,"role":"ADMIN","timestamp":"2026-07-30 13:33:29","userId":47}
{"endpoint":"full","level":"info","message":"Dashboard Request","queryRestaurantId":null,"restaurantId":2,"role":"ADMIN","timestamp":"2026-07-30 13:34:02","userId":47}
{"endpoint":"full","level":"info","message":"Dashboard Request","queryRestaurantId":null,"restaurantId":2,"role":"ADMIN","timestamp":"2026-07-30 13:34:35","userId":47}
{"endpoint":"full","level":"info","message":"Dashboard Request","queryRestaurantId":null,"restaurantId":2,"role":"ADMIN","timestamp":"2026-07-30 13:35:07","userId":47}
{"endpoint":"full","level":"info","message":"Dashboard Request","queryRestaurantId":null,"restaurantId":2,"role":"ADMIN","timestamp":"2026-07-30 13:35:38","userId":47}
{"endpoint":"full","level":"info","message":"Dashboard Request","queryRestaurantId":null,"restaurantId":2,"role":"ADMIN","timestamp":"2026-07-30 13:36:09","userId":47}
{"endpoint":"full","level":"info","message":"Dashboard Request","queryRestaurantId":null,"restaurantId":2,"role":"ADMIN","timestamp":"2026-07-30 13:36:43","userId":47}
{"endpoint":"full","level":"info","message":"Dashboard Request","queryRestaurantId":null,"restaurantId":2,"role":"ADMIN","timestamp":"2026-07-30 13:37:14","userId":47}
{"endpoint":"full","level":"info","message":"Dashboard Request","queryRestaurantId":null,"restaurantId":2,"role":"ADMIN","timestamp":"2026-07-30 13:37:47","userId":47}
{"endpoint":"full","level":"info","message":"Dashboard Request","queryRestaurantId":null,"restaurantId":2,"role":"ADMIN","timestamp":"2026-07-30 13:38:20","userId":47}
{"endpoint":"full","level":"info","message":"Dashboard Request","queryRestaurantId":null,"restaurantId":2,"role":"ADMIN","timestamp":"2026-07-30 13:38:52","userId":47}
{"endpoint":"full","level":"info","message":"Dashboard Request","queryRestaurantId":null,"restaurantId":2,"role":"ADMIN","timestamp":"2026-07-30 13:39:25","userId":47}
{"endpoint":"full","level":"info","message":"Dashboard Request","queryRestaurantId":null,"restaurantId":2,"role":"ADMIN","timestamp":"2026-07-30 13:39:55","userId":47}
{"endpoint":"full","level":"info","message":"Dashboard Request","queryRestaurantId":null,"restaurantId":2,"role":"ADMIN","timestamp":"2026-07-30 13:40:25","userId":47}
{"endpoint":"full","level":"info","message":"Dashboard Request","queryRestaurantId":null,"restaurantId":2,"role":"ADMIN","timestamp":"2026-07-30 13:40:55","userId":47}
{"endpoint":"full","level":"info","message":"Dashboard Request","queryRestaurantId":null,"restaurantId":2,"role":"ADMIN","timestamp":"2026-07-30 13:41:28","userId":47}
{"endpoint":"full","level":"info","message":"Dashboard Request","queryRestaurantId":null,"restaurantId":2,"role":"ADMIN","timestamp":"2026-07-30 13:41:58","userId":47}
{"endpoint":"full","level":"info","message":"Dashboard Request","queryRestaurantId":null,"restaurantId":2,"role":"ADMIN","timestamp":"2026-07-30 13:42:28","userId":47}
{"endpoint":"full","level":"info","message":"Dashboard Request","queryRestaurantId":null,"restaurantId":2,"role":"ADMIN","timestamp":"2026-07-30 13:43:00","userId":47}
{"endpoint":"full","level":"info","message":"Dashboard Request","queryRestaurantId":null,"restaurantId":2,"role":"ADMIN","timestamp":"2026-07-30 13:43:31","userId":47}
{"endpoint":"full","level":"info","message":"Dashboard Request","queryRestaurantId":null,"restaurantId":2,"role":"ADMIN","timestamp":"2026-07-30 13:44:04","userId":47}
{"endpoint":"full","level":"info","message":"Dashboard Request","queryRestaurantId":null,"restaurantId":2,"role":"ADMIN","timestamp":"2026-07-30 13:44:38","userId":47}
{"endpoint":"full","level":"info","message":"Dashboard Request","queryRestaurantId":null,"restaurantId":2,"role":"ADMIN","timestamp":"2026-07-30 13:45:08","userId":47}
{"endpoint":"full","level":"info","message":"Dashboard Request","queryRestaurantId":null,"restaurantId":2,"role":"ADMIN","timestamp":"2026-07-30 13:45:38","userId":47}
{"endpoint":"full","level":"info","message":"Dashboard Request","queryRestaurantId":null,"restaurantId":2,"role":"ADMIN","timestamp":"2026-07-30 13:46:12","userId":47}
{"endpoint":"full","level":"info","message":"Dashboard Request","queryRestaurantId":null,"restaurantId":2,"role":"ADMIN","timestamp":"2026-07-30 13:46:45","userId":47}
{"endpoint":"full","level":"info","message":"Dashboard Request","queryRestaurantId":null,"restaurantId":2,"role":"ADMIN","timestamp":"2026-07-30 13:47:17","userId":47}
{"endpoint":"full","level":"info","message":"Dashboard Request","queryRestaurantId":null,"restaurantId":2,"role":"ADMIN","timestamp":"2026-07-30 13:47:50","userId":47}
{"endpoint":"full","level":"info","message":"Dashboard Request","queryRestaurantId":null,"restaurantId":2,"role":"ADMIN","timestamp":"2026-07-30 13:48:23","userId":47}
{"endpoint":"full","level":"info","message":"Dashboard Request","queryRestaurantId":null,"restaurantId":2,"role":"ADMIN","timestamp":"2026-07-30 13:48:56","userId":47}
{"endpoint":"full","level":"info","message":"Dashboard Request","queryRestaurantId":null,"restaurantId":2,"role":"ADMIN","timestamp":"2026-07-30 13:49:29","userId":47}
{"endpoint":"full","level":"info","message":"Dashboard Request","queryRestaurantId":null,"restaurantId":2,"role":"ADMIN","timestamp":"2026-07-30 13:50:02","userId":47}
{"endpoint":"full","level":"info","message":"Dashboard Request","queryRestaurantId":null,"restaurantId":2,"role":"ADMIN","timestamp":"2026-07-30 13:50:35","userId":47}
{"endpoint":"full","level":"info","message":"Dashboard Request","queryRestaurantId":null,"restaurantId":2,"role":"ADMIN","timestamp":"2026-07-30 13:51:06","userId":47}
{"endpoint":"full","level":"info","message":"Dashboard Request","queryRestaurantId":null,"restaurantId":2,"role":"ADMIN","timestamp":"2026-07-30 13:51:40","userId":47}
{"endpoint":"full","level":"info","message":"Dashboard Request","queryRestaurantId":null,"restaurantId":2,"role":"ADMIN","timestamp":"2026-07-30 13:52:12","userId":47}
{"endpoint":"full","level":"info","message":"Dashboard Request","queryRestaurantId":null,"restaurantId":2,"role":"ADMIN","timestamp":"2026-07-30 13:52:43","userId":47}
{"endpoint":"full","level":"info","message":"Dashboard Request","queryRestaurantId":null,"restaurantId":2,"role":"ADMIN","timestamp":"2026-07-30 13:53:15","userId":47}
{"endpoint":"full","level":"info","message":"Dashboard Request","queryRestaurantId":null,"restaurantId":2,"role":"ADMIN","timestamp":"2026-07-30 13:53:49","userId":47}
{"endpoint":"full","level":"info","message":"Dashboard Request","queryRestaurantId":null,"restaurantId":2,"role":"ADMIN","timestamp":"2026-07-30 13:54:22","userId":47}
{"endpoint":"full","level":"info","message":"Dashboard Request","queryRestaurantId":null,"restaurantId":2,"role":"ADMIN","timestamp":"2026-07-30 13:54:52","userId":47}
{"endpoint":"full","level":"info","message":"Dashboard Request","queryRestaurantId":null,"restaurantId":2,"role":"ADMIN","timestamp":"2026-07-30 13:55:25","userId":47}
{"endpoint":"full","level":"info","message":"Dashboard Request","queryRestaurantId":null,"restaurantId":2,"role":"ADMIN","timestamp":"2026-07-30 13:55:58","userId":47}
{"endpoint":"full","level":"info","message":"Dashboard Request","queryRestaurantId":null,"restaurantId":2,"role":"ADMIN","timestamp":"2026-07-30 13:56:30","userId":47}
{"endpoint":"full","level":"info","message":"Dashboard Request","queryRestaurantId":null,"restaurantId":2,"role":"ADMIN","timestamp":"2026-07-30 13:57:03","userId":47}
{"endpoint":"full","level":"info","message":"Dashboard Request","queryRestaurantId":null,"restaurantId":2,"role":"ADMIN","timestamp":"2026-07-30 13:57:36","userId":47}
{"endpoint":"full","level":"info","message":"Dashboard Request","queryRestaurantId":null,"restaurantId":2,"role":"ADMIN","timestamp":"2026-07-30 13:58:09","userId":47}
{"endpoint":"full","level":"info","message":"Dashboard Request","queryRestaurantId":null,"restaurantId":2,"role":"ADMIN","timestamp":"2026-07-30 13:58:42","userId":47}
{"endpoint":"full","level":"info","message":"Dashboard Request","queryRestaurantId":null,"restaurantId":2,"role":"ADMIN","timestamp":"2026-07-30 13:59:15","userId":47}
{"endpoint":"full","level":"info","message":"Dashboard Request","queryRestaurantId":null,"restaurantId":2,"role":"ADMIN","timestamp":"2026-07-30 13:59:46","userId":47}
{"endpoint":"full","level":"info","message":"Dashboard Request","queryRestaurantId":null,"restaurantId":2,"role":"ADMIN","timestamp":"2026-07-30 14:00:15","userId":47}
{"endpoint":"full","level":"info","message":"Dashboard Request","queryRestaurantId":null,"restaurantId":2,"role":"ADMIN","timestamp":"2026-07-30 14:00:48","userId":47}
{"endpoint":"full","level":"info","message":"Dashboard Request","queryRestaurantId":null,"restaurantId":2,"role":"ADMIN","timestamp":"2026-07-30 14:01:18","userId":47}
{"endpoint":"full","level":"info","message":"Dashboard Request","queryRestaurantId":null,"restaurantId":2,"role":"ADMIN","timestamp":"2026-07-30 14:01:52","userId":47}
{"endpoint":"full","level":"info","message":"Dashboard Request","queryRestaurantId":null,"restaurantId":2,"role":"ADMIN","timestamp":"2026-07-30 14:02:22","userId":47}
{"endpoint":"full","level":"info","message":"Dashboard Request","queryRestaurantId":null,"restaurantId":2,"role":"ADMIN","timestamp":"2026-07-30 14:02:55","userId":47}
{"endpoint":"full","level":"info","message":"Dashboard Request","queryRestaurantId":null,"restaurantId":2,"role":"ADMIN","timestamp":"2026-07-30 14:03:28","userId":47}
{"endpoint":"full","level":"info","message":"Dashboard Request","queryRestaurantId":null,"restaurantId":2,"role":"ADMIN","timestamp":"2026-07-30 14:04:00","userId":47}
{"endpoint":"full","level":"info","message":"Dashboard Request","queryRestaurantId":null,"restaurantId":2,"role":"ADMIN","timestamp":"2026-07-30 14:04:33","userId":47}
{"endpoint":"full","level":"info","message":"Dashboard Request","queryRestaurantId":null,"restaurantId":2,"role":"ADMIN","timestamp":"2026-07-30 14:05:06","userId":47}
{"endpoint":"full","level":"info","message":"Dashboard Request","queryRestaurantId":null,"restaurantId":2,"role":"ADMIN","timestamp":"2026-07-30 14:05:39","userId":47}
{"endpoint":"full","level":"info","message":"Dashboard Request","queryRestaurantId":null,"restaurantId":2,"role":"ADMIN","timestamp":"2026-07-30 14:06:12","userId":47}
{"endpoint":"full","level":"info","message":"Dashboard Request","queryRestaurantId":null,"restaurantId":2,"role":"ADMIN","timestamp":"2026-07-30 14:06:43","userId":47}
{"endpoint":"full","level":"info","message":"Dashboard Request","queryRestaurantId":null,"restaurantId":2,"role":"ADMIN","timestamp":"2026-07-30 14:07:16","userId":47}
{"endpoint":"full","level":"info","message":"Dashboard Request","queryRestaurantId":null,"restaurantId":2,"role":"ADMIN","timestamp":"2026-07-30 14:07:48","userId":47}
{"endpoint":"full","level":"info","message":"Dashboard Request","queryRestaurantId":null,"restaurantId":2,"role":"ADMIN","timestamp":"2026-07-30 14:08:21","userId":47}
{"endpoint":"full","level":"info","message":"Dashboard Request","queryRestaurantId":null,"restaurantId":2,"role":"ADMIN","timestamp":"2026-07-30 14:08:51","userId":47}
{"endpoint":"full","level":"info","message":"Dashboard Request","queryRestaurantId":null,"restaurantId":2,"role":"ADMIN","timestamp":"2026-07-30 14:09:25","userId":47}
{"endpoint":"full","level":"info","message":"Dashboard Request","queryRestaurantId":null,"restaurantId":2,"role":"ADMIN","timestamp":"2026-07-30 14:09:57","userId":47}
{"endpoint":"full","level":"info","message":"Dashboard Request","queryRestaurantId":null,"restaurantId":2,"role":"ADMIN","timestamp":"2026-07-30 14:10:28","userId":47}
{"endpoint":"full","level":"info","message":"Dashboard Request","queryRestaurantId":null,"restaurantId":2,"role":"ADMIN","timestamp":"2026-07-30 14:11:01","userId":47}
{"endpoint":"full","level":"info","message":"Dashboard Request","queryRestaurantId":null,"restaurantId":2,"role":"ADMIN","timestamp":"2026-07-30 14:11:33","userId":47}
{"endpoint":"full","level":"info","message":"Dashboard Request","queryRestaurantId":null,"restaurantId":2,"role":"ADMIN","timestamp":"2026-07-30 14:12:03","userId":47}
{"endpoint":"full","level":"info","message":"Dashboard Request","queryRestaurantId":null,"restaurantId":2,"role":"ADMIN","timestamp":"2026-07-30 14:12:34","userId":47}
{"endpoint":"full","level":"info","message":"Dashboard Request","queryRestaurantId":null,"restaurantId":2,"role":"ADMIN","timestamp":"2026-07-30 14:13:07","userId":47}
{"endpoint":"full","level":"info","message":"Dashboard Request","queryRestaurantId":null,"restaurantId":2,"role":"ADMIN","timestamp":"2026-07-30 14:13:40","userId":47}
{"endpoint":"full","level":"info","message":"Dashboard Request","queryRestaurantId":null,"restaurantId":2,"role":"ADMIN","timestamp":"2026-07-30 14:14:13","userId":47}
{"endpoint":"full","level":"info","message":"Dashboard Request","queryRestaurantId":null,"restaurantId":2,"role":"ADMIN","timestamp":"2026-07-30 14:14:46","userId":47}
{"endpoint":"full","level":"info","message":"Dashboard Request","queryRestaurantId":null,"restaurantId":2,"role":"ADMIN","timestamp":"2026-07-30 14:15:18","userId":47}
{"endpoint":"full","level":"info","message":"Dashboard Request","queryRestaurantId":null,"restaurantId":2,"role":"ADMIN","timestamp":"2026-07-30 14:15:48","userId":47}
{"endpoint":"full","level":"info","message":"Dashboard Request","queryRestaurantId":null,"restaurantId":2,"role":"ADMIN","timestamp":"2026-07-30 14:16:22","userId":47}
{"endpoint":"full","level":"info","message":"Dashboard Request","queryRestaurantId":null,"restaurantId":2,"role":"ADMIN","timestamp":"2026-07-30 14:16:55","userId":47}
{"endpoint":"full","level":"info","message":"Dashboard Request","queryRestaurantId":null,"restaurantId":2,"role":"ADMIN","timestamp":"2026-07-30 14:17:27","userId":47}
{"endpoint":"full","level":"info","message":"Dashboard Request","queryRestaurantId":null,"restaurantId":2,"role":"ADMIN","timestamp":"2026-07-30 14:18:01","userId":47}
{"endpoint":"full","level":"info","message":"Dashboard Request","queryRestaurantId":null,"restaurantId":2,"role":"ADMIN","timestamp":"2026-07-30 14:18:34","userId":47}
{"endpoint":"full","level":"info","message":"Dashboard Request","queryRestaurantId":null,"restaurantId":2,"role":"ADMIN","timestamp":"2026-07-30 14:19:06","userId":47}
{"endpoint":"full","level":"info","message":"Dashboard Request","queryRestaurantId":null,"restaurantId":2,"role":"ADMIN","timestamp":"2026-07-30 14:19:39","userId":47}
{"endpoint":"full","level":"info","message":"Dashboard Request","queryRestaurantId":null,"restaurantId":2,"role":"ADMIN","timestamp":"2026-07-30 14:20:13","userId":47}
{"endpoint":"full","level":"info","message":"Dashboard Request","queryRestaurantId":null,"restaurantId":2,"role":"ADMIN","timestamp":"2026-07-30 14:20:45","userId":47}
{"endpoint":"full","level":"info","message":"Dashboard Request","queryRestaurantId":null,"restaurantId":2,"role":"ADMIN","timestamp":"2026-07-30 14:21:18","userId":47}
{"endpoint":"full","level":"info","message":"Dashboard Request","queryRestaurantId":null,"restaurantId":2,"role":"ADMIN","timestamp":"2026-07-30 14:21:51","userId":47}
{"endpoint":"full","level":"info","message":"Dashboard Request","queryRestaurantId":null,"restaurantId":2,"role":"ADMIN","timestamp":"2026-07-30 14:22:24","userId":47}
{"endpoint":"full","level":"info","message":"Dashboard Request","queryRestaurantId":null,"restaurantId":2,"role":"ADMIN","timestamp":"2026-07-30 14:22:54","userId":47}
{"endpoint":"full","level":"info","message":"Dashboard Request","queryRestaurantId":null,"restaurantId":2,"role":"ADMIN","timestamp":"2026-07-30 14:23:27","userId":47}
{"endpoint":"full","level":"info","message":"Dashboard Request","queryRestaurantId":null,"restaurantId":2,"role":"ADMIN","timestamp":"2026-07-30 14:23:57","userId":47}
{"endpoint":"full","level":"info","message":"Dashboard Request","queryRestaurantId":null,"restaurantId":2,"role":"ADMIN","timestamp":"2026-07-30 14:24:29","userId":47}
{"endpoint":"full","level":"info","message":"Dashboard Request","queryRestaurantId":null,"restaurantId":2,"role":"ADMIN","timestamp":"2026-07-30 14:24:59","userId":47}
{"endpoint":"full","level":"info","message":"Dashboard Request","queryRestaurantId":null,"restaurantId":2,"role":"ADMIN","timestamp":"2026-07-30 14:25:32","userId":47}
{"endpoint":"full","level":"info","message":"Dashboard Request","queryRestaurantId":null,"restaurantId":2,"role":"ADMIN","timestamp":"2026-07-30 14:26:03","userId":47}
{"endpoint":"full","level":"info","message":"Dashboard Request","queryRestaurantId":null,"restaurantId":2,"role":"ADMIN","timestamp":"2026-07-30 14:26:35","userId":47}
{"endpoint":"full","level":"info","message":"Dashboard Request","queryRestaurantId":null,"restaurantId":2,"role":"ADMIN","timestamp":"2026-07-30 14:27:08","userId":47}
{"endpoint":"full","level":"info","message":"Dashboard Request","queryRestaurantId":null,"restaurantId":2,"role":"ADMIN","timestamp":"2026-07-30 14:27:45","userId":47}
{"endpoint":"full","level":"info","message":"Dashboard Request","queryRestaurantId":null,"restaurantId":2,"role":"ADMIN","timestamp":"2026-07-30 14:28:18","userId":47}
{"endpoint":"full","level":"info","message":"Dashboard Request","queryRestaurantId":null,"restaurantId":2,"role":"ADMIN","timestamp":"2026-07-30 14:28:48","userId":47}
{"endpoint":"full","level":"info","message":"Dashboard Request","queryRestaurantId":null,"restaurantId":2,"role":"ADMIN","timestamp":"2026-07-30 14:29:21","userId":47}
{"endpoint":"full","level":"info","message":"Dashboard Request","queryRestaurantId":null,"restaurantId":2,"role":"ADMIN","timestamp":"2026-07-30 14:29:54","userId":47}
{"endpoint":"full","level":"info","message":"Dashboard Request","queryRestaurantId":null,"restaurantId":2,"role":"ADMIN","timestamp":"2026-07-30 14:30:27","userId":47}
{"endpoint":"full","level":"info","message":"Dashboard Request","queryRestaurantId":null,"restaurantId":2,"role":"ADMIN","timestamp":"2026-07-30 14:31:00","userId":47}
{"endpoint":"full","level":"info","message":"Dashboard Request","queryRestaurantId":null,"restaurantId":2,"role":"ADMIN","timestamp":"2026-07-30 14:31:30","userId":47}
{"endpoint":"full","level":"info","message":"Dashboard Request","queryRestaurantId":null,"restaurantId":2,"role":"ADMIN","timestamp":"2026-07-30 14:32:00","userId":47}
{"endpoint":"full","level":"info","message":"Dashboard Request","queryRestaurantId":null,"restaurantId":2,"role":"ADMIN","timestamp":"2026-07-30 14:32:33","userId":47}
{"endpoint":"full","level":"info","message":"Dashboard Request","queryRestaurantId":null,"restaurantId":2,"role":"ADMIN","timestamp":"2026-07-30 14:33:06","userId":47}
{"endpoint":"full","level":"info","message":"Dashboard Request","queryRestaurantId":null,"restaurantId":2,"role":"ADMIN","timestamp":"2026-07-30 14:33:39","userId":47}
{"endpoint":"full","level":"info","message":"Dashboard Request","queryRestaurantId":null,"restaurantId":2,"role":"ADMIN","timestamp":"2026-07-30 14:34:09","userId":47}
{"endpoint":"full","level":"info","message":"Dashboard Request","queryRestaurantId":null,"restaurantId":2,"role":"ADMIN","timestamp":"2026-07-30 14:34:42","userId":47}
{"endpoint":"full","level":"info","message":"Dashboard Request","queryRestaurantId":null,"restaurantId":2,"role":"ADMIN","timestamp":"2026-07-30 14:35:15","userId":47}
{"endpoint":"full","level":"info","message":"Dashboard Request","queryRestaurantId":null,"restaurantId":2,"role":"ADMIN","timestamp":"2026-07-30 14:35:47","userId":47}
{"endpoint":"full","level":"info","message":"Dashboard Request","queryRestaurantId":null,"restaurantId":2,"role":"ADMIN","timestamp":"2026-07-30 14:36:20","userId":47}
{"endpoint":"full","level":"info","message":"Dashboard Request","queryRestaurantId":null,"restaurantId":2,"role":"ADMIN","timestamp":"2026-07-30 14:36:53","userId":47}
{"endpoint":"full","level":"info","message":"Dashboard Request","queryRestaurantId":null,"restaurantId":2,"role":"ADMIN","timestamp":"2026-07-30 14:37:23","userId":47}
{"endpoint":"full","level":"info","message":"Dashboard Request","queryRestaurantId":null,"restaurantId":2,"role":"ADMIN","timestamp":"2026-07-30 14:37:54","userId":47}
{"endpoint":"full","level":"info","message":"Dashboard Request","queryRestaurantId":null,"restaurantId":2,"role":"ADMIN","timestamp":"2026-07-30 14:38:24","userId":47}
{"endpoint":"full","level":"info","message":"Dashboard Request","queryRestaurantId":null,"restaurantId":2,"role":"ADMIN","timestamp":"2026-07-30 14:38:57","userId":47}
{"endpoint":"full","level":"info","message":"Dashboard Request","queryRestaurantId":null,"restaurantId":2,"role":"ADMIN","timestamp":"2026-07-30 14:39:30","userId":47}
{"endpoint":"full","level":"info","message":"Dashboard Request","queryRestaurantId":null,"restaurantId":2,"role":"ADMIN","timestamp":"2026-07-30 14:40:03","userId":47}
{"endpoint":"full","level":"info","message":"Dashboard Request","queryRestaurantId":null,"restaurantId":2,"role":"ADMIN","timestamp":"2026-07-30 14:40:36","userId":47}
{"endpoint":"full","level":"info","message":"Dashboard Request","queryRestaurantId":null,"restaurantId":2,"role":"ADMIN","timestamp":"2026-07-30 14:41:09","userId":47}
{"endpoint":"full","level":"info","message":"Dashboard Request","queryRestaurantId":null,"restaurantId":2,"role":"ADMIN","timestamp":"2026-07-30 14:41:39","userId":47}
{"endpoint":"full","level":"info","message":"Dashboard Request","queryRestaurantId":null,"restaurantId":2,"role":"ADMIN","timestamp":"2026-07-30 14:42:12","userId":47}
{"endpoint":"full","level":"info","message":"Dashboard Request","queryRestaurantId":null,"restaurantId":2,"role":"ADMIN","timestamp":"2026-07-30 14:42:47","userId":47}
{"endpoint":"full","level":"info","message":"Dashboard Request","queryRestaurantId":null,"restaurantId":2,"role":"ADMIN","timestamp":"2026-07-30 14:43:18","userId":47}
{"endpoint":"full","level":"info","message":"Dashboard Request","queryRestaurantId":null,"restaurantId":2,"role":"ADMIN","timestamp":"2026-07-30 14:43:50","userId":47}
{"endpoint":"full","level":"info","message":"Dashboard Request","queryRestaurantId":null,"restaurantId":2,"role":"ADMIN","timestamp":"2026-07-30 14:44:24","userId":47}
{"endpoint":"full","level":"info","message":"Dashboard Request","queryRestaurantId":null,"restaurantId":2,"role":"ADMIN","timestamp":"2026-07-30 14:44:57","userId":47}
{"endpoint":"full","level":"info","message":"Dashboard Request","queryRestaurantId":null,"restaurantId":2,"role":"ADMIN","timestamp":"2026-07-30 14:45:27","userId":47}
{"endpoint":"full","level":"info","message":"Dashboard Request","queryRestaurantId":null,"restaurantId":2,"role":"ADMIN","timestamp":"2026-07-30 14:45:57","userId":47}
{"endpoint":"full","level":"info","message":"Dashboard Request","queryRestaurantId":null,"restaurantId":2,"role":"ADMIN","timestamp":"2026-07-30 14:46:30","userId":47}
{"endpoint":"full","level":"info","message":"Dashboard Request","queryRestaurantId":null,"restaurantId":2,"role":"ADMIN","timestamp":"2026-07-30 14:47:01","userId":47}
{"endpoint":"full","level":"info","message":"Dashboard Request","queryRestaurantId":null,"restaurantId":2,"role":"ADMIN","timestamp":"2026-07-30 14:47:33","userId":47}
{"endpoint":"full","level":"info","message":"Dashboard Request","queryRestaurantId":null,"restaurantId":2,"role":"ADMIN","timestamp":"2026-07-30 14:48:21","userId":47}
{"endpoint":"full","level":"info","message":"Dashboard Request","queryRestaurantId":null,"restaurantId":2,"role":"ADMIN","timestamp":"2026-07-30 14:48:38","userId":47}
{"endpoint":"full","level":"info","message":"Dashboard Request","queryRestaurantId":null,"restaurantId":2,"role":"ADMIN","timestamp":"2026-07-30 14:49:09","userId":47}
{"endpoint":"full","level":"info","message":"Dashboard Request","queryRestaurantId":null,"restaurantId":2,"role":"ADMIN","timestamp":"2026-07-30 14:49:46","userId":47}
{"endpoint":"full","level":"info","message":"Dashboard Request","queryRestaurantId":null,"restaurantId":2,"role":"ADMIN","timestamp":"2026-07-30 14:50:16","userId":47}
{"endpoint":"full","level":"info","message":"Dashboard Request","queryRestaurantId":null,"restaurantId":2,"role":"ADMIN","timestamp":"2026-07-30 14:50:47","userId":47}
{"endpoint":"full","level":"info","message":"Dashboard Request","queryRestaurantId":null,"restaurantId":2,"role":"ADMIN","timestamp":"2026-07-30 14:51:19","userId":47}
{"endpoint":"full","level":"info","message":"Dashboard Request","queryRestaurantId":null,"restaurantId":2,"role":"ADMIN","timestamp":"2026-07-30 14:51:53","userId":47}
{"endpoint":"full","level":"info","message":"Dashboard Request","queryRestaurantId":null,"restaurantId":2,"role":"ADMIN","timestamp":"2026-07-30 14:52:22","userId":47}
{"endpoint":"full","level":"info","message":"Dashboard Request","queryRestaurantId":null,"restaurantId":2,"role":"ADMIN","timestamp":"2026-07-30 14:52:53","userId":47}
{"endpoint":"full","level":"info","message":"Dashboard Request","queryRestaurantId":null,"restaurantId":2,"role":"ADMIN","timestamp":"2026-07-30 14:53:23","userId":47}
{"endpoint":"full","level":"info","message":"Dashboard Request","queryRestaurantId":null,"restaurantId":2,"role":"ADMIN","timestamp":"2026-07-30 14:53:55","userId":47}
{"endpoint":"full","level":"info","message":"Dashboard Request","queryRestaurantId":null,"restaurantId":2,"role":"ADMIN","timestamp":"2026-07-30 14:54:27","userId":47}
{"endpoint":"full","level":"info","message":"Dashboard Request","queryRestaurantId":null,"restaurantId":2,"role":"ADMIN","timestamp":"2026-07-30 14:54:58","userId":47}
{"endpoint":"full","level":"info","message":"Dashboard Request","queryRestaurantId":null,"restaurantId":2,"role":"ADMIN","timestamp":"2026-07-30 14:55:29","userId":47}
{"endpoint":"full","level":"info","message":"Dashboard Request","queryRestaurantId":null,"restaurantId":2,"role":"ADMIN","timestamp":"2026-07-30 14:56:02","userId":47}
{"endpoint":"full","level":"info","message":"Dashboard Request","queryRestaurantId":null,"restaurantId":2,"role":"ADMIN","timestamp":"2026-07-30 14:56:31","userId":47}
{"endpoint":"full","level":"info","message":"Dashboard Request","queryRestaurantId":null,"restaurantId":2,"role":"ADMIN","timestamp":"2026-07-30 14:57:04","userId":47}
{"endpoint":"full","level":"info","message":"Dashboard Request","queryRestaurantId":null,"restaurantId":2,"role":"ADMIN","timestamp":"2026-07-30 14:57:35","userId":47}
{"endpoint":"full","level":"info","message":"Dashboard Request","queryRestaurantId":null,"restaurantId":2,"role":"ADMIN","timestamp":"2026-07-30 14:58:08","userId":47}
{"endpoint":"full","level":"info","message":"Dashboard Request","queryRestaurantId":null,"restaurantId":2,"role":"ADMIN","timestamp":"2026-07-30 14:58:41","userId":47}
{"endpoint":"full","level":"info","message":"Dashboard Request","queryRestaurantId":null,"restaurantId":2,"role":"ADMIN","timestamp":"2026-07-30 14:59:12","userId":47}
{"endpoint":"full","level":"info","message":"Dashboard Request","queryRestaurantId":null,"restaurantId":2,"role":"ADMIN","timestamp":"2026-07-30 14:59:48","userId":47}
{"endpoint":"full","level":"info","message":"Dashboard Request","queryRestaurantId":null,"restaurantId":2,"role":"ADMIN","timestamp":"2026-07-30 15:00:20","userId":47}
{"endpoint":"full","level":"info","message":"Dashboard Request","queryRestaurantId":null,"restaurantId":2,"role":"ADMIN","timestamp":"2026-07-30 15:00:55","userId":47}
{"endpoint":"full","level":"info","message":"Dashboard Request","queryRestaurantId":null,"restaurantId":2,"role":"ADMIN","timestamp":"2026-07-30 15:01:25","userId":47}
{"endpoint":"full","level":"info","message":"Dashboard Request","queryRestaurantId":null,"restaurantId":2,"role":"ADMIN","timestamp":"2026-07-30 15:01:55","userId":47}
{"endpoint":"full","level":"info","message":"Dashboard Request","queryRestaurantId":null,"restaurantId":2,"role":"ADMIN","timestamp":"2026-07-30 15:02:27","userId":47}
{"endpoint":"full","level":"info","message":"Dashboard Request","queryRestaurantId":null,"restaurantId":2,"role":"ADMIN","timestamp":"2026-07-30 15:02:59","userId":47}
{"endpoint":"full","level":"info","message":"Dashboard Request","queryRestaurantId":null,"restaurantId":2,"role":"ADMIN","timestamp":"2026-07-30 15:03:32","userId":47}
{"endpoint":"full","level":"info","message":"Dashboard Request","queryRestaurantId":null,"restaurantId":2,"role":"ADMIN","timestamp":"2026-07-30 15:04:03","userId":47}
{"level":"info","message":"Checking expired subscriptions...","timestamp":"2026-07-31 00:00:00"}
{"level":"info","message":"Server running on http://localhost:5001","timestamp":"2026-07-31 10:58:01"}
{"level":"info","message":"Server running on http://localhost:5001","timestamp":"2026-08-04 11:06:21"}
{"level":"info","message":"Server running on http://localhost:5001","timestamp":"2026-08-05 10:58:58"}
{"level":"info","message":"Server running on http://localhost:5001","timestamp":"2026-08-05 18:20:29"}
{"level":"info","message":"Server running on http://localhost:5001","timestamp":"2026-08-05 18:28:08"}
{"level":"info","message":"Server running on http://localhost:5001","timestamp":"2026-08-05 18:28:57"}
{"level":"info","message":"Server running on http://localhost:5001","timestamp":"2026-08-05 18:30:41"}
{"level":"info","message":"Server running on http://localhost:5001","timestamp":"2026-08-05 18:33:19"}
{"level":"info","message":"Server running on http://localhost:5001","timestamp":"2026-08-05 18:34:01"}
{"level":"info","message":"Server running on http://localhost:5001","timestamp":"2026-08-05 18:36:05"}
{"level":"info","message":"Server running on http://localhost:5001","timestamp":"2026-08-05 18:36:24"}
{"level":"info","message":"Server running on http://localhost:5001","timestamp":"2026-08-05 18:36:48"}
{"level":"info","message":"Server running on http://localhost:5001","timestamp":"2026-08-05 18:37:35"}
{"level":"info","message":"Server running on http://localhost:5001","timestamp":"2026-08-05 18:37:45"}
{"level":"info","message":"Server running on http://localhost:5001","timestamp":"2026-08-05 18:38:06"}
{"level":"info","message":"Server running on http://localhost:5001","timestamp":"2026-08-05 18:38:23"}
{"level":"info","message":"Server running on http://localhost:5001","timestamp":"2026-08-05 18:38:47"}
{"level":"info","message":"Server running on http://localhost:5001","timestamp":"2026-08-05 18:39:35"}
{"level":"info","message":"Server running on http://localhost:5001","timestamp":"2026-08-05 18:39:46"}
{"level":"info","message":"Server running on http://localhost:5001","timestamp":"2026-08-05 18:40:06"}
{"level":"info","message":"Server running on http://localhost:5001","timestamp":"2026-08-05 18:40:21"}
{"level":"info","message":"Server running on http://localhost:5001","timestamp":"2026-08-05 18:40:49"}
{"level":"info","message":"Server running on http://localhost:5001","timestamp":"2026-08-05 18:41:29"}
{"level":"info","message":"Server running on http://localhost:5001","timestamp":"2026-08-05 18:41:41"}
{"level":"info","message":"Server running on http://localhost:5001","timestamp":"2026-08-05 18:42:36"}
{"level":"info","message":"Server running on http://localhost:5001","timestamp":"2026-08-05 18:43:02"}
{"level":"info","message":"Server running on http://localhost:5001","timestamp":"2026-08-05 18:44:37"}
{"level":"info","message":"Server running on http://localhost:5001","timestamp":"2026-08-05 18:44:55"}
{"level":"info","message":"Server running on http://localhost:5001","timestamp":"2026-08-05 18:45:16"}
{"level":"info","message":"Server running on http://localhost:5001","timestamp":"2026-08-05 18:56:04"}
{"level":"info","message":"Server running on http://localhost:5001","timestamp":"2026-08-05 18:56:38"}
{"level":"info","message":"Server running on http://localhost:5001","timestamp":"2026-08-05 18:57:19"}
{"level":"info","message":"Server running on http://localhost:5001","timestamp":"2026-08-05 18:59:50"}
{"level":"info","message":"Server running on http://localhost:5001","timestamp":"2026-08-05 19:02:13"}
{"level":"info","message":"Server running on http://localhost:5001","timestamp":"2026-08-05 19:02:25"}
{"level":"info","message":"Server running on http://localhost:5001","timestamp":"2026-08-05 19:02:47"}
{"level":"info","message":"Server running on http://localhost:5001","timestamp":"2026-08-05 19:03:24"}
{"level":"info","message":"Server running on http://localhost:5001","timestamp":"2026-08-05 19:03:40"}
{"level":"info","message":"Server running on http://localhost:5001","timestamp":"2026-08-05 19:04:19"}
{"level":"info","message":"Server running on http://localhost:5001","timestamp":"2026-08-05 19:04:37"}
{"level":"info","message":"Server running on http://localhost:5001","timestamp":"2026-08-05 19:05:08"}
{"level":"info","message":"Server running on http://localhost:5001","timestamp":"2026-08-05 19:05:27"}
{"level":"info","message":"Server running on http://localhost:5001","timestamp":"2026-08-05 19:06:05"}
{"level":"info","message":"Server running on http://localhost:5001","timestamp":"2026-08-05 19:06:20"}
{"level":"info","message":"Server running on http://localhost:5001","timestamp":"2026-08-05 19:08:17"}
{"level":"info","message":"Server running on http://localhost:5001","timestamp":"2026-08-05 19:08:34"}
{"level":"info","message":"Server running on http://localhost:5001","timestamp":"2026-08-05 19:08:49"}
{"level":"info","message":"Server running on http://localhost:5001","timestamp":"2026-08-05 19:09:57"}
{"level":"info","message":"Server running on http://localhost:5001","timestamp":"2026-08-05 19:10:13"}
{"level":"info","message":"Server running on http://localhost:5001","timestamp":"2026-08-05 19:16:19"}
{"level":"info","message":"Server running on http://localhost:5001","timestamp":"2026-08-05 19:16:29"}
{"level":"info","message":"Server running on http://localhost:5001","timestamp":"2026-08-05 19:17:59"}
{"level":"info","message":"Server running on http://localhost:5001","timestamp":"2026-08-05 19:18:17"}
{"endpoint":"full","level":"info","message":"Dashboard Request","queryRestaurantId":null,"restaurantId":2,"role":"ADMIN","timestamp":"2026-08-05 19:22:35","userId":47}
{"endpoint":"full","level":"info","message":"Dashboard Request","queryRestaurantId":null,"restaurantId":2,"role":"ADMIN","timestamp":"2026-08-05 19:23:13","userId":47}
{"endpoint":"full","level":"info","message":"Dashboard Request","queryRestaurantId":null,"restaurantId":2,"role":"ADMIN","timestamp":"2026-08-05 19:23:41","userId":47}
{"endpoint":"full","level":"info","message":"Dashboard Request","queryRestaurantId":null,"restaurantId":2,"role":"ADMIN","timestamp":"2026-08-05 19:24:31","userId":47}
{"level":"info","message":"Server running on http://localhost:5001","timestamp":"2026-08-06 10:45:24"}
{"endpoint":"full","level":"info","message":"Dashboard Request","queryRestaurantId":null,"restaurantId":2,"role":"ADMIN","timestamp":"2026-08-06 10:52:47","userId":47}
{"endpoint":"full","level":"info","message":"Dashboard Request","queryRestaurantId":null,"restaurantId":2,"role":"ADMIN","timestamp":"2026-08-06 10:58:55","userId":47}
{"endpoint":"full","level":"info","message":"Dashboard Request","queryRestaurantId":null,"restaurantId":2,"role":"ADMIN","timestamp":"2026-08-06 10:59:16","userId":47}
{"endpoint":"full","level":"info","message":"Dashboard Request","queryRestaurantId":null,"restaurantId":2,"role":"ADMIN","timestamp":"2026-08-06 11:00:05","userId":47}
{"endpoint":"full","level":"info","message":"Dashboard Request","queryRestaurantId":null,"restaurantId":2,"role":"ADMIN","timestamp":"2026-08-06 11:00:35","userId":47}
{"endpoint":"full","level":"info","message":"Dashboard Request","queryRestaurantId":null,"restaurantId":2,"role":"ADMIN","timestamp":"2026-08-06 11:01:08","userId":47}
{"endpoint":"full","level":"info","message":"Dashboard Request","queryRestaurantId":null,"restaurantId":2,"role":"ADMIN","timestamp":"2026-08-06 11:01:40","userId":47}
{"endpoint":"full","level":"info","message":"Dashboard Request","queryRestaurantId":null,"restaurantId":2,"role":"ADMIN","timestamp":"2026-08-06 11:02:13","userId":47}
{"endpoint":"full","level":"info","message":"Dashboard Request","queryRestaurantId":null,"restaurantId":2,"role":"ADMIN","timestamp":"2026-08-06 11:02:45","userId":47}
{"endpoint":"full","level":"info","message":"Dashboard Request","queryRestaurantId":null,"restaurantId":2,"role":"ADMIN","timestamp":"2026-08-06 11:03:18","userId":47}
{"endpoint":"full","level":"info","message":"Dashboard Request","queryRestaurantId":null,"restaurantId":2,"role":"ADMIN","timestamp":"2026-08-06 11:03:51","userId":47}
{"endpoint":"full","level":"info","message":"Dashboard Request","queryRestaurantId":null,"restaurantId":2,"role":"ADMIN","timestamp":"2026-08-06 11:04:24","userId":47}
{"endpoint":"full","level":"info","message":"Dashboard Request","queryRestaurantId":null,"restaurantId":2,"role":"ADMIN","timestamp":"2026-08-06 11:04:53","userId":47}
{"endpoint":"full","level":"info","message":"Dashboard Request","queryRestaurantId":null,"restaurantId":2,"role":"ADMIN","timestamp":"2026-08-06 11:04:54","userId":47}
{"endpoint":"full","level":"info","message":"Dashboard Request","queryRestaurantId":null,"restaurantId":9,"role":"ADMIN","timestamp":"2026-08-06 12:08:31","userId":52}
{"endpoint":"full","level":"info","message":"Dashboard Request","queryRestaurantId":null,"restaurantId":9,"role":"ADMIN","timestamp":"2026-08-06 12:09:01","userId":52}
{"endpoint":"full","level":"info","message":"Dashboard Request","queryRestaurantId":null,"restaurantId":9,"role":"ADMIN","timestamp":"2026-08-06 12:33:48","userId":52}
{"endpoint":"full","level":"info","message":"Dashboard Request","queryRestaurantId":null,"restaurantId":9,"role":"ADMIN","timestamp":"2026-08-06 12:48:38","userId":52}
{"endpoint":"full","level":"info","message":"Dashboard Request","queryRestaurantId":null,"restaurantId":9,"role":"ADMIN","timestamp":"2026-08-06 12:49:09","userId":52}
{"endpoint":"full","level":"info","message":"Dashboard Request","queryRestaurantId":null,"restaurantId":9,"role":"ADMIN","timestamp":"2026-08-06 12:52:45","userId":52}
{"endpoint":"full","level":"info","message":"Dashboard Request","queryRestaurantId":null,"restaurantId":9,"role":"ADMIN","timestamp":"2026-08-06 12:52:59","userId":52}
{"endpoint":"full","level":"info","message":"Dashboard Request","queryRestaurantId":null,"restaurantId":9,"role":"ADMIN","timestamp":"2026-08-06 12:58:27","userId":52}
{"endpoint":"full","level":"info","message":"Dashboard Request","queryRestaurantId":null,"restaurantId":9,"role":"ADMIN","timestamp":"2026-08-06 12:58:58","userId":52}
{"endpoint":"full","level":"info","message":"Dashboard Request","queryRestaurantId":null,"restaurantId":9,"role":"ADMIN","timestamp":"2026-08-06 12:59:28","userId":52}
{"endpoint":"full","level":"info","message":"Dashboard Request","queryRestaurantId":null,"restaurantId":9,"role":"ADMIN","timestamp":"2026-08-06 12:59:58","userId":52}
{"endpoint":"full","level":"info","message":"Dashboard Request","queryRestaurantId":null,"restaurantId":9,"role":"ADMIN","timestamp":"2026-08-06 13:00:29","userId":52}
{"endpoint":"full","level":"info","message":"Dashboard Request","queryRestaurantId":null,"restaurantId":9,"role":"ADMIN","timestamp":"2026-08-06 13:01:00","userId":52}
{"endpoint":"full","level":"info","message":"Dashboard Request","queryRestaurantId":null,"restaurantId":9,"role":"ADMIN","timestamp":"2026-08-06 13:01:30","userId":52}
{"endpoint":"full","level":"info","message":"Dashboard Request","queryRestaurantId":null,"restaurantId":9,"role":"ADMIN","timestamp":"2026-08-06 13:02:01","userId":52}
{"endpoint":"full","level":"info","message":"Dashboard Request","queryRestaurantId":null,"restaurantId":1,"role":"ADMIN","timestamp":"2026-08-06 13:06:03","userId":31}
{"level":"info","message":"Server running on http://localhost:5001","timestamp":"2026-08-06 13:58:39"}
{"endpoint":"full","level":"info","message":"Dashboard Request","queryRestaurantId":null,"restaurantId":1,"role":"ADMIN","timestamp":"2026-08-06 13:59:14","userId":31}
{"endpoint":"full","level":"info","message":"Dashboard Request","queryRestaurantId":null,"restaurantId":1,"role":"ADMIN","timestamp":"2026-08-06 14:01:51","userId":31}
{"endpoint":"full","level":"info","message":"Dashboard Request","queryRestaurantId":null,"restaurantId":1,"role":"ADMIN","timestamp":"2026-08-06 14:02:22","userId":31}
{"endpoint":"full","level":"info","message":"Dashboard Request","queryRestaurantId":null,"restaurantId":1,"role":"ADMIN","timestamp":"2026-08-06 15:10:16","userId":31}
{"endpoint":"full","level":"info","message":"Dashboard Request","queryRestaurantId":null,"restaurantId":1,"role":"ADMIN","timestamp":"2026-08-06 15:12:42","userId":31}
{"endpoint":"full","level":"info","message":"Dashboard Request","queryRestaurantId":null,"restaurantId":1,"role":"ADMIN","timestamp":"2026-08-06 15:15:17","userId":31}
{"endpoint":"full","level":"info","message":"Dashboard Request","queryRestaurantId":null,"restaurantId":1,"role":"ADMIN","timestamp":"2026-08-06 15:15:27","userId":31}
{"endpoint":"full","level":"info","message":"Dashboard Request","queryRestaurantId":null,"restaurantId":1,"role":"ADMIN","timestamp":"2026-08-06 15:30:45","userId":31}
{"endpoint":"full","level":"info","message":"Dashboard Request","queryRestaurantId":null,"restaurantId":9,"role":"ADMIN","timestamp":"2026-08-06 15:52:00","userId":52}
{"level":"info","message":"Server running on http://localhost:5001","timestamp":"2026-08-06 15:53:39"}
{"endpoint":"full","level":"info","message":"Dashboard Request","queryRestaurantId":null,"restaurantId":9,"role":"ADMIN","timestamp":"2026-08-06 15:53:40","userId":52}
{"level":"info","message":"Server running on http://localhost:5001","timestamp":"2026-08-06 15:53:45"}
{"level":"info","message":"Server running on http://localhost:5001","timestamp":"2026-08-06 15:54:11"}
{"level":"info","message":"Server running on http://localhost:5001","timestamp":"2026-08-06 15:54:18"}
{"level":"info","message":"Server running on http://localhost:5001","timestamp":"2026-08-06 15:54:24"}
{"endpoint":"full","level":"info","message":"Dashboard Request","queryRestaurantId":null,"restaurantId":9,"role":"ADMIN","timestamp":"2026-08-06 15:54:27","userId":52}
{"endpoint":"full","level":"info","message":"Dashboard Request","queryRestaurantId":null,"restaurantId":9,"role":"ADMIN","timestamp":"2026-08-06 15:57:02","userId":52}
{"endpoint":"full","level":"info","message":"Dashboard Request","queryRestaurantId":null,"restaurantId":9,"role":"ADMIN","timestamp":"2026-08-06 15:57:32","userId":52}
{"level":"info","message":"Server running on http://localhost:5001","timestamp":"2026-08-06 16:00:09"}
{"endpoint":"full","level":"info","message":"Dashboard Request","queryRestaurantId":null,"restaurantId":1,"role":"ADMIN","timestamp":"2026-08-06 16:03:08","userId":31}
{"endpoint":"full","level":"info","message":"Dashboard Request","queryRestaurantId":null,"restaurantId":1,"role":"ADMIN","timestamp":"2026-08-06 16:04:46","userId":31}
{"endpoint":"full","level":"info","message":"Dashboard Request","queryRestaurantId":null,"restaurantId":1,"role":"ADMIN","timestamp":"2026-08-06 16:05:32","userId":31}
{"endpoint":"full","level":"info","message":"Dashboard Request","queryRestaurantId":null,"restaurantId":1,"role":"ADMIN","timestamp":"2026-08-06 16:05:54","userId":31}
{"endpoint":"full","level":"info","message":"Dashboard Request","queryRestaurantId":null,"restaurantId":1,"role":"ADMIN","timestamp":"2026-08-06 16:06:24","userId":31}
{"endpoint":"full","level":"info","message":"Dashboard Request","queryRestaurantId":null,"restaurantId":1,"role":"ADMIN","timestamp":"2026-08-06 16:07:21","userId":31}
{"endpoint":"full","level":"info","message":"Dashboard Request","queryRestaurantId":null,"restaurantId":1,"role":"ADMIN","timestamp":"2026-08-06 16:07:51","userId":31}
{"level":"info","message":"Server running on http://localhost:5001","timestamp":"2026-08-06 16:08:07"}
{"endpoint":"full","level":"info","message":"Dashboard Request","queryRestaurantId":null,"restaurantId":1,"role":"ADMIN","timestamp":"2026-08-06 16:08:21","userId":31}
{"level":"info","message":"Server running on http://localhost:5001","timestamp":"2026-08-06 16:08:49"}
{"endpoint":"full","level":"info","message":"Dashboard Request","queryRestaurantId":null,"restaurantId":1,"role":"ADMIN","timestamp":"2026-08-06 16:08:51","userId":31}
{"endpoint":"full","level":"info","message":"Dashboard Request","queryRestaurantId":null,"restaurantId":1,"role":"ADMIN","timestamp":"2026-08-06 16:09:21","userId":31}
{"level":"info","message":"Server running on http://localhost:5001","timestamp":"2026-08-06 16:09:27"}
{"endpoint":"full","level":"info","message":"Dashboard Request","queryRestaurantId":null,"restaurantId":1,"role":"ADMIN","timestamp":"2026-08-06 16:09:34","userId":31}
{"endpoint":"full","level":"info","message":"Dashboard Request","queryRestaurantId":null,"restaurantId":1,"role":"ADMIN","timestamp":"2026-08-06 16:10:26","userId":31}
{"endpoint":"full","level":"info","message":"Dashboard Request","queryRestaurantId":null,"restaurantId":1,"role":"ADMIN","timestamp":"2026-08-06 16:10:56","userId":31}
{"endpoint":"full","level":"info","message":"Dashboard Request","queryRestaurantId":null,"restaurantId":1,"role":"ADMIN","timestamp":"2026-08-06 16:11:00","userId":31}
{"endpoint":"full","level":"info","message":"Dashboard Request","queryRestaurantId":null,"restaurantId":1,"role":"ADMIN","timestamp":"2026-08-06 16:11:30","userId":31}
{"endpoint":"full","level":"info","message":"Dashboard Request","queryRestaurantId":null,"restaurantId":9,"role":"ADMIN","timestamp":"2026-08-06 16:11:31","userId":52}
{"level":"info","message":"Server running on http://localhost:5001","timestamp":"2026-08-06 16:12:01"}
{"endpoint":"full","level":"info","message":"Dashboard Request","queryRestaurantId":null,"restaurantId":1,"role":"ADMIN","timestamp":"2026-08-06 16:12:04","userId":31}
{"endpoint":"full","level":"info","message":"Dashboard Request","queryRestaurantId":null,"restaurantId":1,"role":"ADMIN","timestamp":"2026-08-06 16:12:21","userId":31}
{"endpoint":"full","level":"info","message":"Dashboard Request","queryRestaurantId":null,"restaurantId":1,"role":"ADMIN","timestamp":"2026-08-06 16:12:42","userId":31}
{"endpoint":"full","level":"info","message":"Dashboard Request","queryRestaurantId":null,"restaurantId":1,"role":"ADMIN","timestamp":"2026-08-06 16:13:04","userId":31}
{"endpoint":"full","level":"info","message":"Dashboard Request","queryRestaurantId":null,"restaurantId":1,"role":"ADMIN","timestamp":"2026-08-06 16:13:28","userId":31}
{"level":"info","message":"Server running on http://localhost:5001","timestamp":"2026-08-06 16:14:00"}
{"endpoint":"full","level":"info","message":"Dashboard Request","queryRestaurantId":null,"restaurantId":1,"role":"ADMIN","timestamp":"2026-08-06 16:14:05","userId":31}
{"level":"info","message":"Server running on http://localhost:5001","timestamp":"2026-08-06 16:14:43"}
{"level":"info","message":"Server running on http://localhost:5001","timestamp":"2026-08-06 16:14:55"}
{"level":"info","message":"Server running on http://localhost:5001","timestamp":"2026-08-06 16:15:17"}
{"level":"info","message":"Server running on http://localhost:5001","timestamp":"2026-08-06 16:15:34"}
{"level":"info","message":"Server running on http://localhost:5001","timestamp":"2026-08-06 16:16:03"}
{"endpoint":"full","level":"info","message":"Dashboard Request","queryRestaurantId":null,"restaurantId":1,"role":"ADMIN","timestamp":"2026-08-06 16:22:22","userId":31}
{"endpoint":"full","level":"info","message":"Dashboard Request","queryRestaurantId":null,"restaurantId":1,"role":"ADMIN","timestamp":"2026-08-06 16:22:37","userId":31}
{"endpoint":"full","level":"info","message":"Dashboard Request","queryRestaurantId":null,"restaurantId":1,"role":"ADMIN","timestamp":"2026-08-06 16:22:40","userId":31}
{"endpoint":"full","level":"info","message":"Dashboard Request","queryRestaurantId":null,"restaurantId":1,"role":"ADMIN","timestamp":"2026-08-06 16:23:10","userId":31}
{"endpoint":"full","level":"info","message":"Dashboard Request","queryRestaurantId":null,"restaurantId":1,"role":"ADMIN","timestamp":"2026-08-06 16:23:40","userId":31}
{"endpoint":"full","level":"info","message":"Dashboard Request","queryRestaurantId":null,"restaurantId":1,"role":"ADMIN","timestamp":"2026-08-06 16:24:10","userId":31}
{"endpoint":"full","level":"info","message":"Dashboard Request","queryRestaurantId":null,"restaurantId":1,"role":"ADMIN","timestamp":"2026-08-06 16:24:40","userId":31}
{"endpoint":"full","level":"info","message":"Dashboard Request","queryRestaurantId":null,"restaurantId":1,"role":"ADMIN","timestamp":"2026-08-06 16:25:10","userId":31}
{"endpoint":"full","level":"info","message":"Dashboard Request","queryRestaurantId":null,"restaurantId":1,"role":"ADMIN","timestamp":"2026-08-06 16:25:40","userId":31}
{"level":"info","message":"Server running on http://localhost:5001","timestamp":"2026-08-06 16:26:13"}
{"endpoint":"full","level":"info","message":"Dashboard Request","queryRestaurantId":null,"restaurantId":9,"role":"ADMIN","timestamp":"2026-08-06 16:29:25","userId":52}
{"endpoint":"full","level":"info","message":"Dashboard Request","queryRestaurantId":null,"restaurantId":9,"role":"ADMIN","timestamp":"2026-08-06 16:32:33","userId":52}
{"endpoint":"full","level":"info","message":"Dashboard Request","queryRestaurantId":null,"restaurantId":9,"role":"ADMIN","timestamp":"2026-08-06 16:39:04","userId":52}
{"endpoint":"full","level":"info","message":"Dashboard Request","queryRestaurantId":null,"restaurantId":9,"role":"ADMIN","timestamp":"2026-08-06 16:39:34","userId":52}
{"endpoint":"full","level":"info","message":"Dashboard Request","queryRestaurantId":null,"restaurantId":9,"role":"ADMIN","timestamp":"2026-08-06 16:40:04","userId":52}
{"endpoint":"full","level":"info","message":"Dashboard Request","queryRestaurantId":null,"restaurantId":9,"role":"ADMIN","timestamp":"2026-08-06 16:40:34","userId":52}
{"endpoint":"full","level":"info","message":"Dashboard Request","queryRestaurantId":null,"restaurantId":9,"role":"ADMIN","timestamp":"2026-08-06 16:41:04","userId":52}
{"endpoint":"full","level":"info","message":"Dashboard Request","queryRestaurantId":null,"restaurantId":9,"role":"ADMIN","timestamp":"2026-08-06 16:41:34","userId":52}
{"endpoint":"full","level":"info","message":"Dashboard Request","queryRestaurantId":null,"restaurantId":9,"role":"ADMIN","timestamp":"2026-08-06 16:42:04","userId":52}
{"endpoint":"full","level":"info","message":"Dashboard Request","queryRestaurantId":null,"restaurantId":9,"role":"ADMIN","timestamp":"2026-08-06 16:42:35","userId":52}
{"endpoint":"full","level":"info","message":"Dashboard Request","queryRestaurantId":null,"restaurantId":9,"role":"ADMIN","timestamp":"2026-08-06 16:43:05","userId":52}
{"endpoint":"full","level":"info","message":"Dashboard Request","queryRestaurantId":null,"restaurantId":9,"role":"ADMIN","timestamp":"2026-08-06 16:43:37","userId":52}
{"endpoint":"full","level":"info","message":"Dashboard Request","queryRestaurantId":null,"restaurantId":9,"role":"ADMIN","timestamp":"2026-08-06 16:44:10","userId":52}
{"endpoint":"full","level":"info","message":"Dashboard Request","queryRestaurantId":null,"restaurantId":9,"role":"ADMIN","timestamp":"2026-08-06 16:44:43","userId":52}
{"endpoint":"full","level":"info","message":"Dashboard Request","queryRestaurantId":null,"restaurantId":9,"role":"ADMIN","timestamp":"2026-08-06 16:45:16","userId":52}
{"endpoint":"full","level":"info","message":"Dashboard Request","queryRestaurantId":null,"restaurantId":9,"role":"ADMIN","timestamp":"2026-08-06 16:45:49","userId":52}
{"endpoint":"full","level":"info","message":"Dashboard Request","queryRestaurantId":null,"restaurantId":9,"role":"ADMIN","timestamp":"2026-08-06 16:46:19","userId":52}
{"endpoint":"full","level":"info","message":"Dashboard Request","queryRestaurantId":null,"restaurantId":9,"role":"ADMIN","timestamp":"2026-08-06 16:46:52","userId":52}
{"endpoint":"full","level":"info","message":"Dashboard Request","queryRestaurantId":null,"restaurantId":9,"role":"ADMIN","timestamp":"2026-08-06 16:47:24","userId":52}
{"endpoint":"full","level":"info","message":"Dashboard Request","queryRestaurantId":null,"restaurantId":9,"role":"ADMIN","timestamp":"2026-08-06 16:47:54","userId":52}
{"endpoint":"full","level":"info","message":"Dashboard Request","queryRestaurantId":null,"restaurantId":9,"role":"ADMIN","timestamp":"2026-08-06 16:48:27","userId":52}
{"endpoint":"full","level":"info","message":"Dashboard Request","queryRestaurantId":null,"restaurantId":9,"role":"ADMIN","timestamp":"2026-08-06 16:48:58","userId":52}
{"endpoint":"full","level":"info","message":"Dashboard Request","queryRestaurantId":null,"restaurantId":9,"role":"ADMIN","timestamp":"2026-08-06 16:49:30","userId":52}
{"endpoint":"full","level":"info","message":"Dashboard Request","queryRestaurantId":null,"restaurantId":9,"role":"ADMIN","timestamp":"2026-08-06 16:50:01","userId":52}
{"endpoint":"full","level":"info","message":"Dashboard Request","queryRestaurantId":null,"restaurantId":9,"role":"ADMIN","timestamp":"2026-08-06 16:50:35","userId":52}
{"endpoint":"full","level":"info","message":"Dashboard Request","queryRestaurantId":null,"restaurantId":9,"role":"ADMIN","timestamp":"2026-08-06 16:51:05","userId":52}
{"endpoint":"full","level":"info","message":"Dashboard Request","queryRestaurantId":null,"restaurantId":9,"role":"ADMIN","timestamp":"2026-08-06 17:01:40","userId":52}
{"endpoint":"full","level":"info","message":"Dashboard Request","queryRestaurantId":null,"restaurantId":9,"role":"ADMIN","timestamp":"2026-08-06 17:03:59","userId":52}
{"level":"info","message":"Server running on http://localhost:5001","timestamp":"2026-08-06 17:24:18"}
{"level":"info","message":"Server running on http://localhost:5001","timestamp":"2026-08-06 17:24:31"}
{"level":"info","message":"Server running on http://localhost:5001","timestamp":"2026-08-06 17:24:36"}
{"level":"info","message":"Server running on http://localhost:5001","timestamp":"2026-08-06 17:24:45"}
{"level":"info","message":"Server running on http://localhost:5001","timestamp":"2026-08-06 17:29:51"}
{"endpoint":"full","level":"info","message":"Dashboard Request","queryRestaurantId":null,"restaurantId":1,"role":"ADMIN","timestamp":"2026-08-06 17:32:08","userId":31}
{"endpoint":"full","level":"info","message":"Dashboard Request","queryRestaurantId":null,"restaurantId":1,"role":"ADMIN","timestamp":"2026-08-06 17:38:50","userId":31}
{"endpoint":"full","level":"info","message":"Dashboard Request","queryRestaurantId":null,"restaurantId":1,"role":"ADMIN","timestamp":"2026-08-06 17:39:25","userId":31}
{"endpoint":"full","level":"info","message":"Dashboard Request","queryRestaurantId":null,"restaurantId":1,"role":"ADMIN","timestamp":"2026-08-06 17:40:18","userId":31}
{"endpoint":"full","level":"info","message":"Dashboard Request","queryRestaurantId":null,"restaurantId":1,"role":"ADMIN","timestamp":"2026-08-06 17:40:59","userId":31}
{"endpoint":"full","level":"info","message":"Dashboard Request","queryRestaurantId":null,"restaurantId":1,"role":"ADMIN","timestamp":"2026-08-06 17:41:39","userId":31}
{"endpoint":"full","level":"info","message":"Dashboard Request","queryRestaurantId":null,"restaurantId":1,"role":"ADMIN","timestamp":"2026-08-06 17:42:12","userId":31}
{"endpoint":"full","level":"info","message":"Dashboard Request","queryRestaurantId":null,"restaurantId":1,"role":"ADMIN","timestamp":"2026-08-06 17:42:58","userId":31}
{"endpoint":"full","level":"info","message":"Dashboard Request","queryRestaurantId":null,"restaurantId":1,"role":"ADMIN","timestamp":"2026-08-06 17:43:40","userId":31}
{"endpoint":"full","level":"info","message":"Dashboard Request","queryRestaurantId":null,"restaurantId":1,"role":"ADMIN","timestamp":"2026-08-06 17:44:21","userId":31}
{"endpoint":"full","level":"info","message":"Dashboard Request","queryRestaurantId":null,"restaurantId":1,"role":"ADMIN","timestamp":"2026-08-06 17:44:50","userId":31}
{"endpoint":"full","level":"info","message":"Dashboard Request","queryRestaurantId":null,"restaurantId":1,"role":"ADMIN","timestamp":"2026-08-06 17:45:39","userId":31}
{"level":"info","message":"Server running on http://localhost:5001","timestamp":"2026-08-06 17:48:17"}
{"level":"info","message":"Server running on http://localhost:5001","timestamp":"2026-08-06 17:48:23"}
{"level":"info","message":"Server running on http://localhost:5001","timestamp":"2026-08-06 17:48:36"}
{"endpoint":"full","level":"info","message":"Dashboard Request","queryRestaurantId":null,"restaurantId":1,"role":"ADMIN","timestamp":"2026-08-06 17:48:45","userId":31}
{"endpoint":"full","level":"info","message":"Dashboard Request","queryRestaurantId":null,"restaurantId":9,"role":"ADMIN","timestamp":"2026-08-06 17:51:30","userId":52}
{"endpoint":"full","level":"info","message":"Dashboard Request","queryRestaurantId":null,"restaurantId":9,"role":"ADMIN","timestamp":"2026-08-06 17:51:59","userId":52}
{"endpoint":"full","level":"info","message":"Dashboard Request","queryRestaurantId":null,"restaurantId":9,"role":"ADMIN","timestamp":"2026-08-06 17:52:48","userId":52}
{"endpoint":"full","level":"info","message":"Dashboard Request","queryRestaurantId":null,"restaurantId":9,"role":"ADMIN","timestamp":"2026-08-06 17:54:54","userId":52}
{"endpoint":"full","level":"info","message":"Dashboard Request","queryRestaurantId":null,"restaurantId":9,"role":"ADMIN","timestamp":"2026-08-06 17:55:24","userId":52}
{"endpoint":"full","level":"info","message":"Dashboard Request","queryRestaurantId":null,"restaurantId":9,"role":"ADMIN","timestamp":"2026-08-06 17:57:21","userId":52}
{"endpoint":"full","level":"info","message":"Dashboard Request","queryRestaurantId":null,"restaurantId":9,"role":"ADMIN","timestamp":"2026-08-06 18:01:47","userId":52}
{"endpoint":"full","level":"info","message":"Dashboard Request","queryRestaurantId":null,"restaurantId":9,"role":"ADMIN","timestamp":"2026-08-06 18:02:21","userId":52}
{"endpoint":"full","level":"info","message":"Dashboard Request","queryRestaurantId":null,"restaurantId":9,"role":"ADMIN","timestamp":"2026-08-06 18:03:30","userId":52}
{"endpoint":"full","level":"info","message":"Dashboard Request","queryRestaurantId":null,"restaurantId":9,"role":"ADMIN","timestamp":"2026-08-06 18:03:59","userId":52}
{"endpoint":"full","level":"info","message":"Dashboard Request","queryRestaurantId":null,"restaurantId":9,"role":"ADMIN","timestamp":"2026-08-06 18:04:29","userId":52}
{"endpoint":"full","level":"info","message":"Dashboard Request","queryRestaurantId":null,"restaurantId":9,"role":"ADMIN","timestamp":"2026-08-06 18:04:59","userId":52}
{"endpoint":"full","level":"info","message":"Dashboard Request","queryRestaurantId":null,"restaurantId":9,"role":"ADMIN","timestamp":"2026-08-06 18:05:30","userId":52}
{"endpoint":"full","level":"info","message":"Dashboard Request","queryRestaurantId":null,"restaurantId":9,"role":"ADMIN","timestamp":"2026-08-06 18:06:00","userId":52}
{"endpoint":"full","level":"info","message":"Dashboard Request","queryRestaurantId":null,"restaurantId":9,"role":"ADMIN","timestamp":"2026-08-06 18:06:30","userId":52}
{"endpoint":"full","level":"info","message":"Dashboard Request","queryRestaurantId":null,"restaurantId":9,"role":"ADMIN","timestamp":"2026-08-06 18:07:00","userId":52}
{"endpoint":"full","level":"info","message":"Dashboard Request","queryRestaurantId":null,"restaurantId":9,"role":"ADMIN","timestamp":"2026-08-06 18:07:30","userId":52}
{"endpoint":"full","level":"info","message":"Dashboard Request","queryRestaurantId":null,"restaurantId":9,"role":"ADMIN","timestamp":"2026-08-06 18:08:00","userId":52}
{"endpoint":"full","level":"info","message":"Dashboard Request","queryRestaurantId":null,"restaurantId":9,"role":"ADMIN","timestamp":"2026-08-06 18:08:30","userId":52}
{"endpoint":"full","level":"info","message":"Dashboard Request","queryRestaurantId":null,"restaurantId":9,"role":"ADMIN","timestamp":"2026-08-06 18:09:00","userId":52}
{"endpoint":"full","level":"info","message":"Dashboard Request","queryRestaurantId":null,"restaurantId":9,"role":"ADMIN","timestamp":"2026-08-06 18:09:30","userId":52}
{"endpoint":"full","level":"info","message":"Dashboard Request","queryRestaurantId":null,"restaurantId":9,"role":"ADMIN","timestamp":"2026-08-06 18:10:00","userId":52}
{"endpoint":"full","level":"info","message":"Dashboard Request","queryRestaurantId":null,"restaurantId":9,"role":"ADMIN","timestamp":"2026-08-06 18:10:31","userId":52}
{"endpoint":"full","level":"info","message":"Dashboard Request","queryRestaurantId":null,"restaurantId":9,"role":"ADMIN","timestamp":"2026-08-06 18:11:03","userId":52}
{"endpoint":"full","level":"info","message":"Dashboard Request","queryRestaurantId":null,"restaurantId":9,"role":"ADMIN","timestamp":"2026-08-06 18:11:33","userId":52}
{"endpoint":"full","level":"info","message":"Dashboard Request","queryRestaurantId":null,"restaurantId":9,"role":"ADMIN","timestamp":"2026-08-06 18:12:04","userId":52}
{"endpoint":"full","level":"info","message":"Dashboard Request","queryRestaurantId":null,"restaurantId":9,"role":"ADMIN","timestamp":"2026-08-06 18:12:34","userId":52}
{"endpoint":"full","level":"info","message":"Dashboard Request","queryRestaurantId":null,"restaurantId":9,"role":"ADMIN","timestamp":"2026-08-06 18:13:04","userId":52}
{"endpoint":"full","level":"info","message":"Dashboard Request","queryRestaurantId":null,"restaurantId":1,"role":"ADMIN","timestamp":"2026-08-06 18:23:40","userId":31}
{"endpoint":"full","level":"info","message":"Dashboard Request","queryRestaurantId":null,"restaurantId":1,"role":"ADMIN","timestamp":"2026-08-06 18:24:09","userId":31}
{"endpoint":"full","level":"info","message":"Dashboard Request","queryRestaurantId":null,"restaurantId":1,"role":"ADMIN","timestamp":"2026-08-06 18:24:33","userId":31}
{"endpoint":"full","level":"info","message":"Dashboard Request","queryRestaurantId":null,"restaurantId":1,"role":"ADMIN","timestamp":"2026-08-06 18:24:55","userId":31}
{"endpoint":"full","level":"info","message":"Dashboard Request","queryRestaurantId":null,"restaurantId":1,"role":"ADMIN","timestamp":"2026-08-06 18:25:20","userId":31}
{"endpoint":"full","level":"info","message":"Dashboard Request","queryRestaurantId":null,"restaurantId":1,"role":"ADMIN","timestamp":"2026-08-06 18:25:50","userId":31}
{"endpoint":"full","level":"info","message":"Dashboard Request","queryRestaurantId":null,"restaurantId":1,"role":"ADMIN","timestamp":"2026-08-06 18:26:15","userId":31}
{"endpoint":"full","level":"info","message":"Dashboard Request","queryRestaurantId":null,"restaurantId":1,"role":"ADMIN","timestamp":"2026-08-06 18:26:44","userId":31}
{"endpoint":"full","level":"info","message":"Dashboard Request","queryRestaurantId":null,"restaurantId":1,"role":"ADMIN","timestamp":"2026-08-06 18:27:12","userId":31}
{"endpoint":"full","level":"info","message":"Dashboard Request","queryRestaurantId":null,"restaurantId":1,"role":"ADMIN","timestamp":"2026-08-06 18:27:35","userId":31}
{"endpoint":"full","level":"info","message":"Dashboard Request","queryRestaurantId":null,"restaurantId":1,"role":"ADMIN","timestamp":"2026-08-06 18:28:02","userId":31}
{"endpoint":"full","level":"info","message":"Dashboard Request","queryRestaurantId":null,"restaurantId":1,"role":"ADMIN","timestamp":"2026-08-06 18:28:30","userId":31}
{"endpoint":"full","level":"info","message":"Dashboard Request","queryRestaurantId":null,"restaurantId":1,"role":"ADMIN","timestamp":"2026-08-06 18:28:57","userId":31}
{"endpoint":"full","level":"info","message":"Dashboard Request","queryRestaurantId":null,"restaurantId":1,"role":"ADMIN","timestamp":"2026-08-06 18:29:20","userId":31}
{"endpoint":"full","level":"info","message":"Dashboard Request","queryRestaurantId":null,"restaurantId":1,"role":"ADMIN","timestamp":"2026-08-06 18:29:52","userId":31}
{"endpoint":"full","level":"info","message":"Dashboard Request","queryRestaurantId":null,"restaurantId":1,"role":"ADMIN","timestamp":"2026-08-06 18:30:19","userId":31}
{"endpoint":"full","level":"info","message":"Dashboard Request","queryRestaurantId":null,"restaurantId":1,"role":"ADMIN","timestamp":"2026-08-06 18:30:43","userId":31}
{"endpoint":"full","level":"info","message":"Dashboard Request","queryRestaurantId":null,"restaurantId":1,"role":"ADMIN","timestamp":"2026-08-06 18:31:29","userId":31}
{"endpoint":"full","level":"info","message":"Dashboard Request","queryRestaurantId":null,"restaurantId":1,"role":"ADMIN","timestamp":"2026-08-06 18:31:59","userId":31}
{"endpoint":"full","level":"info","message":"Dashboard Request","queryRestaurantId":null,"restaurantId":1,"role":"ADMIN","timestamp":"2026-08-06 18:32:18","userId":31}
{"endpoint":"full","level":"info","message":"Dashboard Request","queryRestaurantId":null,"restaurantId":1,"role":"ADMIN","timestamp":"2026-08-06 18:32:43","userId":31}
{"endpoint":"full","level":"info","message":"Dashboard Request","queryRestaurantId":null,"restaurantId":1,"role":"ADMIN","timestamp":"2026-08-06 18:33:11","userId":31}
{"endpoint":"full","level":"info","message":"Dashboard Request","queryRestaurantId":null,"restaurantId":1,"role":"ADMIN","timestamp":"2026-08-06 18:33:42","userId":31}
{"endpoint":"full","level":"info","message":"Dashboard Request","queryRestaurantId":null,"restaurantId":1,"role":"ADMIN","timestamp":"2026-08-06 18:34:08","userId":31}
{"endpoint":"full","level":"info","message":"Dashboard Request","queryRestaurantId":null,"restaurantId":1,"role":"ADMIN","timestamp":"2026-08-06 18:34:40","userId":31}
{"endpoint":"full","level":"info","message":"Dashboard Request","queryRestaurantId":null,"restaurantId":1,"role":"ADMIN","timestamp":"2026-08-06 18:35:06","userId":31}
{"endpoint":"full","level":"info","message":"Dashboard Request","queryRestaurantId":null,"restaurantId":1,"role":"ADMIN","timestamp":"2026-08-06 18:35:33","userId":31}
{"level":"info","message":"Server running on http://localhost:5001","timestamp":"2026-08-06 18:37:43"}
{"endpoint":"full","level":"info","message":"Dashboard Request","queryRestaurantId":null,"restaurantId":1,"role":"ADMIN","timestamp":"2026-08-06 18:37:47","userId":31}
{"endpoint":"full","level":"info","message":"Dashboard Request","queryRestaurantId":null,"restaurantId":9,"role":"ADMIN","timestamp":"2026-08-06 18:43:06","userId":52}
{"endpoint":"full","level":"info","message":"Dashboard Request","queryRestaurantId":null,"restaurantId":9,"role":"ADMIN","timestamp":"2026-08-06 18:43:45","userId":52}
{"endpoint":"full","level":"info","message":"Dashboard Request","queryRestaurantId":null,"restaurantId":9,"role":"ADMIN","timestamp":"2026-08-06 18:58:18","userId":52}
{"endpoint":"full","level":"info","message":"Dashboard Request","queryRestaurantId":null,"restaurantId":9,"role":"ADMIN","timestamp":"2026-08-06 18:58:32","userId":52}
{"endpoint":"full","level":"info","message":"Dashboard Request","queryRestaurantId":null,"restaurantId":9,"role":"ADMIN","timestamp":"2026-08-06 18:59:02","userId":52}
{"endpoint":"full","level":"info","message":"Dashboard Request","queryRestaurantId":null,"restaurantId":9,"role":"ADMIN","timestamp":"2026-08-06 18:59:32","userId":52}
{"endpoint":"full","level":"info","message":"Dashboard Request","queryRestaurantId":null,"restaurantId":9,"role":"ADMIN","timestamp":"2026-08-06 19:00:03","userId":52}
{"endpoint":"full","level":"info","message":"Dashboard Request","queryRestaurantId":null,"restaurantId":9,"role":"ADMIN","timestamp":"2026-08-06 19:00:33","userId":52}
{"endpoint":"full","level":"info","message":"Dashboard Request","queryRestaurantId":null,"restaurantId":9,"role":"ADMIN","timestamp":"2026-08-06 19:01:03","userId":52}
{"endpoint":"full","level":"info","message":"Dashboard Request","queryRestaurantId":null,"restaurantId":9,"role":"ADMIN","timestamp":"2026-08-06 19:01:34","userId":52}
{"endpoint":"full","level":"info","message":"Dashboard Request","queryRestaurantId":null,"restaurantId":9,"role":"ADMIN","timestamp":"2026-08-06 19:02:04","userId":52}
{"endpoint":"full","level":"info","message":"Dashboard Request","queryRestaurantId":null,"restaurantId":9,"role":"ADMIN","timestamp":"2026-08-06 19:02:34","userId":52}
{"endpoint":"full","level":"info","message":"Dashboard Request","queryRestaurantId":null,"restaurantId":9,"role":"ADMIN","timestamp":"2026-08-06 19:03:05","userId":52}
{"endpoint":"full","level":"info","message":"Dashboard Request","queryRestaurantId":null,"restaurantId":9,"role":"ADMIN","timestamp":"2026-08-06 19:03:35","userId":52}
{"endpoint":"full","level":"info","message":"Dashboard Request","queryRestaurantId":null,"restaurantId":9,"role":"ADMIN","timestamp":"2026-08-06 19:04:05","userId":52}
{"endpoint":"full","level":"info","message":"Dashboard Request","queryRestaurantId":null,"restaurantId":9,"role":"ADMIN","timestamp":"2026-08-06 19:04:35","userId":52}
{"endpoint":"full","level":"info","message":"Dashboard Request","queryRestaurantId":null,"restaurantId":9,"role":"ADMIN","timestamp":"2026-08-06 19:05:06","userId":52}
{"endpoint":"full","level":"info","message":"Dashboard Request","queryRestaurantId":null,"restaurantId":9,"role":"ADMIN","timestamp":"2026-08-06 19:05:36","userId":52}
{"endpoint":"full","level":"info","message":"Dashboard Request","queryRestaurantId":null,"restaurantId":9,"role":"ADMIN","timestamp":"2026-08-06 19:06:06","userId":52}
{"endpoint":"full","level":"info","message":"Dashboard Request","queryRestaurantId":null,"restaurantId":9,"role":"ADMIN","timestamp":"2026-08-06 19:06:36","userId":52}
{"endpoint":"full","level":"info","message":"Dashboard Request","queryRestaurantId":null,"restaurantId":9,"role":"ADMIN","timestamp":"2026-08-06 19:07:07","userId":52}
{"endpoint":"full","level":"info","message":"Dashboard Request","queryRestaurantId":null,"restaurantId":9,"role":"ADMIN","timestamp":"2026-08-06 19:07:37","userId":52}
{"endpoint":"full","level":"info","message":"Dashboard Request","queryRestaurantId":null,"restaurantId":9,"role":"ADMIN","timestamp":"2026-08-06 19:08:08","userId":52}
{"endpoint":"full","level":"info","message":"Dashboard Request","queryRestaurantId":null,"restaurantId":9,"role":"ADMIN","timestamp":"2026-08-06 19:08:38","userId":52}
{"endpoint":"full","level":"info","message":"Dashboard Request","queryRestaurantId":null,"restaurantId":9,"role":"ADMIN","timestamp":"2026-08-06 19:09:08","userId":52}
{"endpoint":"full","level":"info","message":"Dashboard Request","queryRestaurantId":null,"restaurantId":9,"role":"ADMIN","timestamp":"2026-08-06 19:09:33","userId":52}
{"endpoint":"full","level":"info","message":"Dashboard Request","queryRestaurantId":null,"restaurantId":9,"role":"ADMIN","timestamp":"2026-08-06 19:09:40","userId":52}
{"level":"info","message":"Server running on http://localhost:5001","timestamp":"2026-08-06 19:10:35"}
{"level":"info","message":"Server running on http://localhost:5001","timestamp":"2026-08-06 19:12:01"}
{"endpoint":"full","level":"info","message":"Dashboard Request","queryRestaurantId":null,"restaurantId":9,"role":"ADMIN","timestamp":"2026-08-06 19:12:38","userId":52}
{"level":"info","message":"Server running on http://localhost:5001","timestamp":"2026-08-06 19:12:53"}
{"endpoint":"full","level":"info","message":"Dashboard Request","queryRestaurantId":null,"restaurantId":9,"role":"ADMIN","timestamp":"2026-08-06 19:13:08","userId":52}
{"endpoint":"full","level":"info","message":"Dashboard Request","queryRestaurantId":null,"restaurantId":9,"role":"ADMIN","timestamp":"2026-08-06 19:13:38","userId":52}
{"endpoint":"full","level":"info","message":"Dashboard Request","queryRestaurantId":null,"restaurantId":9,"role":"ADMIN","timestamp":"2026-08-06 19:14:08","userId":52}
{"endpoint":"full","level":"info","message":"Dashboard Request","queryRestaurantId":null,"restaurantId":9,"role":"ADMIN","timestamp":"2026-08-06 19:14:39","userId":52}
{"endpoint":"full","level":"info","message":"Dashboard Request","queryRestaurantId":null,"restaurantId":9,"role":"ADMIN","timestamp":"2026-08-06 19:15:09","userId":52}
{"endpoint":"full","level":"info","message":"Dashboard Request","queryRestaurantId":null,"restaurantId":1,"role":"ADMIN","timestamp":"2026-08-06 19:15:11","userId":31}
{"endpoint":"full","level":"info","message":"Dashboard Request","queryRestaurantId":null,"restaurantId":9,"role":"ADMIN","timestamp":"2026-08-06 19:15:39","userId":52}
{"endpoint":"full","level":"info","message":"Dashboard Request","queryRestaurantId":null,"restaurantId":1,"role":"ADMIN","timestamp":"2026-08-06 19:16:02","userId":31}
{"endpoint":"full","level":"info","message":"Dashboard Request","queryRestaurantId":null,"restaurantId":9,"role":"ADMIN","timestamp":"2026-08-06 19:16:10","userId":52}
{"endpoint":"full","level":"info","message":"Dashboard Request","queryRestaurantId":null,"restaurantId":9,"role":"ADMIN","timestamp":"2026-08-06 19:16:40","userId":52}
{"endpoint":"full","level":"info","message":"Dashboard Request","queryRestaurantId":null,"restaurantId":1,"role":"ADMIN","timestamp":"2026-08-06 19:16:46","userId":31}
{"endpoint":"full","level":"info","message":"Dashboard Request","queryRestaurantId":null,"restaurantId":9,"role":"ADMIN","timestamp":"2026-08-06 19:17:10","userId":52}
{"endpoint":"full","level":"info","message":"Dashboard Request","queryRestaurantId":null,"restaurantId":1,"role":"ADMIN","timestamp":"2026-08-06 19:17:28","userId":31}
{"endpoint":"full","level":"info","message":"Dashboard Request","queryRestaurantId":null,"restaurantId":9,"role":"ADMIN","timestamp":"2026-08-06 19:17:41","userId":52}
{"endpoint":"full","level":"info","message":"Dashboard Request","queryRestaurantId":null,"restaurantId":9,"role":"ADMIN","timestamp":"2026-08-06 19:18:11","userId":52}
{"endpoint":"full","level":"info","message":"Dashboard Request","queryRestaurantId":null,"restaurantId":9,"role":"ADMIN","timestamp":"2026-08-06 19:18:42","userId":52}
{"level":"info","message":"Server running on http://localhost:5001","timestamp":"2026-08-06 19:18:54"}
{"endpoint":"full","level":"info","message":"Dashboard Request","queryRestaurantId":null,"restaurantId":9,"role":"ADMIN","timestamp":"2026-08-06 19:19:12","userId":52}
{"endpoint":"full","level":"info","message":"Dashboard Request","queryRestaurantId":null,"restaurantId":9,"role":"ADMIN","timestamp":"2026-08-06 19:19:43","userId":52}
{"endpoint":"full","level":"info","message":"Dashboard Request","queryRestaurantId":null,"restaurantId":9,"role":"ADMIN","timestamp":"2026-08-06 19:20:14","userId":52}
{"endpoint":"full","level":"info","message":"Dashboard Request","queryRestaurantId":null,"restaurantId":9,"role":"ADMIN","timestamp":"2026-08-06 19:20:44","userId":52}
{"endpoint":"full","level":"info","message":"Dashboard Request","queryRestaurantId":null,"restaurantId":9,"role":"ADMIN","timestamp":"2026-08-06 19:21:15","userId":52}
{"endpoint":"full","level":"info","message":"Dashboard Request","queryRestaurantId":null,"restaurantId":9,"role":"ADMIN","timestamp":"2026-08-06 19:21:45","userId":52}
{"endpoint":"full","level":"info","message":"Dashboard Request","queryRestaurantId":null,"restaurantId":9,"role":"ADMIN","timestamp":"2026-08-06 19:22:16","userId":52}
{"endpoint":"full","level":"info","message":"Dashboard Request","queryRestaurantId":null,"restaurantId":9,"role":"ADMIN","timestamp":"2026-08-06 19:22:46","userId":52}
{"endpoint":"full","level":"info","message":"Dashboard Request","queryRestaurantId":null,"restaurantId":9,"role":"ADMIN","timestamp":"2026-08-06 19:23:16","userId":52}
{"endpoint":"full","level":"info","message":"Dashboard Request","queryRestaurantId":null,"restaurantId":9,"role":"ADMIN","timestamp":"2026-08-06 19:23:46","userId":52}
{"endpoint":"full","level":"info","message":"Dashboard Request","queryRestaurantId":null,"restaurantId":9,"role":"ADMIN","timestamp":"2026-08-06 19:24:17","userId":52}
{"endpoint":"full","level":"info","message":"Dashboard Request","queryRestaurantId":null,"restaurantId":9,"role":"ADMIN","timestamp":"2026-08-06 19:24:30","userId":52}
{"endpoint":"full","level":"info","message":"Dashboard Request","queryRestaurantId":null,"restaurantId":9,"role":"ADMIN","timestamp":"2026-08-06 19:26:16","userId":52}
{"endpoint":"full","level":"info","message":"Dashboard Request","queryRestaurantId":null,"restaurantId":9,"role":"ADMIN","timestamp":"2026-08-06 19:31:33","userId":52}
{"level":"info","message":"Server running on http://localhost:5001","timestamp":"2026-08-07 11:13:31"}
{"level":"info","message":"Server running on http://localhost:5001","timestamp":"2026-08-07 11:13:57"}
{"level":"info","message":"Server running on http://localhost:5001","timestamp":"2026-08-07 11:14:57"}
{"level":"info","message":"Server running on http://localhost:5001","timestamp":"2026-08-07 11:15:38"}
{"level":"info","message":"Server running on http://localhost:5001","timestamp":"2026-08-07 11:23:08"}
{"level":"info","message":"Server running on http://localhost:5001","timestamp":"2026-08-07 11:27:46"}
{"endpoint":"summary","level":"info","message":"Dashboard Request","queryRestaurantId":null,"restaurantId":13,"role":"ADMIN","timestamp":"2026-08-07 11:27:50","userId":91}
{"level":"info","message":"Server running on http://localhost:5001","timestamp":"2026-08-07 11:30:19"}
{"endpoint":"summary","level":"info","message":"Dashboard Request","queryRestaurantId":null,"restaurantId":14,"role":"ADMIN","timestamp":"2026-08-07 11:30:24","userId":92}
{"endpoint":"full","level":"info","message":"Dashboard Request","queryRestaurantId":null,"restaurantId":2,"role":"ADMIN","timestamp":"2026-08-07 12:01:36","userId":47}
{"endpoint":"full","level":"info","message":"Dashboard Request","queryRestaurantId":null,"restaurantId":2,"role":"ADMIN","timestamp":"2026-08-07 12:02:22","userId":47}
{"endpoint":"full","level":"info","message":"Dashboard Request","queryRestaurantId":null,"restaurantId":2,"role":"ADMIN","timestamp":"2026-08-07 12:02:55","userId":47}
{"endpoint":"full","level":"info","message":"Dashboard Request","queryRestaurantId":null,"restaurantId":2,"role":"ADMIN","timestamp":"2026-08-07 12:03:25","userId":47}
{"endpoint":"full","level":"info","message":"Dashboard Request","queryRestaurantId":null,"restaurantId":2,"role":"ADMIN","timestamp":"2026-08-07 12:03:57","userId":47}
{"endpoint":"full","level":"info","message":"Dashboard Request","queryRestaurantId":null,"restaurantId":2,"role":"ADMIN","timestamp":"2026-08-07 12:04:29","userId":47}
{"endpoint":"full","level":"info","message":"Dashboard Request","queryRestaurantId":null,"restaurantId":2,"role":"ADMIN","timestamp":"2026-08-07 12:05:02","userId":47}
{"endpoint":"full","level":"info","message":"Dashboard Request","queryRestaurantId":null,"restaurantId":2,"role":"ADMIN","timestamp":"2026-08-07 12:05:35","userId":47}
{"endpoint":"full","level":"info","message":"Dashboard Request","queryRestaurantId":null,"restaurantId":2,"role":"ADMIN","timestamp":"2026-08-07 12:06:08","userId":47}
{"endpoint":"full","level":"info","message":"Dashboard Request","queryRestaurantId":null,"restaurantId":2,"role":"ADMIN","timestamp":"2026-08-07 12:06:41","userId":47}
{"endpoint":"full","level":"info","message":"Dashboard Request","queryRestaurantId":null,"restaurantId":2,"role":"ADMIN","timestamp":"2026-08-07 12:07:14","userId":47}
{"endpoint":"full","level":"info","message":"Dashboard Request","queryRestaurantId":null,"restaurantId":1,"role":"ADMIN","timestamp":"2026-08-07 12:07:36","userId":31}
{"endpoint":"full","level":"info","message":"Dashboard Request","queryRestaurantId":null,"restaurantId":2,"role":"ADMIN","timestamp":"2026-08-07 12:07:44","userId":47}
{"endpoint":"full","level":"info","message":"Dashboard Request","queryRestaurantId":null,"restaurantId":2,"role":"ADMIN","timestamp":"2026-08-07 12:08:16","userId":47}
{"endpoint":"full","level":"info","message":"Dashboard Request","queryRestaurantId":null,"restaurantId":2,"role":"ADMIN","timestamp":"2026-08-07 12:08:46","userId":47}
{"endpoint":"full","level":"info","message":"Dashboard Request","queryRestaurantId":null,"restaurantId":2,"role":"ADMIN","timestamp":"2026-08-07 12:09:19","userId":47}
{"endpoint":"full","level":"info","message":"Dashboard Request","queryRestaurantId":null,"restaurantId":2,"role":"ADMIN","timestamp":"2026-08-07 12:09:52","userId":47}
{"endpoint":"full","level":"info","message":"Dashboard Request","queryRestaurantId":null,"restaurantId":2,"role":"ADMIN","timestamp":"2026-08-07 12:10:25","userId":47}
{"endpoint":"full","level":"info","message":"Dashboard Request","queryRestaurantId":null,"restaurantId":2,"role":"ADMIN","timestamp":"2026-08-07 12:10:58","userId":47}
{"endpoint":"full","level":"info","message":"Dashboard Request","queryRestaurantId":null,"restaurantId":2,"role":"ADMIN","timestamp":"2026-08-07 12:11:31","userId":47}
{"endpoint":"full","level":"info","message":"Dashboard Request","queryRestaurantId":null,"restaurantId":2,"role":"ADMIN","timestamp":"2026-08-07 12:12:01","userId":47}
{"endpoint":"full","level":"info","message":"Dashboard Request","queryRestaurantId":null,"restaurantId":9,"role":"ADMIN","timestamp":"2026-08-07 12:18:58","userId":52}
{"endpoint":"full","level":"info","message":"Dashboard Request","queryRestaurantId":null,"restaurantId":9,"role":"ADMIN","timestamp":"2026-08-07 12:19:28","userId":52}
{"endpoint":"full","level":"info","message":"Dashboard Request","queryRestaurantId":null,"restaurantId":1,"role":"ADMIN","timestamp":"2026-08-07 12:47:02","userId":31}
{"endpoint":"full","level":"info","message":"Dashboard Request","queryRestaurantId":null,"restaurantId":1,"role":"ADMIN","timestamp":"2026-08-07 12:47:32","userId":31}
{"endpoint":"full","level":"info","message":"Dashboard Request","queryRestaurantId":null,"restaurantId":1,"role":"ADMIN","timestamp":"2026-08-07 12:48:02","userId":31}
{"endpoint":"full","level":"info","message":"Dashboard Request","queryRestaurantId":null,"restaurantId":1,"role":"ADMIN","timestamp":"2026-08-07 12:48:36","userId":31}
{"endpoint":"full","level":"info","message":"Dashboard Request","queryRestaurantId":null,"restaurantId":1,"role":"ADMIN","timestamp":"2026-08-07 13:08:28","userId":31}
{"endpoint":"full","level":"info","message":"Dashboard Request","queryRestaurantId":null,"restaurantId":1,"role":"ADMIN","timestamp":"2026-08-07 13:08:57","userId":31}
{"endpoint":"full","level":"info","message":"Dashboard Request","queryRestaurantId":null,"restaurantId":1,"role":"ADMIN","timestamp":"2026-08-07 13:09:43","userId":31}
{"level":"info","message":"Checking expired subscriptions...","timestamp":"2026-08-09 00:00:17"}
{"endpoint":"full","level":"info","message":"Dashboard Request","queryRestaurantId":null,"restaurantId":1,"role":"ADMIN","timestamp":"2026-08-10 11:57:50","userId":31}
{"endpoint":"full","level":"info","message":"Dashboard Request","queryRestaurantId":null,"restaurantId":1,"role":"ADMIN","timestamp":"2026-08-10 11:58:12","userId":31}
{"endpoint":"full","level":"info","message":"Dashboard Request","queryRestaurantId":null,"restaurantId":1,"role":"ADMIN","timestamp":"2026-08-10 11:58:42","userId":31}
{"endpoint":"full","level":"info","message":"Dashboard Request","queryRestaurantId":null,"restaurantId":1,"role":"ADMIN","timestamp":"2026-08-10 11:59:12","userId":31}
{"endpoint":"full","level":"info","message":"Dashboard Request","queryRestaurantId":null,"restaurantId":1,"role":"ADMIN","timestamp":"2026-08-10 11:59:42","userId":31}
{"endpoint":"full","level":"info","message":"Dashboard Request","queryRestaurantId":null,"restaurantId":1,"role":"ADMIN","timestamp":"2026-08-10 12:00:26","userId":31}
{"endpoint":"full","level":"info","message":"Dashboard Request","queryRestaurantId":null,"restaurantId":1,"role":"ADMIN","timestamp":"2026-08-10 12:00:45","userId":31}
{"endpoint":"full","level":"info","message":"Dashboard Request","queryRestaurantId":null,"restaurantId":1,"role":"ADMIN","timestamp":"2026-08-10 12:01:13","userId":31}
{"endpoint":"full","level":"info","message":"Dashboard Request","queryRestaurantId":null,"restaurantId":1,"role":"ADMIN","timestamp":"2026-08-10 12:01:44","userId":31}
{"endpoint":"full","level":"info","message":"Dashboard Request","queryRestaurantId":null,"restaurantId":1,"role":"ADMIN","timestamp":"2026-08-10 12:02:14","userId":31}
{"endpoint":"full","level":"info","message":"Dashboard Request","queryRestaurantId":null,"restaurantId":1,"role":"ADMIN","timestamp":"2026-08-10 12:02:44","userId":31}
{"endpoint":"full","level":"info","message":"Dashboard Request","queryRestaurantId":null,"restaurantId":1,"role":"ADMIN","timestamp":"2026-08-10 12:03:14","userId":31}
{"endpoint":"full","level":"info","message":"Dashboard Request","queryRestaurantId":null,"restaurantId":1,"role":"ADMIN","timestamp":"2026-08-10 12:03:45","userId":31}
{"endpoint":"full","level":"info","message":"Dashboard Request","queryRestaurantId":null,"restaurantId":1,"role":"ADMIN","timestamp":"2026-08-10 12:04:16","userId":31}
{"endpoint":"full","level":"info","message":"Dashboard Request","queryRestaurantId":null,"restaurantId":1,"role":"ADMIN","timestamp":"2026-08-10 12:04:46","userId":31}
{"endpoint":"full","level":"info","message":"Dashboard Request","queryRestaurantId":null,"restaurantId":1,"role":"ADMIN","timestamp":"2026-08-10 12:05:16","userId":31}
{"endpoint":"full","level":"info","message":"Dashboard Request","queryRestaurantId":null,"restaurantId":1,"role":"ADMIN","timestamp":"2026-08-10 12:05:47","userId":31}
{"endpoint":"full","level":"info","message":"Dashboard Request","queryRestaurantId":null,"restaurantId":1,"role":"ADMIN","timestamp":"2026-08-10 12:06:17","userId":31}
{"endpoint":"full","level":"info","message":"Dashboard Request","queryRestaurantId":null,"restaurantId":1,"role":"ADMIN","timestamp":"2026-08-10 12:46:03","userId":31}
{"endpoint":"full","level":"info","message":"Dashboard Request","queryRestaurantId":null,"restaurantId":1,"role":"ADMIN","timestamp":"2026-08-10 12:47:38","userId":31}
{"endpoint":"full","level":"info","message":"Dashboard Request","queryRestaurantId":null,"restaurantId":1,"role":"ADMIN","timestamp":"2026-08-10 12:49:13","userId":31}
{"endpoint":"full","level":"info","message":"Dashboard Request","queryRestaurantId":null,"restaurantId":1,"role":"ADMIN","timestamp":"2026-08-10 12:54:37","userId":31}
{"endpoint":"full","level":"info","message":"Dashboard Request","queryRestaurantId":null,"restaurantId":1,"role":"ADMIN","timestamp":"2026-08-10 13:52:54","userId":31}
{"endpoint":"full","level":"info","message":"Dashboard Request","queryRestaurantId":null,"restaurantId":1,"role":"ADMIN","timestamp":"2026-08-10 13:53:24","userId":31}
{"endpoint":"full","level":"info","message":"Dashboard Request","queryRestaurantId":null,"restaurantId":1,"role":"ADMIN","timestamp":"2026-08-10 13:53:54","userId":31}
{"endpoint":"full","level":"info","message":"Dashboard Request","queryRestaurantId":null,"restaurantId":1,"role":"ADMIN","timestamp":"2026-08-10 13:54:25","userId":31}
{"endpoint":"full","level":"info","message":"Dashboard Request","queryRestaurantId":null,"restaurantId":1,"role":"ADMIN","timestamp":"2026-08-10 13:54:55","userId":31}
{"endpoint":"full","level":"info","message":"Dashboard Request","queryRestaurantId":null,"restaurantId":1,"role":"ADMIN","timestamp":"2026-08-10 13:55:25","userId":31}
{"endpoint":"full","level":"info","message":"Dashboard Request","queryRestaurantId":null,"restaurantId":1,"role":"ADMIN","timestamp":"2026-08-10 13:55:55","userId":31}
{"endpoint":"full","level":"info","message":"Dashboard Request","queryRestaurantId":null,"restaurantId":1,"role":"ADMIN","timestamp":"2026-08-10 13:56:26","userId":31}
{"endpoint":"full","level":"info","message":"Dashboard Request","queryRestaurantId":null,"restaurantId":1,"role":"ADMIN","timestamp":"2026-08-10 13:56:59","userId":31}
{"endpoint":"full","level":"info","message":"Dashboard Request","queryRestaurantId":null,"restaurantId":1,"role":"ADMIN","timestamp":"2026-08-10 13:57:30","userId":31}
{"endpoint":"full","level":"info","message":"Dashboard Request","queryRestaurantId":null,"restaurantId":1,"role":"ADMIN","timestamp":"2026-08-10 13:58:03","userId":31}
{"endpoint":"full","level":"info","message":"Dashboard Request","queryRestaurantId":null,"restaurantId":1,"role":"ADMIN","timestamp":"2026-08-10 13:58:34","userId":31}
{"endpoint":"full","level":"info","message":"Dashboard Request","queryRestaurantId":null,"restaurantId":1,"role":"ADMIN","timestamp":"2026-08-10 13:59:07","userId":31}
{"endpoint":"full","level":"info","message":"Dashboard Request","queryRestaurantId":null,"restaurantId":1,"role":"ADMIN","timestamp":"2026-08-10 13:59:40","userId":31}
{"endpoint":"full","level":"info","message":"Dashboard Request","queryRestaurantId":null,"restaurantId":1,"role":"ADMIN","timestamp":"2026-08-10 14:00:13","userId":31}
{"endpoint":"full","level":"info","message":"Dashboard Request","queryRestaurantId":null,"restaurantId":1,"role":"ADMIN","timestamp":"2026-08-10 14:00:47","userId":31}
{"endpoint":"full","level":"info","message":"Dashboard Request","queryRestaurantId":null,"restaurantId":1,"role":"ADMIN","timestamp":"2026-08-10 14:01:18","userId":31}
{"endpoint":"full","level":"info","message":"Dashboard Request","queryRestaurantId":null,"restaurantId":1,"role":"ADMIN","timestamp":"2026-08-10 14:01:48","userId":31}
{"endpoint":"full","level":"info","message":"Dashboard Request","queryRestaurantId":null,"restaurantId":1,"role":"ADMIN","timestamp":"2026-08-10 14:02:21","userId":31}
{"endpoint":"full","level":"info","message":"Dashboard Request","queryRestaurantId":null,"restaurantId":1,"role":"ADMIN","timestamp":"2026-08-10 14:02:54","userId":31}
{"endpoint":"full","level":"info","message":"Dashboard Request","queryRestaurantId":null,"restaurantId":1,"role":"ADMIN","timestamp":"2026-08-10 14:03:26","userId":31}
{"endpoint":"full","level":"info","message":"Dashboard Request","queryRestaurantId":null,"restaurantId":1,"role":"ADMIN","timestamp":"2026-08-10 14:04:01","userId":31}
{"endpoint":"full","level":"info","message":"Dashboard Request","queryRestaurantId":null,"restaurantId":1,"role":"ADMIN","timestamp":"2026-08-10 14:04:29","userId":31}
{"level":"info","message":"Server running on http://localhost:5001","timestamp":"2026-08-10 18:36:22"}
{"level":"info","message":"Server running on http://localhost:5001","timestamp":"2026-08-10 18:39:25"}
{"endpoint":"full","level":"info","message":"Dashboard Request","queryRestaurantId":null,"restaurantId":1,"role":"ADMIN","timestamp":"2026-08-10 18:39:46","userId":31}
{"endpoint":"full","level":"info","message":"Dashboard Request","queryRestaurantId":null,"restaurantId":1,"role":"ADMIN","timestamp":"2026-08-10 18:39:53","userId":31}
{"endpoint":"full","level":"info","message":"Dashboard Request","queryRestaurantId":null,"restaurantId":1,"role":"ADMIN","timestamp":"2026-08-10 18:40:12","userId":31}
{"endpoint":"full","level":"info","message":"Dashboard Request","queryRestaurantId":null,"restaurantId":1,"role":"ADMIN","timestamp":"2026-08-10 18:40:17","userId":31}
{"endpoint":"full","level":"info","message":"Dashboard Request","queryRestaurantId":null,"restaurantId":1,"role":"ADMIN","timestamp":"2026-08-10 18:40:42","userId":31}
{"endpoint":"full","level":"info","message":"Dashboard Request","queryRestaurantId":null,"restaurantId":1,"role":"ADMIN","timestamp":"2026-08-10 18:41:07","userId":31}
{"endpoint":"full","level":"info","message":"Dashboard Request","queryRestaurantId":null,"restaurantId":1,"role":"ADMIN","timestamp":"2026-08-10 18:41:15","userId":31}
{"endpoint":"full","level":"info","message":"Dashboard Request","queryRestaurantId":null,"restaurantId":1,"role":"ADMIN","timestamp":"2026-08-10 18:41:22","userId":31}
{"endpoint":"full","level":"info","message":"Dashboard Request","queryRestaurantId":null,"restaurantId":1,"role":"ADMIN","timestamp":"2026-08-10 18:41:29","userId":31}
{"endpoint":"full","level":"info","message":"Dashboard Request","queryRestaurantId":null,"restaurantId":1,"role":"ADMIN","timestamp":"2026-08-10 18:41:53","userId":31}
{"endpoint":"full","level":"info","message":"Dashboard Request","queryRestaurantId":null,"restaurantId":1,"role":"ADMIN","timestamp":"2026-08-10 18:41:58","userId":31}
{"endpoint":"full","level":"info","message":"Dashboard Request","queryRestaurantId":null,"restaurantId":1,"role":"ADMIN","timestamp":"2026-08-10 18:42:06","userId":31}
{"endpoint":"full","level":"info","message":"Dashboard Request","queryRestaurantId":null,"restaurantId":1,"role":"ADMIN","timestamp":"2026-08-10 18:42:36","userId":31}
{"endpoint":"full","level":"info","message":"Dashboard Request","queryRestaurantId":null,"restaurantId":1,"role":"ADMIN","timestamp":"2026-08-10 18:43:06","userId":31}
{"endpoint":"full","level":"info","message":"Dashboard Request","queryRestaurantId":null,"restaurantId":1,"role":"ADMIN","timestamp":"2026-08-10 18:43:25","userId":31}
{"endpoint":"full","level":"info","message":"Dashboard Request","queryRestaurantId":null,"restaurantId":1,"role":"ADMIN","timestamp":"2026-08-10 18:43:55","userId":31}
{"endpoint":"full","level":"info","message":"Dashboard Request","queryRestaurantId":null,"restaurantId":1,"role":"ADMIN","timestamp":"2026-08-10 18:44:25","userId":31}
{"endpoint":"full","level":"info","message":"Dashboard Request","queryRestaurantId":null,"restaurantId":1,"role":"ADMIN","timestamp":"2026-08-10 18:44:56","userId":31}
{"endpoint":"full","level":"info","message":"Dashboard Request","queryRestaurantId":null,"restaurantId":1,"role":"ADMIN","timestamp":"2026-08-10 18:45:28","userId":31}
{"endpoint":"full","level":"info","message":"Dashboard Request","queryRestaurantId":null,"restaurantId":1,"role":"ADMIN","timestamp":"2026-08-10 18:46:01","userId":31}
{"endpoint":"full","level":"info","message":"Dashboard Request","queryRestaurantId":null,"restaurantId":1,"role":"ADMIN","timestamp":"2026-08-10 18:46:32","userId":31}
{"endpoint":"full","level":"info","message":"Dashboard Request","queryRestaurantId":null,"restaurantId":1,"role":"ADMIN","timestamp":"2026-08-10 18:47:02","userId":31}
{"endpoint":"full","level":"info","message":"Dashboard Request","queryRestaurantId":null,"restaurantId":1,"role":"ADMIN","timestamp":"2026-08-10 18:47:32","userId":31}
{"endpoint":"full","level":"info","message":"Dashboard Request","queryRestaurantId":null,"restaurantId":1,"role":"ADMIN","timestamp":"2026-08-10 18:48:02","userId":31}
{"level":"info","message":"Server running on http://localhost:5199","timestamp":"2026-08-10 18:48:14"}
{"level":"info","message":"Server running on http://localhost:5199","timestamp":"2026-08-10 18:48:35"}
{"endpoint":"full","level":"info","message":"Dashboard Request","queryRestaurantId":null,"restaurantId":1,"role":"ADMIN","timestamp":"2026-08-10 18:48:35","userId":31}
{"endpoint":"full","level":"info","message":"Dashboard Request","queryRestaurantId":null,"restaurantId":1,"role":"ADMIN","timestamp":"2026-08-10 18:49:08","userId":31}
{"endpoint":"full","level":"info","message":"Dashboard Request","queryRestaurantId":null,"restaurantId":1,"role":"ADMIN","timestamp":"2026-08-10 18:49:40","userId":31}
{"endpoint":"full","level":"info","message":"Dashboard Request","queryRestaurantId":null,"restaurantId":1,"role":"ADMIN","timestamp":"2026-08-10 18:50:14","userId":31}
{"endpoint":"full","level":"info","message":"Dashboard Request","queryRestaurantId":null,"restaurantId":1,"role":"ADMIN","timestamp":"2026-08-10 18:50:44","userId":31}
{"endpoint":"full","level":"info","message":"Dashboard Request","queryRestaurantId":null,"restaurantId":1,"role":"ADMIN","timestamp":"2026-08-10 18:51:18","userId":31}
{"endpoint":"full","level":"info","message":"Dashboard Request","queryRestaurantId":null,"restaurantId":1,"role":"ADMIN","timestamp":"2026-08-10 18:51:40","userId":31}
{"endpoint":"full","level":"info","message":"Dashboard Request","queryRestaurantId":null,"restaurantId":1,"role":"ADMIN","timestamp":"2026-08-10 18:51:48","userId":31}
{"level":"info","message":"Server running on http://localhost:5199","timestamp":"2026-08-10 18:52:01"}
{"level":"info","message":"Server running on http://localhost:5001","timestamp":"2026-08-10 18:52:20"}
{"endpoint":"full","level":"info","message":"Dashboard Request","queryRestaurantId":null,"restaurantId":1,"role":"ADMIN","timestamp":"2026-08-10 18:52:20","userId":31}
{"endpoint":"full","level":"info","message":"Dashboard Request","queryRestaurantId":null,"restaurantId":1,"role":"ADMIN","timestamp":"2026-08-10 18:52:48","userId":31}
{"endpoint":"full","level":"info","message":"Dashboard Request","queryRestaurantId":null,"restaurantId":1,"role":"ADMIN","timestamp":"2026-08-10 18:53:20","userId":31}
{"endpoint":"full","level":"info","message":"Dashboard Request","queryRestaurantId":null,"restaurantId":1,"role":"ADMIN","timestamp":"2026-08-10 18:53:50","userId":31}
{"endpoint":"full","level":"info","message":"Dashboard Request","queryRestaurantId":null,"restaurantId":1,"role":"ADMIN","timestamp":"2026-08-10 18:54:18","userId":31}
{"endpoint":"full","level":"info","message":"Dashboard Request","queryRestaurantId":null,"restaurantId":1,"role":"ADMIN","timestamp":"2026-08-10 18:54:21","userId":31}
{"endpoint":"full","level":"info","message":"Dashboard Request","queryRestaurantId":null,"restaurantId":1,"role":"ADMIN","timestamp":"2026-08-10 18:54:51","userId":31}
{"endpoint":"full","level":"info","message":"Dashboard Request","queryRestaurantId":null,"restaurantId":1,"role":"ADMIN","timestamp":"2026-08-10 18:55:19","userId":31}
{"endpoint":"full","level":"info","message":"Dashboard Request","queryRestaurantId":null,"restaurantId":1,"role":"ADMIN","timestamp":"2026-08-10 18:55:21","userId":31}
{"endpoint":"full","level":"info","message":"Dashboard Request","queryRestaurantId":null,"restaurantId":1,"role":"ADMIN","timestamp":"2026-08-10 18:55:31","userId":31}
{"endpoint":"full","level":"info","message":"Dashboard Request","queryRestaurantId":null,"restaurantId":1,"role":"ADMIN","timestamp":"2026-08-10 18:55:54","userId":31}
{"endpoint":"full","level":"info","message":"Dashboard Request","queryRestaurantId":null,"restaurantId":1,"role":"ADMIN","timestamp":"2026-08-10 18:56:08","userId":31}
{"endpoint":"full","level":"info","message":"Dashboard Request","queryRestaurantId":null,"restaurantId":1,"role":"ADMIN","timestamp":"2026-08-10 18:56:24","userId":31}
{"endpoint":"full","level":"info","message":"Dashboard Request","queryRestaurantId":null,"restaurantId":1,"role":"ADMIN","timestamp":"2026-08-10 18:56:57","userId":31}
{"endpoint":"full","level":"info","message":"Dashboard Request","queryRestaurantId":null,"restaurantId":1,"role":"ADMIN","timestamp":"2026-08-10 18:57:30","userId":31}
{"endpoint":"full","level":"info","message":"Dashboard Request","queryRestaurantId":null,"restaurantId":1,"role":"ADMIN","timestamp":"2026-08-10 18:58:03","userId":31}
{"endpoint":"full","level":"info","message":"Dashboard Request","queryRestaurantId":null,"restaurantId":1,"role":"ADMIN","timestamp":"2026-08-10 18:58:33","userId":31}
{"endpoint":"full","level":"info","message":"Dashboard Request","queryRestaurantId":null,"restaurantId":1,"role":"ADMIN","timestamp":"2026-08-10 18:58:43","userId":31}
{"endpoint":"full","level":"info","message":"Dashboard Request","queryRestaurantId":null,"restaurantId":1,"role":"ADMIN","timestamp":"2026-08-10 18:59:04","userId":31}
{"endpoint":"full","level":"info","message":"Dashboard Request","queryRestaurantId":null,"restaurantId":1,"role":"ADMIN","timestamp":"2026-08-10 18:59:13","userId":31}
{"endpoint":"full","level":"info","message":"Dashboard Request","queryRestaurantId":null,"restaurantId":1,"role":"ADMIN","timestamp":"2026-08-10 18:59:14","userId":31}
{"endpoint":"full","level":"info","message":"Dashboard Request","queryRestaurantId":null,"restaurantId":1,"role":"ADMIN","timestamp":"2026-08-10 18:59:36","userId":31}
{"endpoint":"full","level":"info","message":"Dashboard Request","queryRestaurantId":null,"restaurantId":1,"role":"ADMIN","timestamp":"2026-08-10 18:59:59","userId":31}
{"endpoint":"full","level":"info","message":"Dashboard Request","queryRestaurantId":null,"restaurantId":1,"role":"ADMIN","timestamp":"2026-08-10 19:00:09","userId":31}
{"endpoint":"full","level":"info","message":"Dashboard Request","queryRestaurantId":null,"restaurantId":1,"role":"ADMIN","timestamp":"2026-08-10 19:00:40","userId":31}
{"endpoint":"full","level":"info","message":"Dashboard Request","queryRestaurantId":null,"restaurantId":1,"role":"ADMIN","timestamp":"2026-08-10 19:00:42","userId":31}
{"endpoint":"full","level":"info","message":"Dashboard Request","queryRestaurantId":null,"restaurantId":1,"role":"ADMIN","timestamp":"2026-08-10 19:01:15","userId":31}
{"endpoint":"full","level":"info","message":"Dashboard Request","queryRestaurantId":null,"restaurantId":1,"role":"ADMIN","timestamp":"2026-08-10 19:01:45","userId":31}
{"endpoint":"full","level":"info","message":"Dashboard Request","queryRestaurantId":null,"restaurantId":1,"role":"ADMIN","timestamp":"2026-08-10 19:02:18","userId":31}
{"endpoint":"full","level":"info","message":"Dashboard Request","queryRestaurantId":null,"restaurantId":1,"role":"ADMIN","timestamp":"2026-08-10 19:02:49","userId":31}
{"endpoint":"full","level":"info","message":"Dashboard Request","queryRestaurantId":null,"restaurantId":1,"role":"ADMIN","timestamp":"2026-08-10 19:03:17","userId":31}
{"endpoint":"full","level":"info","message":"Dashboard Request","queryRestaurantId":null,"restaurantId":1,"role":"ADMIN","timestamp":"2026-08-10 19:03:26","userId":31}
{"endpoint":"full","level":"info","message":"Dashboard Request","queryRestaurantId":null,"restaurantId":1,"role":"ADMIN","timestamp":"2026-08-10 19:35:58","userId":31}
{"endpoint":"full","level":"info","message":"Dashboard Request","queryRestaurantId":null,"restaurantId":1,"role":"ADMIN","timestamp":"2026-08-10 19:36:55","userId":31}
{"endpoint":"full","level":"info","message":"Dashboard Request","queryRestaurantId":null,"restaurantId":1,"role":"ADMIN","timestamp":"2026-08-11 10:45:01","userId":31}
{"endpoint":"full","level":"info","message":"Dashboard Request","queryRestaurantId":null,"restaurantId":1,"role":"ADMIN","timestamp":"2026-08-11 10:45:31","userId":31}
{"endpoint":"full","level":"info","message":"Dashboard Request","queryRestaurantId":null,"restaurantId":1,"role":"ADMIN","timestamp":"2026-08-11 10:46:05","userId":31}
{"endpoint":"full","level":"info","message":"Dashboard Request","queryRestaurantId":null,"restaurantId":1,"role":"ADMIN","timestamp":"2026-08-11 10:46:35","userId":31}
{"endpoint":"full","level":"info","message":"Dashboard Request","queryRestaurantId":null,"restaurantId":1,"role":"ADMIN","timestamp":"2026-08-11 10:47:05","userId":31}
{"endpoint":"full","level":"info","message":"Dashboard Request","queryRestaurantId":null,"restaurantId":1,"role":"ADMIN","timestamp":"2026-08-11 10:47:35","userId":31}
{"endpoint":"full","level":"info","message":"Dashboard Request","queryRestaurantId":null,"restaurantId":1,"role":"ADMIN","timestamp":"2026-08-11 10:48:05","userId":31}
{"endpoint":"full","level":"info","message":"Dashboard Request","queryRestaurantId":null,"restaurantId":1,"role":"ADMIN","timestamp":"2026-08-11 10:48:35","userId":31}
{"endpoint":"full","level":"info","message":"Dashboard Request","queryRestaurantId":null,"restaurantId":1,"role":"ADMIN","timestamp":"2026-08-11 10:49:05","userId":31}
{"endpoint":"full","level":"info","message":"Dashboard Request","queryRestaurantId":null,"restaurantId":1,"role":"ADMIN","timestamp":"2026-08-11 10:49:35","userId":31}
{"endpoint":"full","level":"info","message":"Dashboard Request","queryRestaurantId":null,"restaurantId":1,"role":"ADMIN","timestamp":"2026-08-11 10:50:06","userId":31}
{"endpoint":"full","level":"info","message":"Dashboard Request","queryRestaurantId":null,"restaurantId":1,"role":"ADMIN","timestamp":"2026-08-11 10:50:35","userId":31}
{"endpoint":"full","level":"info","message":"Dashboard Request","queryRestaurantId":null,"restaurantId":1,"role":"ADMIN","timestamp":"2026-08-11 10:51:05","userId":31}
{"endpoint":"full","level":"info","message":"Dashboard Request","queryRestaurantId":null,"restaurantId":1,"role":"ADMIN","timestamp":"2026-08-11 10:51:35","userId":31}
{"endpoint":"full","level":"info","message":"Dashboard Request","queryRestaurantId":null,"restaurantId":1,"role":"ADMIN","timestamp":"2026-08-11 10:52:05","userId":31}
{"endpoint":"full","level":"info","message":"Dashboard Request","queryRestaurantId":null,"restaurantId":1,"role":"ADMIN","timestamp":"2026-08-11 10:52:35","userId":31}
{"endpoint":"full","level":"info","message":"Dashboard Request","queryRestaurantId":null,"restaurantId":1,"role":"ADMIN","timestamp":"2026-08-11 10:53:05","userId":31}
{"endpoint":"full","level":"info","message":"Dashboard Request","queryRestaurantId":null,"restaurantId":1,"role":"ADMIN","timestamp":"2026-08-11 10:53:35","userId":31}
{"endpoint":"full","level":"info","message":"Dashboard Request","queryRestaurantId":null,"restaurantId":1,"role":"ADMIN","timestamp":"2026-08-11 10:54:05","userId":31}
{"endpoint":"full","level":"info","message":"Dashboard Request","queryRestaurantId":null,"restaurantId":1,"role":"ADMIN","timestamp":"2026-08-11 10:54:35","userId":31}
{"endpoint":"full","level":"info","message":"Dashboard Request","queryRestaurantId":null,"restaurantId":1,"role":"ADMIN","timestamp":"2026-08-11 10:55:10","userId":31}
{"endpoint":"full","level":"info","message":"Dashboard Request","queryRestaurantId":null,"restaurantId":1,"role":"ADMIN","timestamp":"2026-08-11 10:56:00","userId":31}
{"endpoint":"full","level":"info","message":"Dashboard Request","queryRestaurantId":null,"restaurantId":1,"role":"ADMIN","timestamp":"2026-08-11 10:56:36","userId":31}
{"endpoint":"full","level":"info","message":"Dashboard Request","queryRestaurantId":null,"restaurantId":1,"role":"ADMIN","timestamp":"2026-08-11 10:57:05","userId":31}
{"endpoint":"full","level":"info","message":"Dashboard Request","queryRestaurantId":null,"restaurantId":1,"role":"ADMIN","timestamp":"2026-08-11 10:57:35","userId":31}
{"endpoint":"full","level":"info","message":"Dashboard Request","queryRestaurantId":null,"restaurantId":1,"role":"ADMIN","timestamp":"2026-08-11 10:58:05","userId":31}
{"endpoint":"full","level":"info","message":"Dashboard Request","queryRestaurantId":null,"restaurantId":1,"role":"ADMIN","timestamp":"2026-08-11 10:58:36","userId":31}
{"endpoint":"full","level":"info","message":"Dashboard Request","queryRestaurantId":null,"restaurantId":1,"role":"ADMIN","timestamp":"2026-08-11 10:59:05","userId":31}
{"endpoint":"full","level":"info","message":"Dashboard Request","queryRestaurantId":null,"restaurantId":1,"role":"ADMIN","timestamp":"2026-08-11 10:59:36","userId":31}
{"endpoint":"full","level":"info","message":"Dashboard Request","queryRestaurantId":null,"restaurantId":1,"role":"ADMIN","timestamp":"2026-08-11 11:00:06","userId":31}
{"endpoint":"full","level":"info","message":"Dashboard Request","queryRestaurantId":null,"restaurantId":1,"role":"ADMIN","timestamp":"2026-08-11 11:00:37","userId":31}
{"error":"\nInvalid `prisma.menuItem.count()` invocation in\nC:\\POS System\\restaurant-pos-backend\\src\\services\\dashboard.service.js:71:25\n\n  68 \n  69 ] = await Promise.all([\n  70 \n→ 71     prisma.menuItem.count(\nCan't reach database server at `localhost:5432`\n\nPlease make sure your database server is running at `localhost:5432`.","level":"error","message":"Dashboard error","role":"ADMIN","stack":"PrismaClientKnownRequestError: \nInvalid `prisma.menuItem.count()` invocation in\nC:\\POS System\\restaurant-pos-backend\\src\\services\\dashboard.service.js:71:25\n\n  68 \n  69 ] = await Promise.all([\n  70 \n→ 71     prisma.menuItem.count(\nCan't reach database server at `localhost:5432`\n\nPlease make sure your database server is running at `localhost:5432`.\n    at ei.handleRequestError (C:\\POS System\\restaurant-pos-backend\\node_modules\\@prisma\\client\\runtime\\library.js:121:7268)\n    at ei.handleAndLogRequestError (C:\\POS System\\restaurant-pos-backend\\node_modules\\@prisma\\client\\runtime\\library.js:121:6593)\n    at ei.request (C:\\POS System\\restaurant-pos-backend\\node_modules\\@prisma\\client\\runtime\\library.js:121:6300)\n    at async a (C:\\POS System\\restaurant-pos-backend\\node_modules\\@prisma\\client\\runtime\\library.js:130:9551)\n    at async Promise.all (index 0)\n    at async getMenuSummary (C:\\POS System\\restaurant-pos-backend\\src\\services\\dashboard.service.js:69:9)\n    at async Promise.all (index 2)\n    at async getSummary (C:\\POS System\\restaurant-pos-backend\\src\\services\\dashboard.service.js:179:9)\n    at async Promise.all (index 0)\n    at async getDashboard (C:\\POS System\\restaurant-pos-backend\\src\\services\\dashboard.service.js:750:9)\n    at async dashboard (C:\\POS System\\restaurant-pos-backend\\src\\controllers\\dashboard.controller.js:111:22)","timestamp":"2026-08-11 11:01:04","userId":31}
{"endpoint":"full","level":"info","message":"Dashboard Request","queryRestaurantId":null,"restaurantId":1,"role":"ADMIN","timestamp":"2026-08-11 11:02:15","userId":31}
{"error":"\nInvalid `prisma.menuItem.count()` invocation in\nC:\\POS System\\restaurant-pos-backend\\src\\services\\dashboard.service.js:71:25\n\n  68 \n  69 ] = await Promise.all([\n  70 \n→ 71     prisma.menuItem.count(\nCan't reach database server at `localhost:5432`\n\nPlease make sure your database server is running at `localhost:5432`.","level":"error","message":"Dashboard error","role":"ADMIN","stack":"PrismaClientKnownRequestError: \nInvalid `prisma.menuItem.count()` invocation in\nC:\\POS System\\restaurant-pos-backend\\src\\services\\dashboard.service.js:71:25\n\n  68 \n  69 ] = await Promise.all([\n  70 \n→ 71     prisma.menuItem.count(\nCan't reach database server at `localhost:5432`\n\nPlease make sure your database server is running at `localhost:5432`.\n    at ei.handleRequestError (C:\\POS System\\restaurant-pos-backend\\node_modules\\@prisma\\client\\runtime\\library.js:121:7268)\n    at ei.handleAndLogRequestError (C:\\POS System\\restaurant-pos-backend\\node_modules\\@prisma\\client\\runtime\\library.js:121:6593)\n    at ei.request (C:\\POS System\\restaurant-pos-backend\\node_modules\\@prisma\\client\\runtime\\library.js:121:6300)\n    at async a (C:\\POS System\\restaurant-pos-backend\\node_modules\\@prisma\\client\\runtime\\library.js:130:9551)\n    at async Promise.all (index 0)\n    at async getMenuSummary (C:\\POS System\\restaurant-pos-backend\\src\\services\\dashboard.service.js:69:9)\n    at async Promise.all (index 2)\n    at async getSummary (C:\\POS System\\restaurant-pos-backend\\src\\services\\dashboard.service.js:179:9)\n    at async Promise.all (index 0)\n    at async getDashboard (C:\\POS System\\restaurant-pos-backend\\src\\services\\dashboard.service.js:750:9)\n    at async dashboard (C:\\POS System\\restaurant-pos-backend\\src\\controllers\\dashboard.controller.js:111:22)","timestamp":"2026-08-11 11:02:24","userId":31}
{"endpoint":"full","level":"info","message":"Dashboard Request","queryRestaurantId":null,"restaurantId":1,"role":"ADMIN","timestamp":"2026-08-11 11:02:36","userId":31}
{"endpoint":"full","level":"info","message":"Dashboard Request","queryRestaurantId":null,"restaurantId":1,"role":"ADMIN","timestamp":"2026-08-11 11:03:06","userId":31}
{"endpoint":"full","level":"info","message":"Dashboard Request","queryRestaurantId":null,"restaurantId":1,"role":"ADMIN","timestamp":"2026-08-11 11:04:11","userId":31}
{"endpoint":"full","level":"info","message":"Dashboard Request","queryRestaurantId":null,"restaurantId":1,"role":"ADMIN","timestamp":"2026-08-11 11:04:51","userId":31}
{"endpoint":"full","level":"info","message":"Dashboard Request","queryRestaurantId":null,"restaurantId":1,"role":"ADMIN","timestamp":"2026-08-11 11:05:25","userId":31}
{"endpoint":"full","level":"info","message":"Dashboard Request","queryRestaurantId":null,"restaurantId":1,"role":"ADMIN","timestamp":"2026-08-11 11:05:35","userId":31}
{"endpoint":"full","level":"info","message":"Dashboard Request","queryRestaurantId":null,"restaurantId":1,"role":"ADMIN","timestamp":"2026-08-11 11:05:40","userId":31}
{"endpoint":"full","level":"info","message":"Dashboard Request","queryRestaurantId":null,"restaurantId":1,"role":"ADMIN","timestamp":"2026-08-11 11:06:04","userId":31}
{"endpoint":"full","level":"info","message":"Dashboard Request","queryRestaurantId":null,"restaurantId":1,"role":"ADMIN","timestamp":"2026-08-11 11:06:08","userId":31}
{"endpoint":"full","level":"info","message":"Dashboard Request","queryRestaurantId":null,"restaurantId":1,"role":"ADMIN","timestamp":"2026-08-11 11:06:36","userId":31}
{"endpoint":"full","level":"info","message":"Dashboard Request","queryRestaurantId":null,"restaurantId":1,"role":"ADMIN","timestamp":"2026-08-11 11:07:05","userId":31}
{"endpoint":"full","level":"info","message":"Dashboard Request","queryRestaurantId":null,"restaurantId":1,"role":"ADMIN","timestamp":"2026-08-11 11:07:36","userId":31}
{"endpoint":"full","level":"info","message":"Dashboard Request","queryRestaurantId":null,"restaurantId":1,"role":"ADMIN","timestamp":"2026-08-11 11:08:06","userId":31}
{"endpoint":"full","level":"info","message":"Dashboard Request","queryRestaurantId":null,"restaurantId":1,"role":"ADMIN","timestamp":"2026-08-11 11:08:47","userId":31}
{"endpoint":"full","level":"info","message":"Dashboard Request","queryRestaurantId":null,"restaurantId":1,"role":"ADMIN","timestamp":"2026-08-11 11:09:05","userId":31}
{"endpoint":"full","level":"info","message":"Dashboard Request","queryRestaurantId":null,"restaurantId":1,"role":"ADMIN","timestamp":"2026-08-11 11:09:37","userId":31}
{"endpoint":"full","level":"info","message":"Dashboard Request","queryRestaurantId":null,"restaurantId":1,"role":"ADMIN","timestamp":"2026-08-11 11:10:05","userId":31}
{"endpoint":"full","level":"info","message":"Dashboard Request","queryRestaurantId":null,"restaurantId":1,"role":"ADMIN","timestamp":"2026-08-11 11:10:35","userId":31}
{"endpoint":"full","level":"info","message":"Dashboard Request","queryRestaurantId":null,"restaurantId":1,"role":"ADMIN","timestamp":"2026-08-11 11:11:05","userId":31}
{"endpoint":"full","level":"info","message":"Dashboard Request","queryRestaurantId":null,"restaurantId":1,"role":"ADMIN","timestamp":"2026-08-11 11:11:35","userId":31}
{"endpoint":"full","level":"info","message":"Dashboard Request","queryRestaurantId":null,"restaurantId":1,"role":"ADMIN","timestamp":"2026-08-11 11:12:05","userId":31}
{"endpoint":"full","level":"info","message":"Dashboard Request","queryRestaurantId":null,"restaurantId":1,"role":"ADMIN","timestamp":"2026-08-11 11:12:35","userId":31}
{"endpoint":"full","level":"info","message":"Dashboard Request","queryRestaurantId":null,"restaurantId":1,"role":"ADMIN","timestamp":"2026-08-11 11:13:05","userId":31}
{"endpoint":"full","level":"info","message":"Dashboard Request","queryRestaurantId":null,"restaurantId":1,"role":"ADMIN","timestamp":"2026-08-11 11:13:35","userId":31}
{"endpoint":"full","level":"info","message":"Dashboard Request","queryRestaurantId":null,"restaurantId":1,"role":"ADMIN","timestamp":"2026-08-11 11:14:05","userId":31}
{"endpoint":"full","level":"info","message":"Dashboard Request","queryRestaurantId":null,"restaurantId":1,"role":"ADMIN","timestamp":"2026-08-11 11:14:35","userId":31}
{"endpoint":"full","level":"info","message":"Dashboard Request","queryRestaurantId":null,"restaurantId":1,"role":"ADMIN","timestamp":"2026-08-11 11:15:05","userId":31}
{"endpoint":"full","level":"info","message":"Dashboard Request","queryRestaurantId":null,"restaurantId":1,"role":"ADMIN","timestamp":"2026-08-11 11:15:35","userId":31}
{"endpoint":"full","level":"info","message":"Dashboard Request","queryRestaurantId":null,"restaurantId":1,"role":"ADMIN","timestamp":"2026-08-11 11:16:05","userId":31}
{"endpoint":"full","level":"info","message":"Dashboard Request","queryRestaurantId":null,"restaurantId":1,"role":"ADMIN","timestamp":"2026-08-11 11:16:35","userId":31}
{"endpoint":"full","level":"info","message":"Dashboard Request","queryRestaurantId":null,"restaurantId":1,"role":"ADMIN","timestamp":"2026-08-11 11:17:05","userId":31}
{"endpoint":"full","level":"info","message":"Dashboard Request","queryRestaurantId":null,"restaurantId":1,"role":"ADMIN","timestamp":"2026-08-11 11:17:35","userId":31}
{"endpoint":"full","level":"info","message":"Dashboard Request","queryRestaurantId":null,"restaurantId":1,"role":"ADMIN","timestamp":"2026-08-11 11:18:05","userId":31}
{"endpoint":"full","level":"info","message":"Dashboard Request","queryRestaurantId":null,"restaurantId":1,"role":"ADMIN","timestamp":"2026-08-11 11:18:35","userId":31}
{"endpoint":"full","level":"info","message":"Dashboard Request","queryRestaurantId":null,"restaurantId":1,"role":"ADMIN","timestamp":"2026-08-11 11:19:05","userId":31}
{"endpoint":"full","level":"info","message":"Dashboard Request","queryRestaurantId":null,"restaurantId":1,"role":"ADMIN","timestamp":"2026-08-11 11:19:07","userId":31}
{"endpoint":"full","level":"info","message":"Dashboard Request","queryRestaurantId":null,"restaurantId":1,"role":"ADMIN","timestamp":"2026-08-11 11:19:35","userId":31}
{"endpoint":"full","level":"info","message":"Dashboard Request","queryRestaurantId":null,"restaurantId":1,"role":"ADMIN","timestamp":"2026-08-11 11:20:05","userId":31}
{"endpoint":"full","level":"info","message":"Dashboard Request","queryRestaurantId":null,"restaurantId":1,"role":"ADMIN","timestamp":"2026-08-11 11:20:35","userId":31}
{"endpoint":"full","level":"info","message":"Dashboard Request","queryRestaurantId":null,"restaurantId":1,"role":"ADMIN","timestamp":"2026-08-11 11:21:05","userId":31}
{"endpoint":"full","level":"info","message":"Dashboard Request","queryRestaurantId":null,"restaurantId":1,"role":"ADMIN","timestamp":"2026-08-11 11:21:35","userId":31}
{"endpoint":"full","level":"info","message":"Dashboard Request","queryRestaurantId":null,"restaurantId":1,"role":"ADMIN","timestamp":"2026-08-11 11:22:05","userId":31}
{"endpoint":"full","level":"info","message":"Dashboard Request","queryRestaurantId":null,"restaurantId":1,"role":"ADMIN","timestamp":"2026-08-11 11:22:29","userId":31}
{"endpoint":"full","level":"info","message":"Dashboard Request","queryRestaurantId":null,"restaurantId":1,"role":"ADMIN","timestamp":"2026-08-11 11:22:35","userId":31}
{"endpoint":"full","level":"info","message":"Dashboard Request","queryRestaurantId":null,"restaurantId":1,"role":"ADMIN","timestamp":"2026-08-11 11:23:05","userId":31}
{"endpoint":"full","level":"info","message":"Dashboard Request","queryRestaurantId":null,"restaurantId":1,"role":"ADMIN","timestamp":"2026-08-11 11:23:35","userId":31}
{"endpoint":"full","level":"info","message":"Dashboard Request","queryRestaurantId":null,"restaurantId":1,"role":"ADMIN","timestamp":"2026-08-11 11:24:05","userId":31}
{"endpoint":"full","level":"info","message":"Dashboard Request","queryRestaurantId":null,"restaurantId":1,"role":"ADMIN","timestamp":"2026-08-11 11:24:35","userId":31}
{"endpoint":"full","level":"info","message":"Dashboard Request","queryRestaurantId":null,"restaurantId":1,"role":"ADMIN","timestamp":"2026-08-11 11:25:05","userId":31}
{"endpoint":"full","level":"info","message":"Dashboard Request","queryRestaurantId":null,"restaurantId":1,"role":"ADMIN","timestamp":"2026-08-11 11:25:35","userId":31}
{"endpoint":"full","level":"info","message":"Dashboard Request","queryRestaurantId":null,"restaurantId":1,"role":"ADMIN","timestamp":"2026-08-11 11:26:05","userId":31}
{"endpoint":"full","level":"info","message":"Dashboard Request","queryRestaurantId":null,"restaurantId":1,"role":"ADMIN","timestamp":"2026-08-11 11:26:35","userId":31}
{"endpoint":"full","level":"info","message":"Dashboard Request","queryRestaurantId":null,"restaurantId":1,"role":"ADMIN","timestamp":"2026-08-11 11:27:05","userId":31}
{"endpoint":"full","level":"info","message":"Dashboard Request","queryRestaurantId":null,"restaurantId":1,"role":"ADMIN","timestamp":"2026-08-11 11:27:35","userId":31}
{"endpoint":"full","level":"info","message":"Dashboard Request","queryRestaurantId":null,"restaurantId":1,"role":"ADMIN","timestamp":"2026-08-11 11:28:05","userId":31}
{"endpoint":"full","level":"info","message":"Dashboard Request","queryRestaurantId":null,"restaurantId":1,"role":"ADMIN","timestamp":"2026-08-11 11:28:35","userId":31}
{"endpoint":"full","level":"info","message":"Dashboard Request","queryRestaurantId":null,"restaurantId":1,"role":"ADMIN","timestamp":"2026-08-11 11:29:06","userId":31}
{"endpoint":"full","level":"info","message":"Dashboard Request","queryRestaurantId":null,"restaurantId":1,"role":"ADMIN","timestamp":"2026-08-11 11:29:35","userId":31}
{"endpoint":"full","level":"info","message":"Dashboard Request","queryRestaurantId":null,"restaurantId":1,"role":"ADMIN","timestamp":"2026-08-11 11:30:05","userId":31}
{"endpoint":"full","level":"info","message":"Dashboard Request","queryRestaurantId":null,"restaurantId":1,"role":"ADMIN","timestamp":"2026-08-11 11:30:35","userId":31}
{"endpoint":"full","level":"info","message":"Dashboard Request","queryRestaurantId":null,"restaurantId":1,"role":"ADMIN","timestamp":"2026-08-11 11:31:05","userId":31}
{"endpoint":"full","level":"info","message":"Dashboard Request","queryRestaurantId":null,"restaurantId":1,"role":"ADMIN","timestamp":"2026-08-11 11:31:35","userId":31}
{"endpoint":"full","level":"info","message":"Dashboard Request","queryRestaurantId":null,"restaurantId":1,"role":"ADMIN","timestamp":"2026-08-11 11:32:05","userId":31}
{"endpoint":"full","level":"info","message":"Dashboard Request","queryRestaurantId":null,"restaurantId":1,"role":"ADMIN","timestamp":"2026-08-11 11:32:35","userId":31}
{"endpoint":"full","level":"info","message":"Dashboard Request","queryRestaurantId":null,"restaurantId":1,"role":"ADMIN","timestamp":"2026-08-11 11:33:05","userId":31}
{"endpoint":"full","level":"info","message":"Dashboard Request","queryRestaurantId":null,"restaurantId":1,"role":"ADMIN","timestamp":"2026-08-11 11:33:35","userId":31}
{"endpoint":"full","level":"info","message":"Dashboard Request","queryRestaurantId":null,"restaurantId":1,"role":"ADMIN","timestamp":"2026-08-11 11:34:05","userId":31}
{"endpoint":"full","level":"info","message":"Dashboard Request","queryRestaurantId":null,"restaurantId":1,"role":"ADMIN","timestamp":"2026-08-11 11:34:35","userId":31}
{"endpoint":"full","level":"info","message":"Dashboard Request","queryRestaurantId":null,"restaurantId":1,"role":"ADMIN","timestamp":"2026-08-11 11:35:05","userId":31}
{"endpoint":"full","level":"info","message":"Dashboard Request","queryRestaurantId":null,"restaurantId":1,"role":"ADMIN","timestamp":"2026-08-11 11:35:35","userId":31}
{"endpoint":"full","level":"info","message":"Dashboard Request","queryRestaurantId":null,"restaurantId":1,"role":"ADMIN","timestamp":"2026-08-11 11:36:06","userId":31}
{"endpoint":"full","level":"info","message":"Dashboard Request","queryRestaurantId":null,"restaurantId":1,"role":"ADMIN","timestamp":"2026-08-11 11:37:00","userId":31}
{"endpoint":"full","level":"info","message":"Dashboard Request","queryRestaurantId":null,"restaurantId":1,"role":"ADMIN","timestamp":"2026-08-11 11:37:05","userId":31}
{"endpoint":"full","level":"info","message":"Dashboard Request","queryRestaurantId":null,"restaurantId":1,"role":"ADMIN","timestamp":"2026-08-11 11:37:38","userId":31}
{"endpoint":"full","level":"info","message":"Dashboard Request","queryRestaurantId":null,"restaurantId":1,"role":"ADMIN","timestamp":"2026-08-11 11:38:07","userId":31}
{"endpoint":"full","level":"info","message":"Dashboard Request","queryRestaurantId":null,"restaurantId":1,"role":"ADMIN","timestamp":"2026-08-11 11:38:36","userId":31}
{"endpoint":"full","level":"info","message":"Dashboard Request","queryRestaurantId":null,"restaurantId":1,"role":"ADMIN","timestamp":"2026-08-11 11:39:07","userId":31}
{"endpoint":"full","level":"info","message":"Dashboard Request","queryRestaurantId":null,"restaurantId":1,"role":"ADMIN","timestamp":"2026-08-11 11:39:35","userId":31}
{"endpoint":"full","level":"info","message":"Dashboard Request","queryRestaurantId":null,"restaurantId":1,"role":"ADMIN","timestamp":"2026-08-11 11:40:06","userId":31}
{"endpoint":"full","level":"info","message":"Dashboard Request","queryRestaurantId":null,"restaurantId":1,"role":"ADMIN","timestamp":"2026-08-11 11:40:36","userId":31}
{"error":"\nInvalid `prisma.payment.aggregate()` invocation in\nC:\\POS System\\restaurant-pos-backend\\src\\services\\dashboard.service.js:279:24\n\n  276 const baseWhere = whereRestaurant(restaurantId);\n  277 \n  278 const [cash, card, upi] = await Promise.all([\n→ 279     prisma.payment.aggregate(\nCan't reach database server at `localhost:5432`\n\nPlease make sure your database server is running at `localhost:5432`.","level":"error","message":"Dashboard error","role":"ADMIN","stack":"PrismaClientKnownRequestError: \nInvalid `prisma.payment.aggregate()` invocation in\nC:\\POS System\\restaurant-pos-backend\\src\\services\\dashboard.service.js:279:24\n\n  276 const baseWhere = whereRestaurant(restaurantId);\n  277 \n  278 const [cash, card, upi] = await Promise.all([\n→ 279     prisma.payment.aggregate(\nCan't reach database server at `localhost:5432`\n\nPlease make sure your database server is running at `localhost:5432`.\n    at ei.handleRequestError (C:\\POS System\\restaurant-pos-backend\\node_modules\\@prisma\\client\\runtime\\library.js:121:7268)\n    at ei.handleAndLogRequestError (C:\\POS System\\restaurant-pos-backend\\node_modules\\@prisma\\client\\runtime\\library.js:121:6593)\n    at ei.request (C:\\POS System\\restaurant-pos-backend\\node_modules\\@prisma\\client\\runtime\\library.js:121:6300)\n    at async a (C:\\POS System\\restaurant-pos-backend\\node_modules\\@prisma\\client\\runtime\\library.js:130:9551)\n    at async Promise.all (index 0)\n    at async getPaymentSummary (C:\\POS System\\restaurant-pos-backend\\src\\services\\dashboard.service.js:278:31)\n    at async Promise.all (index 4)\n    at async getDashboard (C:\\POS System\\restaurant-pos-backend\\src\\services\\dashboard.service.js:750:9)\n    at async dashboard (C:\\POS System\\restaurant-pos-backend\\src\\controllers\\dashboard.controller.js:111:22)","timestamp":"2026-08-11 11:40:46","userId":31}
{"endpoint":"full","level":"info","message":"Dashboard Request","queryRestaurantId":null,"restaurantId":1,"role":"ADMIN","timestamp":"2026-08-11 11:41:05","userId":31}
{"endpoint":"full","level":"info","message":"Dashboard Request","queryRestaurantId":null,"restaurantId":1,"role":"ADMIN","timestamp":"2026-08-11 11:41:35","userId":31}
{"endpoint":"full","level":"info","message":"Dashboard Request","queryRestaurantId":null,"restaurantId":1,"role":"ADMIN","timestamp":"2026-08-11 11:42:06","userId":31}
{"endpoint":"full","level":"info","message":"Dashboard Request","queryRestaurantId":null,"restaurantId":1,"role":"ADMIN","timestamp":"2026-08-11 11:42:35","userId":31}
{"endpoint":"full","level":"info","message":"Dashboard Request","queryRestaurantId":null,"restaurantId":1,"role":"ADMIN","timestamp":"2026-08-11 11:43:06","userId":31}
{"endpoint":"full","level":"info","message":"Dashboard Request","queryRestaurantId":null,"restaurantId":1,"role":"ADMIN","timestamp":"2026-08-11 11:43:35","userId":31}
{"endpoint":"full","level":"info","message":"Dashboard Request","queryRestaurantId":null,"restaurantId":1,"role":"ADMIN","timestamp":"2026-08-11 11:44:05","userId":31}
{"endpoint":"full","level":"info","message":"Dashboard Request","queryRestaurantId":null,"restaurantId":1,"role":"ADMIN","timestamp":"2026-08-11 11:44:35","userId":31}
{"endpoint":"full","level":"info","message":"Dashboard Request","queryRestaurantId":null,"restaurantId":1,"role":"ADMIN","timestamp":"2026-08-11 11:45:06","userId":31}
{"error":"\nInvalid `prisma.payment.aggregate()` invocation in\nC:\\POS System\\restaurant-pos-backend\\src\\services\\dashboard.service.js:234:24\n\n  231 };\n  232 \n  233 const [sales, cash, upi, card] = await Promise.all([\n→ 234     prisma.payment.aggregate(\nCan't reach database server at `localhost:5432`\n\nPlease make sure your database server is running at `localhost:5432`.","level":"error","message":"Dashboard error","role":"ADMIN","stack":"PrismaClientKnownRequestError: \nInvalid `prisma.payment.aggregate()` invocation in\nC:\\POS System\\restaurant-pos-backend\\src\\services\\dashboard.service.js:234:24\n\n  231 };\n  232 \n  233 const [sales, cash, upi, card] = await Promise.all([\n→ 234     prisma.payment.aggregate(\nCan't reach database server at `localhost:5432`\n\nPlease make sure your database server is running at `localhost:5432`.\n    at ei.handleRequestError (C:\\POS System\\restaurant-pos-backend\\node_modules\\@prisma\\client\\runtime\\library.js:121:7268)\n    at ei.handleAndLogRequestError (C:\\POS System\\restaurant-pos-backend\\node_modules\\@prisma\\client\\runtime\\library.js:121:6593)\n    at ei.request (C:\\POS System\\restaurant-pos-backend\\node_modules\\@prisma\\client\\runtime\\library.js:121:6300)\n    at async a (C:\\POS System\\restaurant-pos-backend\\node_modules\\@prisma\\client\\runtime\\library.js:130:9551)\n    at async Promise.all (index 0)\n    at async getSalesSummary (C:\\POS System\\restaurant-pos-backend\\src\\services\\dashboard.service.js:233:38)\n    at async Promise.all (index 1)\n    at async getDashboard (C:\\POS System\\restaurant-pos-backend\\src\\services\\dashboard.service.js:750:9)\n    at async dashboard (C:\\POS System\\restaurant-pos-backend\\src\\controllers\\dashboard.controller.js:111:22)","timestamp":"2026-08-11 11:45:13","userId":31}
{"endpoint":"full","level":"info","message":"Dashboard Request","queryRestaurantId":null,"restaurantId":1,"role":"ADMIN","timestamp":"2026-08-11 11:45:36","userId":31}
{"endpoint":"full","level":"info","message":"Dashboard Request","queryRestaurantId":null,"restaurantId":1,"role":"ADMIN","timestamp":"2026-08-11 11:46:06","userId":31}
{"endpoint":"full","level":"info","message":"Dashboard Request","queryRestaurantId":null,"restaurantId":1,"role":"ADMIN","timestamp":"2026-08-11 11:46:35","userId":31}
{"endpoint":"full","level":"info","message":"Dashboard Request","queryRestaurantId":null,"restaurantId":1,"role":"ADMIN","timestamp":"2026-08-11 11:47:05","userId":31}
{"endpoint":"full","level":"info","message":"Dashboard Request","queryRestaurantId":null,"restaurantId":1,"role":"ADMIN","timestamp":"2026-08-11 11:47:35","userId":31}
{"endpoint":"full","level":"info","message":"Dashboard Request","queryRestaurantId":null,"restaurantId":1,"role":"ADMIN","timestamp":"2026-08-11 11:48:05","userId":31}
{"endpoint":"full","level":"info","message":"Dashboard Request","queryRestaurantId":null,"restaurantId":1,"role":"ADMIN","timestamp":"2026-08-11 11:48:35","userId":31}
{"endpoint":"full","level":"info","message":"Dashboard Request","queryRestaurantId":null,"restaurantId":1,"role":"ADMIN","timestamp":"2026-08-11 11:49:05","userId":31}
{"endpoint":"full","level":"info","message":"Dashboard Request","queryRestaurantId":null,"restaurantId":1,"role":"ADMIN","timestamp":"2026-08-11 11:49:49","userId":31}
{"endpoint":"full","level":"info","message":"Dashboard Request","queryRestaurantId":null,"restaurantId":1,"role":"ADMIN","timestamp":"2026-08-11 11:50:09","userId":31}
{"endpoint":"full","level":"info","message":"Dashboard Request","queryRestaurantId":null,"restaurantId":1,"role":"ADMIN","timestamp":"2026-08-11 11:50:35","userId":31}
{"endpoint":"full","level":"info","message":"Dashboard Request","queryRestaurantId":null,"restaurantId":1,"role":"ADMIN","timestamp":"2026-08-11 11:51:08","userId":31}
{"error":"\nInvalid `prisma.payment.aggregate()` invocation in\nC:\\POS System\\restaurant-pos-backend\\src\\services\\dashboard.service.js:279:24\n\n  276 const baseWhere = whereRestaurant(restaurantId);\n  277 \n  278 const [cash, card, upi] = await Promise.all([\n→ 279     prisma.payment.aggregate(\nCan't reach database server at `localhost:5432`\n\nPlease make sure your database server is running at `localhost:5432`.","level":"error","message":"Dashboard error","role":"ADMIN","stack":"PrismaClientKnownRequestError: \nInvalid `prisma.payment.aggregate()` invocation in\nC:\\POS System\\restaurant-pos-backend\\src\\services\\dashboard.service.js:279:24\n\n  276 const baseWhere = whereRestaurant(restaurantId);\n  277 \n  278 const [cash, card, upi] = await Promise.all([\n→ 279     prisma.payment.aggregate(\nCan't reach database server at `localhost:5432`\n\nPlease make sure your database server is running at `localhost:5432`.\n    at ei.handleRequestError (C:\\POS System\\restaurant-pos-backend\\node_modules\\@prisma\\client\\runtime\\library.js:121:7268)\n    at ei.handleAndLogRequestError (C:\\POS System\\restaurant-pos-backend\\node_modules\\@prisma\\client\\runtime\\library.js:121:6593)\n    at ei.request (C:\\POS System\\restaurant-pos-backend\\node_modules\\@prisma\\client\\runtime\\library.js:121:6300)\n    at async a (C:\\POS System\\restaurant-pos-backend\\node_modules\\@prisma\\client\\runtime\\library.js:130:9551)\n    at async Promise.all (index 0)\n    at async getPaymentSummary (C:\\POS System\\restaurant-pos-backend\\src\\services\\dashboard.service.js:278:31)\n    at async Promise.all (index 4)\n    at async getDashboard (C:\\POS System\\restaurant-pos-backend\\src\\services\\dashboard.service.js:750:9)\n    at async dashboard (C:\\POS System\\restaurant-pos-backend\\src\\controllers\\dashboard.controller.js:111:22)","timestamp":"2026-08-11 11:51:20","userId":31}
{"endpoint":"full","level":"info","message":"Dashboard Request","queryRestaurantId":null,"restaurantId":1,"role":"ADMIN","timestamp":"2026-08-11 11:51:41","userId":31}
{"endpoint":"full","level":"info","message":"Dashboard Request","queryRestaurantId":null,"restaurantId":1,"role":"ADMIN","timestamp":"2026-08-11 11:52:08","userId":31}
{"endpoint":"full","level":"info","message":"Dashboard Request","queryRestaurantId":null,"restaurantId":1,"role":"ADMIN","timestamp":"2026-08-11 11:52:37","userId":31}
{"endpoint":"full","level":"info","message":"Dashboard Request","queryRestaurantId":null,"restaurantId":1,"role":"ADMIN","timestamp":"2026-08-11 11:53:17","userId":31}
{"endpoint":"full","level":"info","message":"Dashboard Request","queryRestaurantId":null,"restaurantId":1,"role":"ADMIN","timestamp":"2026-08-11 11:53:35","userId":31}
{"endpoint":"full","level":"info","message":"Dashboard Request","queryRestaurantId":null,"restaurantId":1,"role":"ADMIN","timestamp":"2026-08-11 11:54:05","userId":31}
{"endpoint":"full","level":"info","message":"Dashboard Request","queryRestaurantId":null,"restaurantId":1,"role":"ADMIN","timestamp":"2026-08-11 11:54:36","userId":31}
{"endpoint":"full","level":"info","message":"Dashboard Request","queryRestaurantId":null,"restaurantId":1,"role":"ADMIN","timestamp":"2026-08-11 11:55:06","userId":31}
{"endpoint":"full","level":"info","message":"Dashboard Request","queryRestaurantId":null,"restaurantId":1,"role":"ADMIN","timestamp":"2026-08-11 11:55:36","userId":31}
{"endpoint":"full","level":"info","message":"Dashboard Request","queryRestaurantId":null,"restaurantId":1,"role":"ADMIN","timestamp":"2026-08-11 11:56:05","userId":31}
{"endpoint":"full","level":"info","message":"Dashboard Request","queryRestaurantId":null,"restaurantId":1,"role":"ADMIN","timestamp":"2026-08-11 11:56:35","userId":31}
{"endpoint":"full","level":"info","message":"Dashboard Request","queryRestaurantId":null,"restaurantId":1,"role":"ADMIN","timestamp":"2026-08-11 11:57:08","userId":31}
{"endpoint":"full","level":"info","message":"Dashboard Request","queryRestaurantId":null,"restaurantId":1,"role":"ADMIN","timestamp":"2026-08-11 11:57:36","userId":31}
{"endpoint":"full","level":"info","message":"Dashboard Request","queryRestaurantId":null,"restaurantId":1,"role":"ADMIN","timestamp":"2026-08-11 11:58:06","userId":31}
{"endpoint":"full","level":"info","message":"Dashboard Request","queryRestaurantId":null,"restaurantId":1,"role":"ADMIN","timestamp":"2026-08-11 11:58:36","userId":31}
{"endpoint":"full","level":"info","message":"Dashboard Request","queryRestaurantId":null,"restaurantId":1,"role":"ADMIN","timestamp":"2026-08-11 11:59:05","userId":31}
{"endpoint":"full","level":"info","message":"Dashboard Request","queryRestaurantId":null,"restaurantId":1,"role":"ADMIN","timestamp":"2026-08-11 11:59:35","userId":31}
{"endpoint":"full","level":"info","message":"Dashboard Request","queryRestaurantId":null,"restaurantId":1,"role":"ADMIN","timestamp":"2026-08-11 12:00:05","userId":31}
{"endpoint":"full","level":"info","message":"Dashboard Request","queryRestaurantId":null,"restaurantId":1,"role":"ADMIN","timestamp":"2026-08-11 12:00:35","userId":31}
{"endpoint":"full","level":"info","message":"Dashboard Request","queryRestaurantId":null,"restaurantId":1,"role":"ADMIN","timestamp":"2026-08-11 12:01:08","userId":31}
{"endpoint":"full","level":"info","message":"Dashboard Request","queryRestaurantId":null,"restaurantId":1,"role":"ADMIN","timestamp":"2026-08-11 12:01:35","userId":31}
{"endpoint":"full","level":"info","message":"Dashboard Request","queryRestaurantId":null,"restaurantId":1,"role":"ADMIN","timestamp":"2026-08-11 12:02:39","userId":31}
{"endpoint":"full","level":"info","message":"Dashboard Request","queryRestaurantId":null,"restaurantId":1,"role":"ADMIN","timestamp":"2026-08-11 12:03:10","userId":31}
{"endpoint":"full","level":"info","message":"Dashboard Request","queryRestaurantId":null,"restaurantId":1,"role":"ADMIN","timestamp":"2026-08-11 12:03:42","userId":31}
{"endpoint":"full","level":"info","message":"Dashboard Request","queryRestaurantId":null,"restaurantId":1,"role":"ADMIN","timestamp":"2026-08-11 12:04:16","userId":31}
{"endpoint":"full","level":"info","message":"Dashboard Request","queryRestaurantId":null,"restaurantId":1,"role":"ADMIN","timestamp":"2026-08-11 12:04:46","userId":31}
{"endpoint":"full","level":"info","message":"Dashboard Request","queryRestaurantId":null,"restaurantId":1,"role":"ADMIN","timestamp":"2026-08-11 12:05:23","userId":31}
{"endpoint":"full","level":"info","message":"Dashboard Request","queryRestaurantId":null,"restaurantId":1,"role":"ADMIN","timestamp":"2026-08-11 12:05:51","userId":31}
{"endpoint":"full","level":"info","message":"Dashboard Request","queryRestaurantId":null,"restaurantId":1,"role":"ADMIN","timestamp":"2026-08-11 12:06:21","userId":31}
{"endpoint":"full","level":"info","message":"Dashboard Request","queryRestaurantId":null,"restaurantId":1,"role":"ADMIN","timestamp":"2026-08-11 12:06:51","userId":31}
{"endpoint":"full","level":"info","message":"Dashboard Request","queryRestaurantId":null,"restaurantId":1,"role":"ADMIN","timestamp":"2026-08-11 12:07:24","userId":31}
{"endpoint":"full","level":"info","message":"Dashboard Request","queryRestaurantId":null,"restaurantId":1,"role":"ADMIN","timestamp":"2026-08-11 12:07:57","userId":31}
{"endpoint":"full","level":"info","message":"Dashboard Request","queryRestaurantId":null,"restaurantId":1,"role":"ADMIN","timestamp":"2026-08-11 12:08:29","userId":31}
{"endpoint":"full","level":"info","message":"Dashboard Request","queryRestaurantId":null,"restaurantId":1,"role":"ADMIN","timestamp":"2026-08-11 12:09:02","userId":31}
{"endpoint":"full","level":"info","message":"Dashboard Request","queryRestaurantId":null,"restaurantId":1,"role":"ADMIN","timestamp":"2026-08-11 12:09:35","userId":31}
{"endpoint":"full","level":"info","message":"Dashboard Request","queryRestaurantId":null,"restaurantId":1,"role":"ADMIN","timestamp":"2026-08-11 12:10:09","userId":31}
{"endpoint":"full","level":"info","message":"Dashboard Request","queryRestaurantId":null,"restaurantId":1,"role":"ADMIN","timestamp":"2026-08-11 12:10:40","userId":31}
{"endpoint":"full","level":"info","message":"Dashboard Request","queryRestaurantId":null,"restaurantId":1,"role":"ADMIN","timestamp":"2026-08-11 12:11:13","userId":31}
{"endpoint":"full","level":"info","message":"Dashboard Request","queryRestaurantId":null,"restaurantId":1,"role":"ADMIN","timestamp":"2026-08-11 12:11:44","userId":31}
{"endpoint":"full","level":"info","message":"Dashboard Request","queryRestaurantId":null,"restaurantId":1,"role":"ADMIN","timestamp":"2026-08-11 12:12:16","userId":31}
{"endpoint":"full","level":"info","message":"Dashboard Request","queryRestaurantId":null,"restaurantId":1,"role":"ADMIN","timestamp":"2026-08-11 12:12:47","userId":31}
{"endpoint":"full","level":"info","message":"Dashboard Request","queryRestaurantId":null,"restaurantId":1,"role":"ADMIN","timestamp":"2026-08-11 12:13:24","userId":31}
{"endpoint":"full","level":"info","message":"Dashboard Request","queryRestaurantId":null,"restaurantId":1,"role":"ADMIN","timestamp":"2026-08-11 12:13:52","userId":31}
{"endpoint":"full","level":"info","message":"Dashboard Request","queryRestaurantId":null,"restaurantId":1,"role":"ADMIN","timestamp":"2026-08-11 12:14:21","userId":31}
{"endpoint":"full","level":"info","message":"Dashboard Request","queryRestaurantId":null,"restaurantId":1,"role":"ADMIN","timestamp":"2026-08-11 12:14:51","userId":31}
{"endpoint":"full","level":"info","message":"Dashboard Request","queryRestaurantId":null,"restaurantId":1,"role":"ADMIN","timestamp":"2026-08-11 12:15:24","userId":31}
{"endpoint":"full","level":"info","message":"Dashboard Request","queryRestaurantId":null,"restaurantId":1,"role":"ADMIN","timestamp":"2026-08-11 12:15:57","userId":31}
{"endpoint":"full","level":"info","message":"Dashboard Request","queryRestaurantId":null,"restaurantId":1,"role":"ADMIN","timestamp":"2026-08-11 12:16:30","userId":31}
{"endpoint":"full","level":"info","message":"Dashboard Request","queryRestaurantId":null,"restaurantId":1,"role":"ADMIN","timestamp":"2026-08-11 12:17:00","userId":31}
{"endpoint":"full","level":"info","message":"Dashboard Request","queryRestaurantId":null,"restaurantId":1,"role":"ADMIN","timestamp":"2026-08-11 12:17:33","userId":31}
{"endpoint":"full","level":"info","message":"Dashboard Request","queryRestaurantId":null,"restaurantId":1,"role":"ADMIN","timestamp":"2026-08-11 12:18:05","userId":31}
{"endpoint":"full","level":"info","message":"Dashboard Request","queryRestaurantId":null,"restaurantId":1,"role":"ADMIN","timestamp":"2026-08-11 12:18:39","userId":31}
{"endpoint":"full","level":"info","message":"Dashboard Request","queryRestaurantId":null,"restaurantId":1,"role":"ADMIN","timestamp":"2026-08-11 12:19:09","userId":31}
{"endpoint":"full","level":"info","message":"Dashboard Request","queryRestaurantId":null,"restaurantId":1,"role":"ADMIN","timestamp":"2026-08-11 12:19:42","userId":31}
{"endpoint":"full","level":"info","message":"Dashboard Request","queryRestaurantId":null,"restaurantId":1,"role":"ADMIN","timestamp":"2026-08-11 12:20:18","userId":31}
{"endpoint":"full","level":"info","message":"Dashboard Request","queryRestaurantId":null,"restaurantId":1,"role":"ADMIN","timestamp":"2026-08-11 12:20:50","userId":31}
{"endpoint":"full","level":"info","message":"Dashboard Request","queryRestaurantId":null,"restaurantId":1,"role":"ADMIN","timestamp":"2026-08-11 12:21:23","userId":31}
{"endpoint":"full","level":"info","message":"Dashboard Request","queryRestaurantId":null,"restaurantId":1,"role":"ADMIN","timestamp":"2026-08-11 12:21:56","userId":31}
{"endpoint":"full","level":"info","message":"Dashboard Request","queryRestaurantId":null,"restaurantId":1,"role":"ADMIN","timestamp":"2026-08-11 12:22:29","userId":31}
{"endpoint":"full","level":"info","message":"Dashboard Request","queryRestaurantId":null,"restaurantId":1,"role":"ADMIN","timestamp":"2026-08-11 12:23:02","userId":31}
{"endpoint":"full","level":"info","message":"Dashboard Request","queryRestaurantId":null,"restaurantId":1,"role":"ADMIN","timestamp":"2026-08-11 12:23:35","userId":31}
{"endpoint":"full","level":"info","message":"Dashboard Request","queryRestaurantId":null,"restaurantId":1,"role":"ADMIN","timestamp":"2026-08-11 12:24:08","userId":31}
{"endpoint":"full","level":"info","message":"Dashboard Request","queryRestaurantId":null,"restaurantId":1,"role":"ADMIN","timestamp":"2026-08-11 12:24:40","userId":31}
{"endpoint":"full","level":"info","message":"Dashboard Request","queryRestaurantId":null,"restaurantId":1,"role":"ADMIN","timestamp":"2026-08-11 12:25:11","userId":31}
{"endpoint":"full","level":"info","message":"Dashboard Request","queryRestaurantId":null,"restaurantId":1,"role":"ADMIN","timestamp":"2026-08-11 12:25:44","userId":31}
{"endpoint":"full","level":"info","message":"Dashboard Request","queryRestaurantId":null,"restaurantId":1,"role":"ADMIN","timestamp":"2026-08-11 12:26:14","userId":31}
{"endpoint":"full","level":"info","message":"Dashboard Request","queryRestaurantId":null,"restaurantId":1,"role":"ADMIN","timestamp":"2026-08-11 12:26:47","userId":31}
{"endpoint":"full","level":"info","message":"Dashboard Request","queryRestaurantId":null,"restaurantId":1,"role":"ADMIN","timestamp":"2026-08-11 12:27:17","userId":31}
{"endpoint":"full","level":"info","message":"Dashboard Request","queryRestaurantId":null,"restaurantId":1,"role":"ADMIN","timestamp":"2026-08-11 12:27:50","userId":31}
{"endpoint":"full","level":"info","message":"Dashboard Request","queryRestaurantId":null,"restaurantId":1,"role":"ADMIN","timestamp":"2026-08-11 12:28:20","userId":31}
{"endpoint":"full","level":"info","message":"Dashboard Request","queryRestaurantId":null,"restaurantId":1,"role":"ADMIN","timestamp":"2026-08-11 12:28:53","userId":31}
{"endpoint":"full","level":"info","message":"Dashboard Request","queryRestaurantId":null,"restaurantId":1,"role":"ADMIN","timestamp":"2026-08-11 12:29:24","userId":31}
{"endpoint":"full","level":"info","message":"Dashboard Request","queryRestaurantId":null,"restaurantId":1,"role":"ADMIN","timestamp":"2026-08-11 12:29:56","userId":31}
{"endpoint":"full","level":"info","message":"Dashboard Request","queryRestaurantId":null,"restaurantId":1,"role":"ADMIN","timestamp":"2026-08-11 12:30:27","userId":31}
{"endpoint":"full","level":"info","message":"Dashboard Request","queryRestaurantId":null,"restaurantId":1,"role":"ADMIN","timestamp":"2026-08-11 12:30:59","userId":31}
{"endpoint":"full","level":"info","message":"Dashboard Request","queryRestaurantId":null,"restaurantId":1,"role":"ADMIN","timestamp":"2026-08-11 12:31:32","userId":31}
{"endpoint":"full","level":"info","message":"Dashboard Request","queryRestaurantId":null,"restaurantId":1,"role":"ADMIN","timestamp":"2026-08-11 12:32:04","userId":31}
{"endpoint":"full","level":"info","message":"Dashboard Request","queryRestaurantId":null,"restaurantId":1,"role":"ADMIN","timestamp":"2026-08-11 12:32:34","userId":31}
{"endpoint":"full","level":"info","message":"Dashboard Request","queryRestaurantId":null,"restaurantId":1,"role":"ADMIN","timestamp":"2026-08-11 12:33:06","userId":31}
{"endpoint":"full","level":"info","message":"Dashboard Request","queryRestaurantId":null,"restaurantId":1,"role":"ADMIN","timestamp":"2026-08-11 12:33:36","userId":31}
{"endpoint":"full","level":"info","message":"Dashboard Request","queryRestaurantId":null,"restaurantId":1,"role":"ADMIN","timestamp":"2026-08-11 12:34:06","userId":31}
{"endpoint":"full","level":"info","message":"Dashboard Request","queryRestaurantId":null,"restaurantId":1,"role":"ADMIN","timestamp":"2026-08-11 12:34:14","userId":31}
{"endpoint":"full","level":"info","message":"Dashboard Request","queryRestaurantId":null,"restaurantId":1,"role":"ADMIN","timestamp":"2026-08-11 12:34:44","userId":31}
{"endpoint":"full","level":"info","message":"Dashboard Request","queryRestaurantId":null,"restaurantId":1,"role":"ADMIN","timestamp":"2026-08-11 12:35:14","userId":31}
{"endpoint":"full","level":"info","message":"Dashboard Request","queryRestaurantId":null,"restaurantId":1,"role":"ADMIN","timestamp":"2026-08-11 12:35:44","userId":31}
{"endpoint":"full","level":"info","message":"Dashboard Request","queryRestaurantId":null,"restaurantId":1,"role":"ADMIN","timestamp":"2026-08-11 12:36:15","userId":31}
{"endpoint":"full","level":"info","message":"Dashboard Request","queryRestaurantId":null,"restaurantId":1,"role":"ADMIN","timestamp":"2026-08-11 12:36:45","userId":31}
{"endpoint":"full","level":"info","message":"Dashboard Request","queryRestaurantId":null,"restaurantId":1,"role":"ADMIN","timestamp":"2026-08-11 12:37:16","userId":31}
{"endpoint":"full","level":"info","message":"Dashboard Request","queryRestaurantId":null,"restaurantId":1,"role":"ADMIN","timestamp":"2026-08-11 12:37:46","userId":31}
{"endpoint":"full","level":"info","message":"Dashboard Request","queryRestaurantId":null,"restaurantId":1,"role":"ADMIN","timestamp":"2026-08-11 12:38:16","userId":31}
{"endpoint":"full","level":"info","message":"Dashboard Request","queryRestaurantId":null,"restaurantId":1,"role":"ADMIN","timestamp":"2026-08-11 12:38:46","userId":31}
{"endpoint":"full","level":"info","message":"Dashboard Request","queryRestaurantId":null,"restaurantId":1,"role":"ADMIN","timestamp":"2026-08-11 12:39:17","userId":31}
{"endpoint":"full","level":"info","message":"Dashboard Request","queryRestaurantId":null,"restaurantId":1,"role":"ADMIN","timestamp":"2026-08-11 12:39:48","userId":31}
{"endpoint":"full","level":"info","message":"Dashboard Request","queryRestaurantId":null,"restaurantId":1,"role":"ADMIN","timestamp":"2026-08-11 12:40:18","userId":31}
{"endpoint":"full","level":"info","message":"Dashboard Request","queryRestaurantId":null,"restaurantId":1,"role":"ADMIN","timestamp":"2026-08-11 12:40:48","userId":31}
{"endpoint":"full","level":"info","message":"Dashboard Request","queryRestaurantId":null,"restaurantId":1,"role":"ADMIN","timestamp":"2026-08-11 12:41:18","userId":31}
{"endpoint":"full","level":"info","message":"Dashboard Request","queryRestaurantId":null,"restaurantId":1,"role":"ADMIN","timestamp":"2026-08-11 12:41:49","userId":31}
{"endpoint":"full","level":"info","message":"Dashboard Request","queryRestaurantId":null,"restaurantId":1,"role":"ADMIN","timestamp":"2026-08-11 12:42:19","userId":31}
{"endpoint":"full","level":"info","message":"Dashboard Request","queryRestaurantId":null,"restaurantId":1,"role":"ADMIN","timestamp":"2026-08-11 12:42:49","userId":31}
{"endpoint":"full","level":"info","message":"Dashboard Request","queryRestaurantId":null,"restaurantId":1,"role":"ADMIN","timestamp":"2026-08-11 12:43:20","userId":31}
{"endpoint":"full","level":"info","message":"Dashboard Request","queryRestaurantId":null,"restaurantId":1,"role":"ADMIN","timestamp":"2026-08-11 12:43:51","userId":31}
{"endpoint":"full","level":"info","message":"Dashboard Request","queryRestaurantId":null,"restaurantId":1,"role":"ADMIN","timestamp":"2026-08-11 12:44:22","userId":31}
{"endpoint":"full","level":"info","message":"Dashboard Request","queryRestaurantId":null,"restaurantId":1,"role":"ADMIN","timestamp":"2026-08-11 12:44:51","userId":31}
{"endpoint":"full","level":"info","message":"Dashboard Request","queryRestaurantId":null,"restaurantId":1,"role":"ADMIN","timestamp":"2026-08-11 12:45:21","userId":31}
{"endpoint":"full","level":"info","message":"Dashboard Request","queryRestaurantId":null,"restaurantId":1,"role":"ADMIN","timestamp":"2026-08-11 12:45:51","userId":31}
{"endpoint":"full","level":"info","message":"Dashboard Request","queryRestaurantId":null,"restaurantId":1,"role":"ADMIN","timestamp":"2026-08-11 12:46:21","userId":31}
{"endpoint":"full","level":"info","message":"Dashboard Request","queryRestaurantId":null,"restaurantId":1,"role":"ADMIN","timestamp":"2026-08-11 12:46:52","userId":31}
{"endpoint":"full","level":"info","message":"Dashboard Request","queryRestaurantId":null,"restaurantId":1,"role":"ADMIN","timestamp":"2026-08-11 12:47:22","userId":31}
{"endpoint":"full","level":"info","message":"Dashboard Request","queryRestaurantId":null,"restaurantId":1,"role":"ADMIN","timestamp":"2026-08-11 12:47:52","userId":31}
{"endpoint":"full","level":"info","message":"Dashboard Request","queryRestaurantId":null,"restaurantId":1,"role":"ADMIN","timestamp":"2026-08-11 12:48:22","userId":31}
{"endpoint":"full","level":"info","message":"Dashboard Request","queryRestaurantId":null,"restaurantId":1,"role":"ADMIN","timestamp":"2026-08-11 12:48:52","userId":31}
{"endpoint":"full","level":"info","message":"Dashboard Request","queryRestaurantId":null,"restaurantId":1,"role":"ADMIN","timestamp":"2026-08-11 12:49:22","userId":31}
{"endpoint":"full","level":"info","message":"Dashboard Request","queryRestaurantId":null,"restaurantId":1,"role":"ADMIN","timestamp":"2026-08-11 12:49:52","userId":31}
{"endpoint":"full","level":"info","message":"Dashboard Request","queryRestaurantId":null,"restaurantId":1,"role":"ADMIN","timestamp":"2026-08-11 12:50:22","userId":31}
{"endpoint":"full","level":"info","message":"Dashboard Request","queryRestaurantId":null,"restaurantId":1,"role":"ADMIN","timestamp":"2026-08-11 12:50:52","userId":31}
{"endpoint":"full","level":"info","message":"Dashboard Request","queryRestaurantId":null,"restaurantId":1,"role":"ADMIN","timestamp":"2026-08-11 12:51:23","userId":31}
{"endpoint":"full","level":"info","message":"Dashboard Request","queryRestaurantId":null,"restaurantId":1,"role":"ADMIN","timestamp":"2026-08-11 12:51:52","userId":31}
{"endpoint":"full","level":"info","message":"Dashboard Request","queryRestaurantId":null,"restaurantId":1,"role":"ADMIN","timestamp":"2026-08-11 12:52:22","userId":31}
{"endpoint":"full","level":"info","message":"Dashboard Request","queryRestaurantId":null,"restaurantId":1,"role":"ADMIN","timestamp":"2026-08-11 12:52:53","userId":31}
{"endpoint":"full","level":"info","message":"Dashboard Request","queryRestaurantId":null,"restaurantId":1,"role":"ADMIN","timestamp":"2026-08-11 12:53:24","userId":31}
{"endpoint":"full","level":"info","message":"Dashboard Request","queryRestaurantId":null,"restaurantId":1,"role":"ADMIN","timestamp":"2026-08-11 12:53:54","userId":31}
{"endpoint":"full","level":"info","message":"Dashboard Request","queryRestaurantId":null,"restaurantId":1,"role":"ADMIN","timestamp":"2026-08-11 12:54:25","userId":31}
{"endpoint":"full","level":"info","message":"Dashboard Request","queryRestaurantId":null,"restaurantId":1,"role":"ADMIN","timestamp":"2026-08-11 12:54:56","userId":31}
{"endpoint":"full","level":"info","message":"Dashboard Request","queryRestaurantId":null,"restaurantId":1,"role":"ADMIN","timestamp":"2026-08-11 12:55:26","userId":31}
{"endpoint":"full","level":"info","message":"Dashboard Request","queryRestaurantId":null,"restaurantId":1,"role":"ADMIN","timestamp":"2026-08-11 12:55:57","userId":31}
{"endpoint":"full","level":"info","message":"Dashboard Request","queryRestaurantId":null,"restaurantId":1,"role":"ADMIN","timestamp":"2026-08-11 12:56:27","userId":31}
{"endpoint":"full","level":"info","message":"Dashboard Request","queryRestaurantId":null,"restaurantId":1,"role":"ADMIN","timestamp":"2026-08-11 12:56:58","userId":31}
{"endpoint":"full","level":"info","message":"Dashboard Request","queryRestaurantId":null,"restaurantId":1,"role":"ADMIN","timestamp":"2026-08-11 12:57:29","userId":31}
{"endpoint":"full","level":"info","message":"Dashboard Request","queryRestaurantId":null,"restaurantId":1,"role":"ADMIN","timestamp":"2026-08-11 12:57:59","userId":31}
{"endpoint":"full","level":"info","message":"Dashboard Request","queryRestaurantId":null,"restaurantId":1,"role":"ADMIN","timestamp":"2026-08-11 12:58:29","userId":31}
{"endpoint":"full","level":"info","message":"Dashboard Request","queryRestaurantId":null,"restaurantId":1,"role":"ADMIN","timestamp":"2026-08-11 12:59:00","userId":31}
{"endpoint":"full","level":"info","message":"Dashboard Request","queryRestaurantId":null,"restaurantId":1,"role":"ADMIN","timestamp":"2026-08-11 12:59:30","userId":31}
{"endpoint":"full","level":"info","message":"Dashboard Request","queryRestaurantId":null,"restaurantId":1,"role":"ADMIN","timestamp":"2026-08-11 13:00:01","userId":31}
{"endpoint":"full","level":"info","message":"Dashboard Request","queryRestaurantId":null,"restaurantId":1,"role":"ADMIN","timestamp":"2026-08-11 13:00:31","userId":31}
{"endpoint":"full","level":"info","message":"Dashboard Request","queryRestaurantId":null,"restaurantId":1,"role":"ADMIN","timestamp":"2026-08-11 13:01:01","userId":31}
{"endpoint":"full","level":"info","message":"Dashboard Request","queryRestaurantId":null,"restaurantId":1,"role":"ADMIN","timestamp":"2026-08-11 13:01:32","userId":31}
{"endpoint":"full","level":"info","message":"Dashboard Request","queryRestaurantId":null,"restaurantId":1,"role":"ADMIN","timestamp":"2026-08-11 13:02:02","userId":31}
{"endpoint":"full","level":"info","message":"Dashboard Request","queryRestaurantId":null,"restaurantId":1,"role":"ADMIN","timestamp":"2026-08-11 13:02:33","userId":31}
{"endpoint":"full","level":"info","message":"Dashboard Request","queryRestaurantId":null,"restaurantId":1,"role":"ADMIN","timestamp":"2026-08-11 13:03:03","userId":31}
{"endpoint":"full","level":"info","message":"Dashboard Request","queryRestaurantId":null,"restaurantId":1,"role":"ADMIN","timestamp":"2026-08-11 13:03:34","userId":31}
{"endpoint":"full","level":"info","message":"Dashboard Request","queryRestaurantId":null,"restaurantId":1,"role":"ADMIN","timestamp":"2026-08-11 13:04:04","userId":31}
{"endpoint":"full","level":"info","message":"Dashboard Request","queryRestaurantId":null,"restaurantId":1,"role":"ADMIN","timestamp":"2026-08-11 13:04:35","userId":31}
{"endpoint":"full","level":"info","message":"Dashboard Request","queryRestaurantId":null,"restaurantId":1,"role":"ADMIN","timestamp":"2026-08-11 13:05:06","userId":31}
{"endpoint":"full","level":"info","message":"Dashboard Request","queryRestaurantId":null,"restaurantId":1,"role":"ADMIN","timestamp":"2026-08-11 13:05:36","userId":31}
{"endpoint":"full","level":"info","message":"Dashboard Request","queryRestaurantId":null,"restaurantId":1,"role":"ADMIN","timestamp":"2026-08-11 13:06:06","userId":31}
{"endpoint":"full","level":"info","message":"Dashboard Request","queryRestaurantId":null,"restaurantId":1,"role":"ADMIN","timestamp":"2026-08-11 13:06:36","userId":31}
{"endpoint":"full","level":"info","message":"Dashboard Request","queryRestaurantId":null,"restaurantId":1,"role":"ADMIN","timestamp":"2026-08-11 13:07:07","userId":31}
{"endpoint":"full","level":"info","message":"Dashboard Request","queryRestaurantId":null,"restaurantId":1,"role":"ADMIN","timestamp":"2026-08-11 13:07:37","userId":31}
{"endpoint":"full","level":"info","message":"Dashboard Request","queryRestaurantId":null,"restaurantId":1,"role":"ADMIN","timestamp":"2026-08-11 13:08:07","userId":31}
{"endpoint":"full","level":"info","message":"Dashboard Request","queryRestaurantId":null,"restaurantId":1,"role":"ADMIN","timestamp":"2026-08-11 13:08:38","userId":31}
{"endpoint":"full","level":"info","message":"Dashboard Request","queryRestaurantId":null,"restaurantId":1,"role":"ADMIN","timestamp":"2026-08-11 13:09:08","userId":31}
{"endpoint":"full","level":"info","message":"Dashboard Request","queryRestaurantId":null,"restaurantId":1,"role":"ADMIN","timestamp":"2026-08-11 13:09:38","userId":31}
{"endpoint":"full","level":"info","message":"Dashboard Request","queryRestaurantId":null,"restaurantId":1,"role":"ADMIN","timestamp":"2026-08-11 13:10:09","userId":31}
{"endpoint":"full","level":"info","message":"Dashboard Request","queryRestaurantId":null,"restaurantId":1,"role":"ADMIN","timestamp":"2026-08-11 13:10:39","userId":31}
{"endpoint":"full","level":"info","message":"Dashboard Request","queryRestaurantId":null,"restaurantId":1,"role":"ADMIN","timestamp":"2026-08-11 13:11:10","userId":31}
{"endpoint":"full","level":"info","message":"Dashboard Request","queryRestaurantId":null,"restaurantId":1,"role":"ADMIN","timestamp":"2026-08-11 13:11:41","userId":31}
{"endpoint":"full","level":"info","message":"Dashboard Request","queryRestaurantId":null,"restaurantId":1,"role":"ADMIN","timestamp":"2026-08-11 13:12:11","userId":31}
{"endpoint":"full","level":"info","message":"Dashboard Request","queryRestaurantId":null,"restaurantId":1,"role":"ADMIN","timestamp":"2026-08-11 13:12:42","userId":31}
{"endpoint":"full","level":"info","message":"Dashboard Request","queryRestaurantId":null,"restaurantId":1,"role":"ADMIN","timestamp":"2026-08-11 13:13:12","userId":31}
{"endpoint":"full","level":"info","message":"Dashboard Request","queryRestaurantId":null,"restaurantId":1,"role":"ADMIN","timestamp":"2026-08-11 13:13:43","userId":31}
{"endpoint":"full","level":"info","message":"Dashboard Request","queryRestaurantId":null,"restaurantId":1,"role":"ADMIN","timestamp":"2026-08-11 13:14:13","userId":31}
{"endpoint":"full","level":"info","message":"Dashboard Request","queryRestaurantId":null,"restaurantId":1,"role":"ADMIN","timestamp":"2026-08-11 13:14:43","userId":31}
{"endpoint":"full","level":"info","message":"Dashboard Request","queryRestaurantId":null,"restaurantId":1,"role":"ADMIN","timestamp":"2026-08-11 13:15:14","userId":31}
{"endpoint":"full","level":"info","message":"Dashboard Request","queryRestaurantId":null,"restaurantId":1,"role":"ADMIN","timestamp":"2026-08-11 13:15:44","userId":31}
{"endpoint":"full","level":"info","message":"Dashboard Request","queryRestaurantId":null,"restaurantId":1,"role":"ADMIN","timestamp":"2026-08-11 13:16:15","userId":31}
{"endpoint":"full","level":"info","message":"Dashboard Request","queryRestaurantId":null,"restaurantId":1,"role":"ADMIN","timestamp":"2026-08-11 13:16:45","userId":31}
{"endpoint":"full","level":"info","message":"Dashboard Request","queryRestaurantId":null,"restaurantId":1,"role":"ADMIN","timestamp":"2026-08-11 13:17:16","userId":31}
{"endpoint":"full","level":"info","message":"Dashboard Request","queryRestaurantId":null,"restaurantId":1,"role":"ADMIN","timestamp":"2026-08-11 13:17:47","userId":31}
{"endpoint":"full","level":"info","message":"Dashboard Request","queryRestaurantId":null,"restaurantId":1,"role":"ADMIN","timestamp":"2026-08-11 13:18:17","userId":31}
{"endpoint":"full","level":"info","message":"Dashboard Request","queryRestaurantId":null,"restaurantId":1,"role":"ADMIN","timestamp":"2026-08-11 13:18:48","userId":31}
{"endpoint":"full","level":"info","message":"Dashboard Request","queryRestaurantId":null,"restaurantId":1,"role":"ADMIN","timestamp":"2026-08-11 13:19:18","userId":31}
{"endpoint":"full","level":"info","message":"Dashboard Request","queryRestaurantId":null,"restaurantId":1,"role":"ADMIN","timestamp":"2026-08-11 13:19:49","userId":31}
{"endpoint":"full","level":"info","message":"Dashboard Request","queryRestaurantId":null,"restaurantId":1,"role":"ADMIN","timestamp":"2026-08-11 13:20:20","userId":31}
{"level":"error","message":"CORS not allowed","method":"OPTIONS","path":"/api/auth/login","role":null,"stack":"Error: CORS not allowed\n    at origin (C:\\POS System\\restaurant-pos-backend\\src\\app.js:77:29)\n    at C:\\POS System\\restaurant-pos-backend\\node_modules\\cors\\lib\\index.js:219:13\n    at optionsCallback (C:\\POS System\\restaurant-pos-backend\\node_modules\\cors\\lib\\index.js:199:9)\n    at corsMiddleware (C:\\POS System\\restaurant-pos-backend\\node_modules\\cors\\lib\\index.js:204:7)\n    at Layer.handleRequest (C:\\POS System\\restaurant-pos-backend\\node_modules\\router\\lib\\layer.js:152:17)\n    at trimPrefix (C:\\POS System\\restaurant-pos-backend\\node_modules\\router\\index.js:342:13)\n    at C:\\POS System\\restaurant-pos-backend\\node_modules\\router\\index.js:297:9\n    at processParams (C:\\POS System\\restaurant-pos-backend\\node_modules\\router\\index.js:582:12)\n    at next (C:\\POS System\\restaurant-pos-backend\\node_modules\\router\\index.js:291:5)\n    at internalNext (C:\\POS System\\restaurant-pos-backend\\node_modules\\helmet\\index.cjs:531:6)\n    at xXssProtectionMiddleware (C:\\POS System\\restaurant-pos-backend\\node_modules\\helmet\\index.cjs:311:3)\n    at internalNext (C:\\POS System\\restaurant-pos-backend\\node_modules\\helmet\\index.cjs:529:6)\n    at xPoweredByMiddleware (C:\\POS System\\restaurant-pos-backend\\node_modules\\helmet\\index.cjs:304:3)\n    at internalNext (C:\\POS System\\restaurant-pos-backend\\node_modules\\helmet\\index.cjs:529:6)\n    at xPermittedCrossDomainPoliciesMiddleware (C:\\POS System\\restaurant-pos-backend\\node_modules\\helmet\\index.cjs:297:3)\n    at internalNext (C:\\POS System\\restaurant-pos-backend\\node_modules\\helmet\\index.cjs:529:6)","timestamp":"2026-08-11 15:03:44","userId":null}
{"level":"error","message":"CORS not allowed","method":"OPTIONS","path":"/api/auth/login","role":null,"stack":"Error: CORS not allowed\n    at origin (C:\\POS System\\restaurant-pos-backend\\src\\app.js:77:29)\n    at C:\\POS System\\restaurant-pos-backend\\node_modules\\cors\\lib\\index.js:219:13\n    at optionsCallback (C:\\POS System\\restaurant-pos-backend\\node_modules\\cors\\lib\\index.js:199:9)\n    at corsMiddleware (C:\\POS System\\restaurant-pos-backend\\node_modules\\cors\\lib\\index.js:204:7)\n    at Layer.handleRequest (C:\\POS System\\restaurant-pos-backend\\node_modules\\router\\lib\\layer.js:152:17)\n    at trimPrefix (C:\\POS System\\restaurant-pos-backend\\node_modules\\router\\index.js:342:13)\n    at C:\\POS System\\restaurant-pos-backend\\node_modules\\router\\index.js:297:9\n    at processParams (C:\\POS System\\restaurant-pos-backend\\node_modules\\router\\index.js:582:12)\n    at next (C:\\POS System\\restaurant-pos-backend\\node_modules\\router\\index.js:291:5)\n    at internalNext (C:\\POS System\\restaurant-pos-backend\\node_modules\\helmet\\index.cjs:531:6)\n    at xXssProtectionMiddleware (C:\\POS System\\restaurant-pos-backend\\node_modules\\helmet\\index.cjs:311:3)\n    at internalNext (C:\\POS System\\restaurant-pos-backend\\node_modules\\helmet\\index.cjs:529:6)\n    at xPoweredByMiddleware (C:\\POS System\\restaurant-pos-backend\\node_modules\\helmet\\index.cjs:304:3)\n    at internalNext (C:\\POS System\\restaurant-pos-backend\\node_modules\\helmet\\index.cjs:529:6)\n    at xPermittedCrossDomainPoliciesMiddleware (C:\\POS System\\restaurant-pos-backend\\node_modules\\helmet\\index.cjs:297:3)\n    at internalNext (C:\\POS System\\restaurant-pos-backend\\node_modules\\helmet\\index.cjs:529:6)","timestamp":"2026-08-11 15:05:16","userId":null}
{"level":"error","message":"CORS not allowed","method":"OPTIONS","path":"/api/auth/login","role":null,"stack":"Error: CORS not allowed\n    at origin (C:\\POS System\\restaurant-pos-backend\\src\\app.js:77:29)\n    at C:\\POS System\\restaurant-pos-backend\\node_modules\\cors\\lib\\index.js:219:13\n    at optionsCallback (C:\\POS System\\restaurant-pos-backend\\node_modules\\cors\\lib\\index.js:199:9)\n    at corsMiddleware (C:\\POS System\\restaurant-pos-backend\\node_modules\\cors\\lib\\index.js:204:7)\n    at Layer.handleRequest (C:\\POS System\\restaurant-pos-backend\\node_modules\\router\\lib\\layer.js:152:17)\n    at trimPrefix (C:\\POS System\\restaurant-pos-backend\\node_modules\\router\\index.js:342:13)\n    at C:\\POS System\\restaurant-pos-backend\\node_modules\\router\\index.js:297:9\n    at processParams (C:\\POS System\\restaurant-pos-backend\\node_modules\\router\\index.js:582:12)\n    at next (C:\\POS System\\restaurant-pos-backend\\node_modules\\router\\index.js:291:5)\n    at internalNext (C:\\POS System\\restaurant-pos-backend\\node_modules\\helmet\\index.cjs:531:6)\n    at xXssProtectionMiddleware (C:\\POS System\\restaurant-pos-backend\\node_modules\\helmet\\index.cjs:311:3)\n    at internalNext (C:\\POS System\\restaurant-pos-backend\\node_modules\\helmet\\index.cjs:529:6)\n    at xPoweredByMiddleware (C:\\POS System\\restaurant-pos-backend\\node_modules\\helmet\\index.cjs:304:3)\n    at internalNext (C:\\POS System\\restaurant-pos-backend\\node_modules\\helmet\\index.cjs:529:6)\n    at xPermittedCrossDomainPoliciesMiddleware (C:\\POS System\\restaurant-pos-backend\\node_modules\\helmet\\index.cjs:297:3)\n    at internalNext (C:\\POS System\\restaurant-pos-backend\\node_modules\\helmet\\index.cjs:529:6)","timestamp":"2026-08-11 15:06:25","userId":null}
{"level":"error","message":"CORS not allowed","method":"OPTIONS","path":"/api/auth/login","role":null,"stack":"Error: CORS not allowed\n    at origin (C:\\POS System\\restaurant-pos-backend\\src\\app.js:77:29)\n    at C:\\POS System\\restaurant-pos-backend\\node_modules\\cors\\lib\\index.js:219:13\n    at optionsCallback (C:\\POS System\\restaurant-pos-backend\\node_modules\\cors\\lib\\index.js:199:9)\n    at corsMiddleware (C:\\POS System\\restaurant-pos-backend\\node_modules\\cors\\lib\\index.js:204:7)\n    at Layer.handleRequest (C:\\POS System\\restaurant-pos-backend\\node_modules\\router\\lib\\layer.js:152:17)\n    at trimPrefix (C:\\POS System\\restaurant-pos-backend\\node_modules\\router\\index.js:342:13)\n    at C:\\POS System\\restaurant-pos-backend\\node_modules\\router\\index.js:297:9\n    at processParams (C:\\POS System\\restaurant-pos-backend\\node_modules\\router\\index.js:582:12)\n    at next (C:\\POS System\\restaurant-pos-backend\\node_modules\\router\\index.js:291:5)\n    at internalNext (C:\\POS System\\restaurant-pos-backend\\node_modules\\helmet\\index.cjs:531:6)\n    at xXssProtectionMiddleware (C:\\POS System\\restaurant-pos-backend\\node_modules\\helmet\\index.cjs:311:3)\n    at internalNext (C:\\POS System\\restaurant-pos-backend\\node_modules\\helmet\\index.cjs:529:6)\n    at xPoweredByMiddleware (C:\\POS System\\restaurant-pos-backend\\node_modules\\helmet\\index.cjs:304:3)\n    at internalNext (C:\\POS System\\restaurant-pos-backend\\node_modules\\helmet\\index.cjs:529:6)\n    at xPermittedCrossDomainPoliciesMiddleware (C:\\POS System\\restaurant-pos-backend\\node_modules\\helmet\\index.cjs:297:3)\n    at internalNext (C:\\POS System\\restaurant-pos-backend\\node_modules\\helmet\\index.cjs:529:6)","timestamp":"2026-08-11 15:08:38","userId":null}
{"level":"error","message":"CORS not allowed","method":"OPTIONS","path":"/api/auth/login","role":null,"stack":"Error: CORS not allowed\n    at origin (C:\\POS System\\restaurant-pos-backend\\src\\app.js:77:29)\n    at C:\\POS System\\restaurant-pos-backend\\node_modules\\cors\\lib\\index.js:219:13\n    at optionsCallback (C:\\POS System\\restaurant-pos-backend\\node_modules\\cors\\lib\\index.js:199:9)\n    at corsMiddleware (C:\\POS System\\restaurant-pos-backend\\node_modules\\cors\\lib\\index.js:204:7)\n    at Layer.handleRequest (C:\\POS System\\restaurant-pos-backend\\node_modules\\router\\lib\\layer.js:152:17)\n    at trimPrefix (C:\\POS System\\restaurant-pos-backend\\node_modules\\router\\index.js:342:13)\n    at C:\\POS System\\restaurant-pos-backend\\node_modules\\router\\index.js:297:9\n    at processParams (C:\\POS System\\restaurant-pos-backend\\node_modules\\router\\index.js:582:12)\n    at next (C:\\POS System\\restaurant-pos-backend\\node_modules\\router\\index.js:291:5)\n    at internalNext (C:\\POS System\\restaurant-pos-backend\\node_modules\\helmet\\index.cjs:531:6)\n    at xXssProtectionMiddleware (C:\\POS System\\restaurant-pos-backend\\node_modules\\helmet\\index.cjs:311:3)\n    at internalNext (C:\\POS System\\restaurant-pos-backend\\node_modules\\helmet\\index.cjs:529:6)\n    at xPoweredByMiddleware (C:\\POS System\\restaurant-pos-backend\\node_modules\\helmet\\index.cjs:304:3)\n    at internalNext (C:\\POS System\\restaurant-pos-backend\\node_modules\\helmet\\index.cjs:529:6)\n    at xPermittedCrossDomainPoliciesMiddleware (C:\\POS System\\restaurant-pos-backend\\node_modules\\helmet\\index.cjs:297:3)\n    at internalNext (C:\\POS System\\restaurant-pos-backend\\node_modules\\helmet\\index.cjs:529:6)","timestamp":"2026-08-11 15:11:18","userId":null}
{"level":"error","message":"CORS not allowed","method":"OPTIONS","path":"/api/auth/login","role":null,"stack":"Error: CORS not allowed\n    at origin (C:\\POS System\\restaurant-pos-backend\\src\\app.js:77:29)\n    at C:\\POS System\\restaurant-pos-backend\\node_modules\\cors\\lib\\index.js:219:13\n    at optionsCallback (C:\\POS System\\restaurant-pos-backend\\node_modules\\cors\\lib\\index.js:199:9)\n    at corsMiddleware (C:\\POS System\\restaurant-pos-backend\\node_modules\\cors\\lib\\index.js:204:7)\n    at Layer.handleRequest (C:\\POS System\\restaurant-pos-backend\\node_modules\\router\\lib\\layer.js:152:17)\n    at trimPrefix (C:\\POS System\\restaurant-pos-backend\\node_modules\\router\\index.js:342:13)\n    at C:\\POS System\\restaurant-pos-backend\\node_modules\\router\\index.js:297:9\n    at processParams (C:\\POS System\\restaurant-pos-backend\\node_modules\\router\\index.js:582:12)\n    at next (C:\\POS System\\restaurant-pos-backend\\node_modules\\router\\index.js:291:5)\n    at internalNext (C:\\POS System\\restaurant-pos-backend\\node_modules\\helmet\\index.cjs:531:6)\n    at xXssProtectionMiddleware (C:\\POS System\\restaurant-pos-backend\\node_modules\\helmet\\index.cjs:311:3)\n    at internalNext (C:\\POS System\\restaurant-pos-backend\\node_modules\\helmet\\index.cjs:529:6)\n    at xPoweredByMiddleware (C:\\POS System\\restaurant-pos-backend\\node_modules\\helmet\\index.cjs:304:3)\n    at internalNext (C:\\POS System\\restaurant-pos-backend\\node_modules\\helmet\\index.cjs:529:6)\n    at xPermittedCrossDomainPoliciesMiddleware (C:\\POS System\\restaurant-pos-backend\\node_modules\\helmet\\index.cjs:297:3)\n    at internalNext (C:\\POS System\\restaurant-pos-backend\\node_modules\\helmet\\index.cjs:529:6)","timestamp":"2026-08-11 15:25:32","userId":null}
{"level":"info","message":"Server running on http://localhost:5001","timestamp":"2026-08-11 15:30:58"}
{"endpoint":"full","level":"info","message":"Dashboard Request","queryRestaurantId":null,"restaurantId":2,"role":"ADMIN","timestamp":"2026-08-11 15:31:39","userId":47}
{"endpoint":"full","level":"info","message":"Dashboard Request","queryRestaurantId":null,"restaurantId":1,"role":"MANAGER","timestamp":"2026-08-11 15:32:18","userId":32}
{"endpoint":"full","level":"info","message":"Dashboard Request","queryRestaurantId":null,"restaurantId":1,"role":"ADMIN","timestamp":"2026-08-11 15:33:48","userId":31}
{"endpoint":"full","level":"info","message":"Dashboard Request","queryRestaurantId":null,"restaurantId":1,"role":"ADMIN","timestamp":"2026-08-11 15:49:07","userId":31}
{"endpoint":"full","level":"info","message":"Dashboard Request","queryRestaurantId":null,"restaurantId":1,"role":"ADMIN","timestamp":"2026-08-11 15:50:57","userId":31}
{"level":"info","message":"Server running on http://localhost:5001","timestamp":"2026-08-13 11:39:45"}
{"endpoint":"full","level":"info","message":"Dashboard Request","queryRestaurantId":null,"restaurantId":1,"role":"ADMIN","timestamp":"2026-08-13 11:40:04","userId":31}
{"endpoint":"full","level":"info","message":"Dashboard Request","queryRestaurantId":null,"restaurantId":1,"role":"ADMIN","timestamp":"2026-08-13 11:40:34","userId":31}
{"endpoint":"full","level":"info","message":"Dashboard Request","queryRestaurantId":null,"restaurantId":1,"role":"ADMIN","timestamp":"2026-08-13 11:41:04","userId":31}
{"endpoint":"full","level":"info","message":"Dashboard Request","queryRestaurantId":null,"restaurantId":9,"role":"ADMIN","timestamp":"2026-08-13 11:43:06","userId":52}
{"endpoint":"full","level":"info","message":"Dashboard Request","queryRestaurantId":null,"restaurantId":9,"role":"ADMIN","timestamp":"2026-08-13 12:33:36","userId":52}
{"endpoint":"full","level":"info","message":"Dashboard Request","queryRestaurantId":null,"restaurantId":9,"role":"ADMIN","timestamp":"2026-08-13 12:34:22","userId":52}
{"level":"info","message":"Server running on http://localhost:5001","timestamp":"2026-08-13 12:58:45"}
{"level":"info","message":"Server running on http://localhost:5001","timestamp":"2026-08-13 13:00:16"}
{"level":"warn","message":"Access denied","method":"DELETE","path":"/api/menu/726","requiredRoles":["ADMIN"],"role":"MANAGER","timestamp":"2026-08-13 13:00:34","userId":33}
{"level":"info","message":"Server running on http://localhost:5001","timestamp":"2026-08-13 13:01:29"}
{"endpoint":"full","level":"info","message":"Dashboard Request","queryRestaurantId":null,"restaurantId":9,"role":"ADMIN","timestamp":"2026-08-13 15:20:11","userId":52}
{"level":"info","message":"Server running on http://localhost:5001","timestamp":"2026-08-14 10:54:18"}
{"endpoint":"full","level":"info","message":"Dashboard Request","queryRestaurantId":null,"restaurantId":1,"role":"ADMIN","timestamp":"2026-08-14 10:54:19","userId":31}
{"endpoint":"full","level":"info","message":"Dashboard Request","queryRestaurantId":null,"restaurantId":1,"role":"ADMIN","timestamp":"2026-08-14 10:54:50","userId":31}
{"endpoint":"full","level":"info","message":"Dashboard Request","queryRestaurantId":null,"restaurantId":1,"role":"ADMIN","timestamp":"2026-08-14 10:55:20","userId":31}
{"endpoint":"full","level":"info","message":"Dashboard Request","queryRestaurantId":null,"restaurantId":1,"role":"ADMIN","timestamp":"2026-08-14 10:55:51","userId":31}
{"endpoint":"full","level":"info","message":"Dashboard Request","queryRestaurantId":null,"restaurantId":1,"role":"ADMIN","timestamp":"2026-08-14 10:56:22","userId":31}
{"endpoint":"full","level":"info","message":"Dashboard Request","queryRestaurantId":null,"restaurantId":1,"role":"ADMIN","timestamp":"2026-08-14 10:56:52","userId":31}
{"endpoint":"full","level":"info","message":"Dashboard Request","queryRestaurantId":null,"restaurantId":1,"role":"ADMIN","timestamp":"2026-08-14 10:57:23","userId":31}
{"endpoint":"full","level":"info","message":"Dashboard Request","queryRestaurantId":null,"restaurantId":1,"role":"ADMIN","timestamp":"2026-08-14 10:57:53","userId":31}
{"endpoint":"full","level":"info","message":"Dashboard Request","queryRestaurantId":null,"restaurantId":1,"role":"ADMIN","timestamp":"2026-08-14 10:58:24","userId":31}
{"endpoint":"full","level":"info","message":"Dashboard Request","queryRestaurantId":null,"restaurantId":1,"role":"ADMIN","timestamp":"2026-08-14 10:58:54","userId":31}
{"endpoint":"full","level":"info","message":"Dashboard Request","queryRestaurantId":null,"restaurantId":1,"role":"ADMIN","timestamp":"2026-08-14 10:59:25","userId":31}
{"endpoint":"full","level":"info","message":"Dashboard Request","queryRestaurantId":null,"restaurantId":1,"role":"ADMIN","timestamp":"2026-08-14 10:59:55","userId":31}
{"endpoint":"full","level":"info","message":"Dashboard Request","queryRestaurantId":null,"restaurantId":1,"role":"ADMIN","timestamp":"2026-08-14 11:00:26","userId":31}
{"endpoint":"full","level":"info","message":"Dashboard Request","queryRestaurantId":null,"restaurantId":1,"role":"ADMIN","timestamp":"2026-08-14 11:00:56","userId":31}
{"endpoint":"full","level":"info","message":"Dashboard Request","queryRestaurantId":null,"restaurantId":1,"role":"ADMIN","timestamp":"2026-08-14 11:01:26","userId":31}
{"endpoint":"full","level":"info","message":"Dashboard Request","queryRestaurantId":null,"restaurantId":1,"role":"ADMIN","timestamp":"2026-08-14 11:01:57","userId":31}
{"endpoint":"full","level":"info","message":"Dashboard Request","queryRestaurantId":null,"restaurantId":1,"role":"ADMIN","timestamp":"2026-08-14 11:02:27","userId":31}
{"endpoint":"full","level":"info","message":"Dashboard Request","queryRestaurantId":null,"restaurantId":1,"role":"ADMIN","timestamp":"2026-08-14 11:02:57","userId":31}
{"endpoint":"full","level":"info","message":"Dashboard Request","queryRestaurantId":null,"restaurantId":1,"role":"ADMIN","timestamp":"2026-08-14 11:03:28","userId":31}
{"endpoint":"full","level":"info","message":"Dashboard Request","queryRestaurantId":null,"restaurantId":1,"role":"ADMIN","timestamp":"2026-08-14 11:03:58","userId":31}
{"endpoint":"full","level":"info","message":"Dashboard Request","queryRestaurantId":null,"restaurantId":1,"role":"ADMIN","timestamp":"2026-08-14 11:04:28","userId":31}
{"endpoint":"full","level":"info","message":"Dashboard Request","queryRestaurantId":null,"restaurantId":1,"role":"ADMIN","timestamp":"2026-08-14 11:04:59","userId":31}
{"endpoint":"full","level":"info","message":"Dashboard Request","queryRestaurantId":null,"restaurantId":1,"role":"ADMIN","timestamp":"2026-08-14 11:05:29","userId":31}
{"endpoint":"full","level":"info","message":"Dashboard Request","queryRestaurantId":null,"restaurantId":1,"role":"ADMIN","timestamp":"2026-08-14 11:06:00","userId":31}
{"endpoint":"full","level":"info","message":"Dashboard Request","queryRestaurantId":null,"restaurantId":1,"role":"ADMIN","timestamp":"2026-08-14 11:06:30","userId":31}
{"endpoint":"full","level":"info","message":"Dashboard Request","queryRestaurantId":null,"restaurantId":1,"role":"ADMIN","timestamp":"2026-08-14 11:07:00","userId":31}
{"endpoint":"full","level":"info","message":"Dashboard Request","queryRestaurantId":null,"restaurantId":1,"role":"ADMIN","timestamp":"2026-08-14 11:07:31","userId":31}
{"endpoint":"full","level":"info","message":"Dashboard Request","queryRestaurantId":null,"restaurantId":1,"role":"ADMIN","timestamp":"2026-08-14 11:08:01","userId":31}
{"endpoint":"full","level":"info","message":"Dashboard Request","queryRestaurantId":null,"restaurantId":1,"role":"ADMIN","timestamp":"2026-08-14 11:08:31","userId":31}
{"endpoint":"full","level":"info","message":"Dashboard Request","queryRestaurantId":null,"restaurantId":1,"role":"ADMIN","timestamp":"2026-08-14 11:09:02","userId":31}
{"endpoint":"full","level":"info","message":"Dashboard Request","queryRestaurantId":null,"restaurantId":1,"role":"ADMIN","timestamp":"2026-08-14 11:09:33","userId":31}
{"endpoint":"full","level":"info","message":"Dashboard Request","queryRestaurantId":null,"restaurantId":1,"role":"ADMIN","timestamp":"2026-08-14 11:10:03","userId":31}
{"endpoint":"full","level":"info","message":"Dashboard Request","queryRestaurantId":null,"restaurantId":1,"role":"ADMIN","timestamp":"2026-08-14 11:10:33","userId":31}
{"endpoint":"full","level":"info","message":"Dashboard Request","queryRestaurantId":null,"restaurantId":1,"role":"ADMIN","timestamp":"2026-08-14 11:11:03","userId":31}
{"endpoint":"full","level":"info","message":"Dashboard Request","queryRestaurantId":null,"restaurantId":1,"role":"ADMIN","timestamp":"2026-08-14 11:11:33","userId":31}
{"endpoint":"full","level":"info","message":"Dashboard Request","queryRestaurantId":null,"restaurantId":1,"role":"ADMIN","timestamp":"2026-08-14 11:12:04","userId":31}
{"endpoint":"full","level":"info","message":"Dashboard Request","queryRestaurantId":null,"restaurantId":1,"role":"ADMIN","timestamp":"2026-08-14 11:12:34","userId":31}
{"endpoint":"full","level":"info","message":"Dashboard Request","queryRestaurantId":null,"restaurantId":1,"role":"ADMIN","timestamp":"2026-08-14 11:13:05","userId":31}
{"endpoint":"full","level":"info","message":"Dashboard Request","queryRestaurantId":null,"restaurantId":1,"role":"ADMIN","timestamp":"2026-08-14 11:13:35","userId":31}
{"endpoint":"full","level":"info","message":"Dashboard Request","queryRestaurantId":null,"restaurantId":1,"role":"ADMIN","timestamp":"2026-08-14 11:14:05","userId":31}
{"endpoint":"full","level":"info","message":"Dashboard Request","queryRestaurantId":null,"restaurantId":1,"role":"ADMIN","timestamp":"2026-08-14 11:14:36","userId":31}
{"endpoint":"full","level":"info","message":"Dashboard Request","queryRestaurantId":null,"restaurantId":1,"role":"ADMIN","timestamp":"2026-08-14 11:15:06","userId":31}
{"endpoint":"full","level":"info","message":"Dashboard Request","queryRestaurantId":null,"restaurantId":1,"role":"ADMIN","timestamp":"2026-08-14 11:15:37","userId":31}
{"endpoint":"full","level":"info","message":"Dashboard Request","queryRestaurantId":null,"restaurantId":1,"role":"ADMIN","timestamp":"2026-08-14 11:16:07","userId":31}
{"endpoint":"full","level":"info","message":"Dashboard Request","queryRestaurantId":null,"restaurantId":1,"role":"ADMIN","timestamp":"2026-08-14 11:16:37","userId":31}
{"endpoint":"full","level":"info","message":"Dashboard Request","queryRestaurantId":null,"restaurantId":1,"role":"ADMIN","timestamp":"2026-08-14 11:17:08","userId":31}
{"endpoint":"full","level":"info","message":"Dashboard Request","queryRestaurantId":null,"restaurantId":1,"role":"ADMIN","timestamp":"2026-08-14 11:17:38","userId":31}
{"endpoint":"full","level":"info","message":"Dashboard Request","queryRestaurantId":null,"restaurantId":1,"role":"ADMIN","timestamp":"2026-08-14 11:18:08","userId":31}
{"endpoint":"full","level":"info","message":"Dashboard Request","queryRestaurantId":null,"restaurantId":1,"role":"ADMIN","timestamp":"2026-08-14 11:18:38","userId":31}
{"endpoint":"full","level":"info","message":"Dashboard Request","queryRestaurantId":null,"restaurantId":1,"role":"ADMIN","timestamp":"2026-08-14 11:19:09","userId":31}
{"endpoint":"full","level":"info","message":"Dashboard Request","queryRestaurantId":null,"restaurantId":1,"role":"ADMIN","timestamp":"2026-08-14 11:19:39","userId":31}
{"endpoint":"full","level":"info","message":"Dashboard Request","queryRestaurantId":null,"restaurantId":1,"role":"ADMIN","timestamp":"2026-08-14 11:20:09","userId":31}
{"endpoint":"full","level":"info","message":"Dashboard Request","queryRestaurantId":null,"restaurantId":1,"role":"ADMIN","timestamp":"2026-08-14 11:20:40","userId":31}
{"endpoint":"full","level":"info","message":"Dashboard Request","queryRestaurantId":null,"restaurantId":1,"role":"ADMIN","timestamp":"2026-08-14 11:21:10","userId":31}
{"endpoint":"full","level":"info","message":"Dashboard Request","queryRestaurantId":null,"restaurantId":1,"role":"ADMIN","timestamp":"2026-08-14 11:21:40","userId":31}
{"endpoint":"full","level":"info","message":"Dashboard Request","queryRestaurantId":null,"restaurantId":1,"role":"ADMIN","timestamp":"2026-08-14 11:22:11","userId":31}
{"endpoint":"full","level":"info","message":"Dashboard Request","queryRestaurantId":null,"restaurantId":1,"role":"ADMIN","timestamp":"2026-08-14 11:22:41","userId":31}
{"endpoint":"full","level":"info","message":"Dashboard Request","queryRestaurantId":null,"restaurantId":1,"role":"ADMIN","timestamp":"2026-08-14 11:23:11","userId":31}
{"endpoint":"full","level":"info","message":"Dashboard Request","queryRestaurantId":null,"restaurantId":1,"role":"ADMIN","timestamp":"2026-08-14 11:23:41","userId":31}
{"endpoint":"full","level":"info","message":"Dashboard Request","queryRestaurantId":null,"restaurantId":1,"role":"ADMIN","timestamp":"2026-08-14 11:24:12","userId":31}
{"endpoint":"full","level":"info","message":"Dashboard Request","queryRestaurantId":null,"restaurantId":1,"role":"ADMIN","timestamp":"2026-08-14 11:24:42","userId":31}
{"endpoint":"full","level":"info","message":"Dashboard Request","queryRestaurantId":null,"restaurantId":1,"role":"ADMIN","timestamp":"2026-08-14 11:25:12","userId":31}
{"endpoint":"full","level":"info","message":"Dashboard Request","queryRestaurantId":null,"restaurantId":1,"role":"ADMIN","timestamp":"2026-08-14 11:25:43","userId":31}
{"endpoint":"full","level":"info","message":"Dashboard Request","queryRestaurantId":null,"restaurantId":1,"role":"ADMIN","timestamp":"2026-08-14 11:26:13","userId":31}
{"endpoint":"full","level":"info","message":"Dashboard Request","queryRestaurantId":null,"restaurantId":1,"role":"ADMIN","timestamp":"2026-08-14 11:26:43","userId":31}
{"endpoint":"full","level":"info","message":"Dashboard Request","queryRestaurantId":null,"restaurantId":1,"role":"ADMIN","timestamp":"2026-08-14 11:27:14","userId":31}
{"endpoint":"full","level":"info","message":"Dashboard Request","queryRestaurantId":null,"restaurantId":1,"role":"ADMIN","timestamp":"2026-08-14 11:27:44","userId":31}
{"endpoint":"full","level":"info","message":"Dashboard Request","queryRestaurantId":null,"restaurantId":1,"role":"ADMIN","timestamp":"2026-08-14 11:28:14","userId":31}
{"endpoint":"full","level":"info","message":"Dashboard Request","queryRestaurantId":null,"restaurantId":1,"role":"ADMIN","timestamp":"2026-08-14 11:28:45","userId":31}
{"endpoint":"full","level":"info","message":"Dashboard Request","queryRestaurantId":null,"restaurantId":1,"role":"ADMIN","timestamp":"2026-08-14 11:29:15","userId":31}
{"endpoint":"full","level":"info","message":"Dashboard Request","queryRestaurantId":null,"restaurantId":1,"role":"ADMIN","timestamp":"2026-08-14 11:29:45","userId":31}
{"endpoint":"full","level":"info","message":"Dashboard Request","queryRestaurantId":null,"restaurantId":1,"role":"ADMIN","timestamp":"2026-08-14 11:30:15","userId":31}
{"endpoint":"full","level":"info","message":"Dashboard Request","queryRestaurantId":null,"restaurantId":1,"role":"ADMIN","timestamp":"2026-08-14 11:30:46","userId":31}
{"endpoint":"full","level":"info","message":"Dashboard Request","queryRestaurantId":null,"restaurantId":1,"role":"ADMIN","timestamp":"2026-08-14 11:31:16","userId":31}
{"endpoint":"full","level":"info","message":"Dashboard Request","queryRestaurantId":null,"restaurantId":1,"role":"ADMIN","timestamp":"2026-08-14 11:31:47","userId":31}
{"endpoint":"full","level":"info","message":"Dashboard Request","queryRestaurantId":null,"restaurantId":1,"role":"ADMIN","timestamp":"2026-08-14 11:32:17","userId":31}
{"endpoint":"full","level":"info","message":"Dashboard Request","queryRestaurantId":null,"restaurantId":1,"role":"ADMIN","timestamp":"2026-08-14 11:32:47","userId":31}
{"endpoint":"full","level":"info","message":"Dashboard Request","queryRestaurantId":null,"restaurantId":1,"role":"ADMIN","timestamp":"2026-08-14 11:33:18","userId":31}
{"endpoint":"full","level":"info","message":"Dashboard Request","queryRestaurantId":null,"restaurantId":1,"role":"ADMIN","timestamp":"2026-08-14 11:33:48","userId":31}
{"endpoint":"full","level":"info","message":"Dashboard Request","queryRestaurantId":null,"restaurantId":1,"role":"ADMIN","timestamp":"2026-08-14 11:34:18","userId":31}
{"endpoint":"full","level":"info","message":"Dashboard Request","queryRestaurantId":null,"restaurantId":1,"role":"ADMIN","timestamp":"2026-08-14 11:34:48","userId":31}
{"endpoint":"full","level":"info","message":"Dashboard Request","queryRestaurantId":null,"restaurantId":1,"role":"ADMIN","timestamp":"2026-08-14 11:35:18","userId":31}
{"endpoint":"full","level":"info","message":"Dashboard Request","queryRestaurantId":null,"restaurantId":1,"role":"ADMIN","timestamp":"2026-08-14 11:35:49","userId":31}
{"endpoint":"full","level":"info","message":"Dashboard Request","queryRestaurantId":null,"restaurantId":1,"role":"ADMIN","timestamp":"2026-08-14 11:36:19","userId":31}
{"endpoint":"full","level":"info","message":"Dashboard Request","queryRestaurantId":null,"restaurantId":1,"role":"ADMIN","timestamp":"2026-08-14 11:36:49","userId":31}
{"endpoint":"full","level":"info","message":"Dashboard Request","queryRestaurantId":null,"restaurantId":1,"role":"ADMIN","timestamp":"2026-08-14 11:37:19","userId":31}
{"endpoint":"full","level":"info","message":"Dashboard Request","queryRestaurantId":null,"restaurantId":1,"role":"ADMIN","timestamp":"2026-08-14 11:37:49","userId":31}
{"endpoint":"full","level":"info","message":"Dashboard Request","queryRestaurantId":null,"restaurantId":1,"role":"ADMIN","timestamp":"2026-08-14 11:38:19","userId":31}
{"endpoint":"full","level":"info","message":"Dashboard Request","queryRestaurantId":null,"restaurantId":1,"role":"ADMIN","timestamp":"2026-08-14 11:38:50","userId":31}
{"endpoint":"full","level":"info","message":"Dashboard Request","queryRestaurantId":null,"restaurantId":1,"role":"ADMIN","timestamp":"2026-08-14 11:39:20","userId":31}
{"endpoint":"full","level":"info","message":"Dashboard Request","queryRestaurantId":null,"restaurantId":1,"role":"ADMIN","timestamp":"2026-08-14 11:39:50","userId":31}
{"endpoint":"full","level":"info","message":"Dashboard Request","queryRestaurantId":null,"restaurantId":1,"role":"ADMIN","timestamp":"2026-08-14 11:40:20","userId":31}
{"endpoint":"full","level":"info","message":"Dashboard Request","queryRestaurantId":null,"restaurantId":1,"role":"ADMIN","timestamp":"2026-08-14 11:40:51","userId":31}
{"endpoint":"full","level":"info","message":"Dashboard Request","queryRestaurantId":null,"restaurantId":1,"role":"ADMIN","timestamp":"2026-08-14 11:41:21","userId":31}
{"endpoint":"full","level":"info","message":"Dashboard Request","queryRestaurantId":null,"restaurantId":1,"role":"ADMIN","timestamp":"2026-08-14 11:41:35","userId":31}
{"endpoint":"full","level":"info","message":"Dashboard Request","queryRestaurantId":null,"restaurantId":1,"role":"ADMIN","timestamp":"2026-08-14 11:42:05","userId":31}
{"endpoint":"full","level":"info","message":"Dashboard Request","queryRestaurantId":null,"restaurantId":1,"role":"ADMIN","timestamp":"2026-08-14 11:42:35","userId":31}
{"endpoint":"full","level":"info","message":"Dashboard Request","queryRestaurantId":null,"restaurantId":1,"role":"ADMIN","timestamp":"2026-08-14 11:43:05","userId":31}
{"endpoint":"full","level":"info","message":"Dashboard Request","queryRestaurantId":null,"restaurantId":1,"role":"ADMIN","timestamp":"2026-08-14 11:43:36","userId":31}
{"endpoint":"full","level":"info","message":"Dashboard Request","queryRestaurantId":null,"restaurantId":1,"role":"ADMIN","timestamp":"2026-08-14 11:44:06","userId":31}
{"endpoint":"full","level":"info","message":"Dashboard Request","queryRestaurantId":null,"restaurantId":1,"role":"ADMIN","timestamp":"2026-08-14 11:44:36","userId":31}
{"endpoint":"full","level":"info","message":"Dashboard Request","queryRestaurantId":null,"restaurantId":1,"role":"ADMIN","timestamp":"2026-08-14 11:45:07","userId":31}
{"endpoint":"full","level":"info","message":"Dashboard Request","queryRestaurantId":null,"restaurantId":1,"role":"ADMIN","timestamp":"2026-08-14 11:45:37","userId":31}
{"endpoint":"full","level":"info","message":"Dashboard Request","queryRestaurantId":null,"restaurantId":1,"role":"ADMIN","timestamp":"2026-08-14 11:46:08","userId":31}
{"endpoint":"full","level":"info","message":"Dashboard Request","queryRestaurantId":null,"restaurantId":1,"role":"ADMIN","timestamp":"2026-08-14 11:46:38","userId":31}
{"endpoint":"full","level":"info","message":"Dashboard Request","queryRestaurantId":null,"restaurantId":1,"role":"ADMIN","timestamp":"2026-08-14 11:47:01","userId":31}
{"endpoint":"full","level":"info","message":"Dashboard Request","queryRestaurantId":null,"restaurantId":1,"role":"ADMIN","timestamp":"2026-08-14 11:47:03","userId":31}
{"endpoint":"full","level":"info","message":"Dashboard Request","queryRestaurantId":null,"restaurantId":1,"role":"ADMIN","timestamp":"2026-08-14 11:47:09","userId":31}
{"endpoint":"full","level":"info","message":"Dashboard Request","queryRestaurantId":null,"restaurantId":1,"role":"ADMIN","timestamp":"2026-08-14 11:47:39","userId":31}
{"endpoint":"full","level":"info","message":"Dashboard Request","queryRestaurantId":null,"restaurantId":1,"role":"ADMIN","timestamp":"2026-08-14 11:47:46","userId":31}
{"endpoint":"full","level":"info","message":"Dashboard Request","queryRestaurantId":null,"restaurantId":1,"role":"ADMIN","timestamp":"2026-08-14 11:47:56","userId":31}
{"endpoint":"full","level":"info","message":"Dashboard Request","queryRestaurantId":null,"restaurantId":1,"role":"ADMIN","timestamp":"2026-08-14 11:48:23","userId":31}
{"endpoint":"full","level":"info","message":"Dashboard Request","queryRestaurantId":null,"restaurantId":1,"role":"ADMIN","timestamp":"2026-08-14 11:49:01","userId":31}
{"endpoint":"full","level":"info","message":"Dashboard Request","queryRestaurantId":null,"restaurantId":1,"role":"ADMIN","timestamp":"2026-08-14 11:49:39","userId":31}
{"endpoint":"full","level":"info","message":"Dashboard Request","queryRestaurantId":null,"restaurantId":1,"role":"ADMIN","timestamp":"2026-08-14 11:50:09","userId":31}
{"endpoint":"full","level":"info","message":"Dashboard Request","queryRestaurantId":null,"restaurantId":1,"role":"ADMIN","timestamp":"2026-08-14 11:50:23","userId":31}
{"endpoint":"full","level":"info","message":"Dashboard Request","queryRestaurantId":null,"restaurantId":1,"role":"ADMIN","timestamp":"2026-08-14 11:50:39","userId":31}
{"endpoint":"full","level":"info","message":"Dashboard Request","queryRestaurantId":null,"restaurantId":1,"role":"ADMIN","timestamp":"2026-08-14 11:51:09","userId":31}
{"endpoint":"full","level":"info","message":"Dashboard Request","queryRestaurantId":null,"restaurantId":1,"role":"ADMIN","timestamp":"2026-08-14 11:51:20","userId":31}
{"endpoint":"full","level":"info","message":"Dashboard Request","queryRestaurantId":null,"restaurantId":1,"role":"ADMIN","timestamp":"2026-08-14 11:51:39","userId":31}
{"endpoint":"full","level":"info","message":"Dashboard Request","queryRestaurantId":null,"restaurantId":1,"role":"ADMIN","timestamp":"2026-08-14 11:52:06","userId":31}
{"endpoint":"full","level":"info","message":"Dashboard Request","queryRestaurantId":null,"restaurantId":1,"role":"ADMIN","timestamp":"2026-08-14 11:52:09","userId":31}
{"endpoint":"full","level":"info","message":"Dashboard Request","queryRestaurantId":null,"restaurantId":1,"role":"ADMIN","timestamp":"2026-08-14 11:52:29","userId":31}
{"endpoint":"full","level":"info","message":"Dashboard Request","queryRestaurantId":null,"restaurantId":1,"role":"ADMIN","timestamp":"2026-08-14 11:52:39","userId":31}
{"endpoint":"full","level":"info","message":"Dashboard Request","queryRestaurantId":null,"restaurantId":1,"role":"ADMIN","timestamp":"2026-08-14 11:52:48","userId":31}
{"endpoint":"full","level":"info","message":"Dashboard Request","queryRestaurantId":null,"restaurantId":1,"role":"ADMIN","timestamp":"2026-08-14 11:53:09","userId":31}
{"endpoint":"full","level":"info","message":"Dashboard Request","queryRestaurantId":null,"restaurantId":1,"role":"ADMIN","timestamp":"2026-08-14 11:56:58","userId":31}
{"endpoint":"full","level":"info","message":"Dashboard Request","queryRestaurantId":null,"restaurantId":1,"role":"ADMIN","timestamp":"2026-08-14 12:00:10","userId":31}
{"endpoint":"full","level":"info","message":"Dashboard Request","queryRestaurantId":null,"restaurantId":1,"role":"ADMIN","timestamp":"2026-08-14 12:00:40","userId":31}
{"endpoint":"full","level":"info","message":"Dashboard Request","queryRestaurantId":null,"restaurantId":1,"role":"ADMIN","timestamp":"2026-08-14 12:01:10","userId":31}
{"endpoint":"full","level":"info","message":"Dashboard Request","queryRestaurantId":null,"restaurantId":1,"role":"ADMIN","timestamp":"2026-08-14 12:01:40","userId":31}
{"endpoint":"full","level":"info","message":"Dashboard Request","queryRestaurantId":null,"restaurantId":1,"role":"ADMIN","timestamp":"2026-08-14 12:02:10","userId":31}
{"endpoint":"full","level":"info","message":"Dashboard Request","queryRestaurantId":null,"restaurantId":1,"role":"ADMIN","timestamp":"2026-08-14 12:02:40","userId":31}
{"endpoint":"full","level":"info","message":"Dashboard Request","queryRestaurantId":null,"restaurantId":1,"role":"ADMIN","timestamp":"2026-08-14 12:03:10","userId":31}
{"endpoint":"full","level":"info","message":"Dashboard Request","queryRestaurantId":null,"restaurantId":1,"role":"ADMIN","timestamp":"2026-08-14 12:03:41","userId":31}
{"endpoint":"full","level":"info","message":"Dashboard Request","queryRestaurantId":null,"restaurantId":1,"role":"ADMIN","timestamp":"2026-08-14 12:04:11","userId":31}
{"endpoint":"full","level":"info","message":"Dashboard Request","queryRestaurantId":null,"restaurantId":1,"role":"ADMIN","timestamp":"2026-08-14 12:04:41","userId":31}
{"endpoint":"full","level":"info","message":"Dashboard Request","queryRestaurantId":null,"restaurantId":1,"role":"ADMIN","timestamp":"2026-08-14 12:05:04","userId":31}
{"endpoint":"full","level":"info","message":"Dashboard Request","queryRestaurantId":null,"restaurantId":1,"role":"ADMIN","timestamp":"2026-08-14 12:05:12","userId":31}
{"endpoint":"full","level":"info","message":"Dashboard Request","queryRestaurantId":null,"restaurantId":1,"role":"ADMIN","timestamp":"2026-08-14 12:05:27","userId":31}
{"endpoint":"full","level":"info","message":"Dashboard Request","queryRestaurantId":null,"restaurantId":1,"role":"ADMIN","timestamp":"2026-08-14 12:05:42","userId":31}
{"endpoint":"full","level":"info","message":"Dashboard Request","queryRestaurantId":null,"restaurantId":1,"role":"ADMIN","timestamp":"2026-08-14 12:05:54","userId":31}
{"endpoint":"full","level":"info","message":"Dashboard Request","queryRestaurantId":null,"restaurantId":1,"role":"ADMIN","timestamp":"2026-08-14 12:06:11","userId":31}
{"endpoint":"full","level":"info","message":"Dashboard Request","queryRestaurantId":null,"restaurantId":1,"role":"ADMIN","timestamp":"2026-08-14 12:06:13","userId":31}
{"endpoint":"full","level":"info","message":"Dashboard Request","queryRestaurantId":null,"restaurantId":1,"role":"ADMIN","timestamp":"2026-08-14 12:06:41","userId":31}
{"endpoint":"full","level":"info","message":"Dashboard Request","queryRestaurantId":null,"restaurantId":1,"role":"ADMIN","timestamp":"2026-08-14 12:06:43","userId":31}
{"endpoint":"full","level":"info","message":"Dashboard Request","queryRestaurantId":null,"restaurantId":1,"role":"ADMIN","timestamp":"2026-08-14 12:06:45","userId":31}
{"endpoint":"full","level":"info","message":"Dashboard Request","queryRestaurantId":null,"restaurantId":1,"role":"ADMIN","timestamp":"2026-08-14 12:07:14","userId":31}
{"endpoint":"full","level":"info","message":"Dashboard Request","queryRestaurantId":null,"restaurantId":1,"role":"ADMIN","timestamp":"2026-08-14 12:07:16","userId":31}
{"endpoint":"full","level":"info","message":"Dashboard Request","queryRestaurantId":null,"restaurantId":1,"role":"ADMIN","timestamp":"2026-08-14 12:07:40","userId":31}
{"endpoint":"full","level":"info","message":"Dashboard Request","queryRestaurantId":null,"restaurantId":1,"role":"ADMIN","timestamp":"2026-08-14 12:07:45","userId":31}
{"endpoint":"full","level":"info","message":"Dashboard Request","queryRestaurantId":null,"restaurantId":1,"role":"ADMIN","timestamp":"2026-08-14 12:08:15","userId":31}
{"endpoint":"full","level":"info","message":"Dashboard Request","queryRestaurantId":null,"restaurantId":1,"role":"ADMIN","timestamp":"2026-08-14 12:08:38","userId":31}
{"endpoint":"full","level":"info","message":"Dashboard Request","queryRestaurantId":null,"restaurantId":1,"role":"ADMIN","timestamp":"2026-08-14 12:08:46","userId":31}
{"endpoint":"full","level":"info","message":"Dashboard Request","queryRestaurantId":null,"restaurantId":1,"role":"ADMIN","timestamp":"2026-08-14 12:09:16","userId":31}
{"endpoint":"full","level":"info","message":"Dashboard Request","queryRestaurantId":null,"restaurantId":1,"role":"ADMIN","timestamp":"2026-08-14 12:09:46","userId":31}
{"endpoint":"full","level":"info","message":"Dashboard Request","queryRestaurantId":null,"restaurantId":1,"role":"ADMIN","timestamp":"2026-08-14 12:10:17","userId":31}
{"endpoint":"full","level":"info","message":"Dashboard Request","queryRestaurantId":null,"restaurantId":1,"role":"ADMIN","timestamp":"2026-08-14 12:10:47","userId":31}
{"endpoint":"full","level":"info","message":"Dashboard Request","queryRestaurantId":null,"restaurantId":1,"role":"ADMIN","timestamp":"2026-08-14 12:11:09","userId":31}
{"endpoint":"full","level":"info","message":"Dashboard Request","queryRestaurantId":null,"restaurantId":1,"role":"ADMIN","timestamp":"2026-08-14 12:15:17","userId":31}
{"endpoint":"full","level":"info","message":"Dashboard Request","queryRestaurantId":null,"restaurantId":1,"role":"ADMIN","timestamp":"2026-08-14 12:16:08","userId":31}
{"endpoint":"full","level":"info","message":"Dashboard Request","queryRestaurantId":null,"restaurantId":1,"role":"ADMIN","timestamp":"2026-08-14 12:16:38","userId":31}
{"endpoint":"full","level":"info","message":"Dashboard Request","queryRestaurantId":null,"restaurantId":1,"role":"ADMIN","timestamp":"2026-08-14 12:17:08","userId":31}
{"endpoint":"full","level":"info","message":"Dashboard Request","queryRestaurantId":null,"restaurantId":1,"role":"ADMIN","timestamp":"2026-08-14 12:17:38","userId":31}
{"endpoint":"full","level":"info","message":"Dashboard Request","queryRestaurantId":null,"restaurantId":1,"role":"ADMIN","timestamp":"2026-08-14 12:18:08","userId":31}
{"endpoint":"full","level":"info","message":"Dashboard Request","queryRestaurantId":null,"restaurantId":1,"role":"ADMIN","timestamp":"2026-08-14 12:18:38","userId":31}
{"endpoint":"full","level":"info","message":"Dashboard Request","queryRestaurantId":null,"restaurantId":1,"role":"ADMIN","timestamp":"2026-08-14 12:19:08","userId":31}
{"level":"error","message":"CORS not allowed","method":"OPTIONS","path":"/api/auth/login","role":null,"stack":"Error: CORS not allowed\n    at origin (C:\\POS System\\restaurant-pos-backend\\src\\app.js:78:29)\n    at C:\\POS System\\restaurant-pos-backend\\node_modules\\cors\\lib\\index.js:219:13\n    at optionsCallback (C:\\POS System\\restaurant-pos-backend\\node_modules\\cors\\lib\\index.js:199:9)\n    at corsMiddleware (C:\\POS System\\restaurant-pos-backend\\node_modules\\cors\\lib\\index.js:204:7)\n    at Layer.handleRequest (C:\\POS System\\restaurant-pos-backend\\node_modules\\router\\lib\\layer.js:152:17)\n    at trimPrefix (C:\\POS System\\restaurant-pos-backend\\node_modules\\router\\index.js:342:13)\n    at C:\\POS System\\restaurant-pos-backend\\node_modules\\router\\index.js:297:9\n    at processParams (C:\\POS System\\restaurant-pos-backend\\node_modules\\router\\index.js:582:12)\n    at next (C:\\POS System\\restaurant-pos-backend\\node_modules\\router\\index.js:291:5)\n    at internalNext (C:\\POS System\\restaurant-pos-backend\\node_modules\\helmet\\index.cjs:531:6)\n    at xXssProtectionMiddleware (C:\\POS System\\restaurant-pos-backend\\node_modules\\helmet\\index.cjs:311:3)\n    at internalNext (C:\\POS System\\restaurant-pos-backend\\node_modules\\helmet\\index.cjs:529:6)\n    at xPoweredByMiddleware (C:\\POS System\\restaurant-pos-backend\\node_modules\\helmet\\index.cjs:304:3)\n    at internalNext (C:\\POS System\\restaurant-pos-backend\\node_modules\\helmet\\index.cjs:529:6)\n    at xPermittedCrossDomainPoliciesMiddleware (C:\\POS System\\restaurant-pos-backend\\node_modules\\helmet\\index.cjs:297:3)\n    at internalNext (C:\\POS System\\restaurant-pos-backend\\node_modules\\helmet\\index.cjs:529:6)","timestamp":"2026-08-14 12:19:18","userId":null}
{"endpoint":"full","level":"info","message":"Dashboard Request","queryRestaurantId":null,"restaurantId":1,"role":"ADMIN","timestamp":"2026-08-14 12:19:39","userId":31}
{"endpoint":"full","level":"info","message":"Dashboard Request","queryRestaurantId":null,"restaurantId":1,"role":"ADMIN","timestamp":"2026-08-14 12:20:10","userId":31}
{"endpoint":"full","level":"info","message":"Dashboard Request","queryRestaurantId":null,"restaurantId":1,"role":"ADMIN","timestamp":"2026-08-14 12:20:41","userId":31}
{"endpoint":"full","level":"info","message":"Dashboard Request","queryRestaurantId":null,"restaurantId":1,"role":"ADMIN","timestamp":"2026-08-14 12:20:55","userId":31}
{"endpoint":"full","level":"info","message":"Dashboard Request","queryRestaurantId":null,"restaurantId":1,"role":"ADMIN","timestamp":"2026-08-14 12:21:11","userId":31}
{"endpoint":"full","level":"info","message":"Dashboard Request","queryRestaurantId":null,"restaurantId":1,"role":"ADMIN","timestamp":"2026-08-14 12:21:42","userId":31}
{"endpoint":"full","level":"info","message":"Dashboard Request","queryRestaurantId":null,"restaurantId":1,"role":"ADMIN","timestamp":"2026-08-14 12:21:56","userId":31}
{"endpoint":"full","level":"info","message":"Dashboard Request","queryRestaurantId":null,"restaurantId":1,"role":"ADMIN","timestamp":"2026-08-14 12:22:13","userId":31}
{"endpoint":"full","level":"info","message":"Dashboard Request","queryRestaurantId":null,"restaurantId":1,"role":"ADMIN","timestamp":"2026-08-14 12:22:25","userId":31}
{"endpoint":"full","level":"info","message":"Dashboard Request","queryRestaurantId":null,"restaurantId":1,"role":"ADMIN","timestamp":"2026-08-14 12:22:43","userId":31}
{"endpoint":"full","level":"info","message":"Dashboard Request","queryRestaurantId":null,"restaurantId":1,"role":"ADMIN","timestamp":"2026-08-14 12:23:13","userId":31}
{"endpoint":"full","level":"info","message":"Dashboard Request","queryRestaurantId":null,"restaurantId":1,"role":"ADMIN","timestamp":"2026-08-14 12:23:44","userId":31}
{"endpoint":"full","level":"info","message":"Dashboard Request","queryRestaurantId":null,"restaurantId":1,"role":"ADMIN","timestamp":"2026-08-14 12:24:14","userId":31}
{"endpoint":"full","level":"info","message":"Dashboard Request","queryRestaurantId":null,"restaurantId":1,"role":"ADMIN","timestamp":"2026-08-14 12:24:44","userId":31}
{"endpoint":"full","level":"info","message":"Dashboard Request","queryRestaurantId":null,"restaurantId":1,"role":"ADMIN","timestamp":"2026-08-14 12:25:15","userId":31}
{"endpoint":"full","level":"info","message":"Dashboard Request","queryRestaurantId":null,"restaurantId":1,"role":"ADMIN","timestamp":"2026-08-14 12:25:45","userId":31}
{"endpoint":"full","level":"info","message":"Dashboard Request","queryRestaurantId":null,"restaurantId":1,"role":"ADMIN","timestamp":"2026-08-14 12:26:15","userId":31}
{"endpoint":"full","level":"info","message":"Dashboard Request","queryRestaurantId":null,"restaurantId":1,"role":"ADMIN","timestamp":"2026-08-14 12:26:46","userId":31}
{"endpoint":"full","level":"info","message":"Dashboard Request","queryRestaurantId":null,"restaurantId":1,"role":"ADMIN","timestamp":"2026-08-14 12:27:16","userId":31}
{"endpoint":"full","level":"info","message":"Dashboard Request","queryRestaurantId":null,"restaurantId":1,"role":"ADMIN","timestamp":"2026-08-14 12:27:47","userId":31}
{"level":"info","message":"Server running on http://localhost:5001","timestamp":"2026-08-14 12:28:07"}
{"endpoint":"full","level":"info","message":"Dashboard Request","queryRestaurantId":null,"restaurantId":1,"role":"ADMIN","timestamp":"2026-08-14 12:28:17","userId":31}
{"endpoint":"full","level":"info","message":"Dashboard Request","queryRestaurantId":null,"restaurantId":1,"role":"ADMIN","timestamp":"2026-08-14 12:28:47","userId":31}
{"endpoint":"full","level":"info","message":"Dashboard Request","queryRestaurantId":null,"restaurantId":1,"role":"ADMIN","timestamp":"2026-08-14 12:29:18","userId":31}
{"level":"info","message":"Server running on http://localhost:5001","timestamp":"2026-08-14 12:29:44"}
{"endpoint":"full","level":"info","message":"Dashboard Request","queryRestaurantId":null,"restaurantId":1,"role":"ADMIN","timestamp":"2026-08-14 12:29:48","userId":31}
{"endpoint":"full","level":"info","message":"Dashboard Request","queryRestaurantId":null,"restaurantId":1,"role":"ADMIN","timestamp":"2026-08-14 12:30:18","userId":31}
{"endpoint":"full","level":"info","message":"Dashboard Request","queryRestaurantId":null,"restaurantId":1,"role":"ADMIN","timestamp":"2026-08-14 12:30:48","userId":31}
{"endpoint":"full","level":"info","message":"Dashboard Request","queryRestaurantId":null,"restaurantId":1,"role":"ADMIN","timestamp":"2026-08-14 12:31:19","userId":31}
{"endpoint":"full","level":"info","message":"Dashboard Request","queryRestaurantId":null,"restaurantId":1,"role":"ADMIN","timestamp":"2026-08-14 12:31:49","userId":31}
{"level":"info","message":"Server running on http://localhost:5001","timestamp":"2026-08-14 12:32:20"}
{"endpoint":"full","level":"info","message":"Dashboard Request","queryRestaurantId":null,"restaurantId":1,"role":"ADMIN","timestamp":"2026-08-14 12:32:20","userId":31}
{"level":"warn","message":"Access denied","method":"DELETE","path":"/api/orders/999999","requiredRoles":["ADMIN"],"role":"WAITER","timestamp":"2026-08-14 12:32:23","userId":39}
{"level":"warn","message":"Access denied","method":"POST","path":"/api/orders","requiredRoles":["ADMIN","MANAGER","CASHIER","WAITER"],"role":"KITCHEN","timestamp":"2026-08-14 12:32:23","userId":44}
{"endpoint":"full","level":"info","message":"Dashboard Request","queryRestaurantId":null,"restaurantId":1,"role":"ADMIN","timestamp":"2026-08-14 12:32:27","userId":31}
{"level":"warn","message":"Access denied","method":"POST","path":"/api/users","requiredRoles":["ADMIN"],"role":"CASHIER","timestamp":"2026-08-14 12:32:36","userId":98}
{"level":"warn","message":"Access denied","method":"GET","path":"/api/super-admin/restaurants","requiredRoles":["SUPER_ADMIN"],"role":"ADMIN","timestamp":"2026-08-14 12:32:38","userId":31}
{"level":"error","message":"Expected property name or '}' in JSON at position 1 (line 1 column 2)","method":"POST","path":"/api/orders","role":null,"stack":"SyntaxError: Expected property name or '}' in JSON at position 1 (line 1 column 2)\n    at JSON.parse (<anonymous>)\n    at parse (C:\\POS System\\restaurant-pos-backend\\node_modules\\body-parser\\lib\\types\\json.js:91:21)\n    at C:\\POS System\\restaurant-pos-backend\\node_modules\\body-parser\\lib\\read.js:162:18\n    at AsyncResource.runInAsyncScope (node:async_hooks:227:14)\n    at invokeCallback (C:\\POS System\\restaurant-pos-backend\\node_modules\\raw-body\\index.js:238:16)\n    at done (C:\\POS System\\restaurant-pos-backend\\node_modules\\raw-body\\index.js:227:7)\n    at IncomingMessage.onEnd (C:\\POS System\\restaurant-pos-backend\\node_modules\\raw-body\\index.js:287:7)\n    at IncomingMessage.emit (node:events:509:28)\n    at endReadableNT (node:internal/streams/readable:1729:12)\n    at process.processTicksAndRejections (node:internal/process/task_queues:90:21)","timestamp":"2026-08-14 12:32:39","userId":null}
{"endpoint":"full","level":"info","message":"Dashboard Request","queryRestaurantId":null,"restaurantId":1,"role":"ADMIN","timestamp":"2026-08-14 12:32:50","userId":31}
{"endpoint":"full","level":"info","message":"Dashboard Request","queryRestaurantId":null,"restaurantId":1,"role":"ADMIN","timestamp":"2026-08-14 12:33:20","userId":31}
{"endpoint":"full","level":"info","message":"Dashboard Request","queryRestaurantId":null,"restaurantId":1,"role":"ADMIN","timestamp":"2026-08-14 12:33:50","userId":31}
{"endpoint":"full","level":"info","message":"Dashboard Request","queryRestaurantId":null,"restaurantId":1,"role":"ADMIN","timestamp":"2026-08-14 12:34:21","userId":31}
{"endpoint":"full","level":"info","message":"Dashboard Request","queryRestaurantId":null,"restaurantId":1,"role":"ADMIN","timestamp":"2026-08-14 12:34:51","userId":31}
{"endpoint":"full","level":"info","message":"Dashboard Request","queryRestaurantId":null,"restaurantId":1,"role":"ADMIN","timestamp":"2026-08-14 12:35:22","userId":31}
{"level":"info","message":"Server running on http://localhost:5001","timestamp":"2026-08-14 12:35:32"}
{"level":"info","message":"Server running on http://localhost:5001","timestamp":"2026-08-14 12:35:41"}
{"endpoint":"full","level":"info","message":"Dashboard Request","queryRestaurantId":null,"restaurantId":1,"role":"ADMIN","timestamp":"2026-08-14 12:35:52","userId":31}
{"level":"info","message":"Server running on http://localhost:5001","timestamp":"2026-08-14 12:36:02"}
{"level":"info","message":"Server running on http://localhost:5001","timestamp":"2026-08-14 12:36:13"}
{"endpoint":"full","level":"info","message":"Dashboard Request","queryRestaurantId":null,"restaurantId":1,"role":"ADMIN","timestamp":"2026-08-14 12:36:22","userId":31}
{"level":"info","message":"Server running on http://localhost:5001","timestamp":"2026-08-14 12:36:35"}
{"endpoint":"full","level":"info","message":"Dashboard Request","queryRestaurantId":null,"restaurantId":1,"role":"ADMIN","timestamp":"2026-08-14 12:36:53","userId":31}
{"endpoint":"full","level":"info","message":"Dashboard Request","queryRestaurantId":null,"restaurantId":1,"role":"ADMIN","timestamp":"2026-08-14 12:37:22","userId":31}
{"level":"warn","message":"Access denied","method":"DELETE","path":"/api/orders/999999","requiredRoles":["ADMIN"],"role":"WAITER","timestamp":"2026-08-14 12:37:25","userId":39}
{"level":"warn","message":"Access denied","method":"POST","path":"/api/orders","requiredRoles":["ADMIN","MANAGER","CASHIER","WAITER"],"role":"KITCHEN","timestamp":"2026-08-14 12:37:25","userId":44}
{"endpoint":"full","level":"info","message":"Dashboard Request","queryRestaurantId":null,"restaurantId":1,"role":"ADMIN","timestamp":"2026-08-14 12:37:30","userId":31}
{"level":"warn","message":"Access denied","method":"POST","path":"/api/users","requiredRoles":["ADMIN"],"role":"CASHIER","timestamp":"2026-08-14 12:37:40","userId":101}
{"level":"warn","message":"Access denied","method":"GET","path":"/api/super-admin/restaurants","requiredRoles":["SUPER_ADMIN"],"role":"ADMIN","timestamp":"2026-08-14 12:37:43","userId":31}
{"level":"error","message":"Expected property name or '}' in JSON at position 1 (line 1 column 2)","method":"POST","path":"/api/orders","role":null,"stack":"SyntaxError: Expected property name or '}' in JSON at position 1 (line 1 column 2)\n    at JSON.parse (<anonymous>)\n    at parse (C:\\POS System\\restaurant-pos-backend\\node_modules\\body-parser\\lib\\types\\json.js:91:21)\n    at C:\\POS System\\restaurant-pos-backend\\node_modules\\body-parser\\lib\\read.js:162:18\n    at AsyncResource.runInAsyncScope (node:async_hooks:227:14)\n    at invokeCallback (C:\\POS System\\restaurant-pos-backend\\node_modules\\raw-body\\index.js:238:16)\n    at done (C:\\POS System\\restaurant-pos-backend\\node_modules\\raw-body\\index.js:227:7)\n    at IncomingMessage.onEnd (C:\\POS System\\restaurant-pos-backend\\node_modules\\raw-body\\index.js:287:7)\n    at IncomingMessage.emit (node:events:509:28)\n    at endReadableNT (node:internal/streams/readable:1729:12)\n    at process.processTicksAndRejections (node:internal/process/task_queues:90:21)","timestamp":"2026-08-14 12:37:44","userId":null}
{"endpoint":"full","level":"info","message":"Dashboard Request","queryRestaurantId":null,"restaurantId":1,"role":"ADMIN","timestamp":"2026-08-14 12:37:53","userId":31}
{"level":"warn","message":"Access denied","method":"DELETE","path":"/api/orders/999999","requiredRoles":["ADMIN"],"role":"WAITER","timestamp":"2026-08-14 12:38:10","userId":39}
{"level":"warn","message":"Access denied","method":"POST","path":"/api/orders","requiredRoles":["ADMIN","MANAGER","CASHIER","WAITER"],"role":"KITCHEN","timestamp":"2026-08-14 12:38:10","userId":44}
{"endpoint":"full","level":"info","message":"Dashboard Request","queryRestaurantId":null,"restaurantId":1,"role":"ADMIN","timestamp":"2026-08-14 12:38:14","userId":31}
{"endpoint":"full","level":"info","message":"Dashboard Request","queryRestaurantId":null,"restaurantId":1,"role":"ADMIN","timestamp":"2026-08-14 12:38:23","userId":31}
{"level":"warn","message":"Access denied","method":"POST","path":"/api/users","requiredRoles":["ADMIN"],"role":"CASHIER","timestamp":"2026-08-14 12:38:23","userId":105}
{"level":"warn","message":"Access denied","method":"GET","path":"/api/super-admin/restaurants","requiredRoles":["SUPER_ADMIN"],"role":"ADMIN","timestamp":"2026-08-14 12:38:26","userId":31}
{"level":"error","message":"Expected property name or '}' in JSON at position 1 (line 1 column 2)","method":"POST","path":"/api/orders","role":null,"stack":"SyntaxError: Expected property name or '}' in JSON at position 1 (line 1 column 2)\n    at JSON.parse (<anonymous>)\n    at parse (C:\\POS System\\restaurant-pos-backend\\node_modules\\body-parser\\lib\\types\\json.js:91:21)\n    at C:\\POS System\\restaurant-pos-backend\\node_modules\\body-parser\\lib\\read.js:162:18\n    at AsyncResource.runInAsyncScope (node:async_hooks:227:14)\n    at invokeCallback (C:\\POS System\\restaurant-pos-backend\\node_modules\\raw-body\\index.js:238:16)\n    at done (C:\\POS System\\restaurant-pos-backend\\node_modules\\raw-body\\index.js:227:7)\n    at IncomingMessage.onEnd (C:\\POS System\\restaurant-pos-backend\\node_modules\\raw-body\\index.js:287:7)\n    at IncomingMessage.emit (node:events:509:28)\n    at endReadableNT (node:internal/streams/readable:1729:12)\n    at process.processTicksAndRejections (node:internal/process/task_queues:90:21)","timestamp":"2026-08-14 12:38:27","userId":null}
{"endpoint":"full","level":"info","message":"Dashboard Request","queryRestaurantId":null,"restaurantId":1,"role":"ADMIN","timestamp":"2026-08-14 12:38:54","userId":31}
{"endpoint":"full","level":"info","message":"Dashboard Request","queryRestaurantId":null,"restaurantId":1,"role":"ADMIN","timestamp":"2026-08-14 12:39:24","userId":31}
{"endpoint":"full","level":"info","message":"Dashboard Request","queryRestaurantId":null,"restaurantId":1,"role":"ADMIN","timestamp":"2026-08-14 12:39:54","userId":31}
{"endpoint":"full","level":"info","message":"Dashboard Request","queryRestaurantId":null,"restaurantId":1,"role":"ADMIN","timestamp":"2026-08-14 12:40:25","userId":31}
{"endpoint":"full","level":"info","message":"Dashboard Request","queryRestaurantId":null,"restaurantId":1,"role":"ADMIN","timestamp":"2026-08-14 12:40:55","userId":31}
{"endpoint":"full","level":"info","message":"Dashboard Request","queryRestaurantId":null,"restaurantId":1,"role":"ADMIN","timestamp":"2026-08-14 12:41:25","userId":31}
{"level":"info","message":"Server running on http://localhost:5001","timestamp":"2026-08-14 12:41:31"}
{"endpoint":"full","level":"info","message":"Dashboard Request","queryRestaurantId":null,"restaurantId":1,"role":"ADMIN","timestamp":"2026-08-14 12:41:55","userId":31}
{"level":"warn","message":"Access denied","method":"DELETE","path":"/api/orders/999999","requiredRoles":["ADMIN"],"role":"WAITER","timestamp":"2026-08-14 12:42:08","userId":39}
{"level":"warn","message":"Access denied","method":"POST","path":"/api/orders","requiredRoles":["ADMIN","MANAGER","CASHIER","WAITER"],"role":"KITCHEN","timestamp":"2026-08-14 12:42:08","userId":44}
{"endpoint":"full","level":"info","message":"Dashboard Request","queryRestaurantId":null,"restaurantId":1,"role":"ADMIN","timestamp":"2026-08-14 12:42:12","userId":31}
{"level":"warn","message":"Access denied","method":"POST","path":"/api/users","requiredRoles":["ADMIN"],"role":"CASHIER","timestamp":"2026-08-14 12:42:22","userId":108}
{"level":"warn","message":"Access denied","method":"GET","path":"/api/super-admin/restaurants","requiredRoles":["SUPER_ADMIN"],"role":"ADMIN","timestamp":"2026-08-14 12:42:25","userId":31}
{"endpoint":"full","level":"info","message":"Dashboard Request","queryRestaurantId":null,"restaurantId":1,"role":"ADMIN","timestamp":"2026-08-14 12:42:26","userId":31}
{"level":"error","message":"Expected property name or '}' in JSON at position 1 (line 1 column 2)","method":"POST","path":"/api/orders","role":null,"stack":"SyntaxError: Expected property name or '}' in JSON at position 1 (line 1 column 2)\n    at JSON.parse (<anonymous>)\n    at parse (C:\\POS System\\restaurant-pos-backend\\node_modules\\body-parser\\lib\\types\\json.js:91:21)\n    at C:\\POS System\\restaurant-pos-backend\\node_modules\\body-parser\\lib\\read.js:162:18\n    at AsyncResource.runInAsyncScope (node:async_hooks:227:14)\n    at invokeCallback (C:\\POS System\\restaurant-pos-backend\\node_modules\\raw-body\\index.js:238:16)\n    at done (C:\\POS System\\restaurant-pos-backend\\node_modules\\raw-body\\index.js:227:7)\n    at IncomingMessage.onEnd (C:\\POS System\\restaurant-pos-backend\\node_modules\\raw-body\\index.js:287:7)\n    at IncomingMessage.emit (node:events:509:28)\n    at endReadableNT (node:internal/streams/readable:1729:12)\n    at process.processTicksAndRejections (node:internal/process/task_queues:90:21)","timestamp":"2026-08-14 12:42:26","userId":null}
{"level":"warn","message":"Access denied","method":"DELETE","path":"/api/orders/999999","requiredRoles":["ADMIN"],"role":"WAITER","timestamp":"2026-08-14 12:42:48","userId":39}
{"level":"warn","message":"Access denied","method":"POST","path":"/api/orders","requiredRoles":["ADMIN","MANAGER","CASHIER","WAITER"],"role":"KITCHEN","timestamp":"2026-08-14 12:42:48","userId":44}
{"endpoint":"full","level":"info","message":"Dashboard Request","queryRestaurantId":null,"restaurantId":1,"role":"ADMIN","timestamp":"2026-08-14 12:42:51","userId":31}
{"endpoint":"full","level":"info","message":"Dashboard Request","queryRestaurantId":null,"restaurantId":1,"role":"ADMIN","timestamp":"2026-08-14 12:42:56","userId":31}
{"level":"warn","message":"Access denied","method":"POST","path":"/api/users","requiredRoles":["ADMIN"],"role":"CASHIER","timestamp":"2026-08-14 12:42:58","userId":111}
{"level":"warn","message":"Access denied","method":"GET","path":"/api/super-admin/restaurants","requiredRoles":["SUPER_ADMIN"],"role":"ADMIN","timestamp":"2026-08-14 12:43:01","userId":31}
{"level":"error","message":"Expected property name or '}' in JSON at position 1 (line 1 column 2)","method":"POST","path":"/api/orders","role":null,"stack":"SyntaxError: Expected property name or '}' in JSON at position 1 (line 1 column 2)\n    at JSON.parse (<anonymous>)\n    at parse (C:\\POS System\\restaurant-pos-backend\\node_modules\\body-parser\\lib\\types\\json.js:91:21)\n    at C:\\POS System\\restaurant-pos-backend\\node_modules\\body-parser\\lib\\read.js:162:18\n    at AsyncResource.runInAsyncScope (node:async_hooks:227:14)\n    at invokeCallback (C:\\POS System\\restaurant-pos-backend\\node_modules\\raw-body\\index.js:238:16)\n    at done (C:\\POS System\\restaurant-pos-backend\\node_modules\\raw-body\\index.js:227:7)\n    at IncomingMessage.onEnd (C:\\POS System\\restaurant-pos-backend\\node_modules\\raw-body\\index.js:287:7)\n    at IncomingMessage.emit (node:events:509:28)\n    at endReadableNT (node:internal/streams/readable:1729:12)\n    at process.processTicksAndRejections (node:internal/process/task_queues:90:21)","timestamp":"2026-08-14 12:43:01","userId":null}
{"endpoint":"full","level":"info","message":"Dashboard Request","queryRestaurantId":null,"restaurantId":1,"role":"ADMIN","timestamp":"2026-08-14 12:43:26","userId":31}
{"level":"info","message":"Server running on http://localhost:5001","timestamp":"2026-08-14 12:43:50"}
{"endpoint":"full","level":"info","message":"Dashboard Request","queryRestaurantId":null,"restaurantId":1,"role":"ADMIN","timestamp":"2026-08-14 12:43:57","userId":31}
{"endpoint":"full","level":"info","message":"Dashboard Request","queryRestaurantId":null,"restaurantId":1,"role":"ADMIN","timestamp":"2026-08-14 12:44:27","userId":31}
{"level":"warn","message":"Access denied","method":"DELETE","path":"/api/orders/999999","requiredRoles":["ADMIN"],"role":"WAITER","timestamp":"2026-08-14 12:44:28","userId":39}
{"level":"warn","message":"Access denied","method":"POST","path":"/api/orders","requiredRoles":["ADMIN","MANAGER","CASHIER","WAITER"],"role":"KITCHEN","timestamp":"2026-08-14 12:44:28","userId":44}
{"endpoint":"full","level":"info","message":"Dashboard Request","queryRestaurantId":null,"restaurantId":1,"role":"ADMIN","timestamp":"2026-08-14 12:44:32","userId":31}
{"level":"warn","message":"Access denied","method":"POST","path":"/api/users","requiredRoles":["ADMIN"],"role":"CASHIER","timestamp":"2026-08-14 12:44:42","userId":114}
{"level":"warn","message":"Access denied","method":"GET","path":"/api/super-admin/restaurants","requiredRoles":["SUPER_ADMIN"],"role":"ADMIN","timestamp":"2026-08-14 12:44:45","userId":31}
{"endpoint":"full","level":"info","message":"Dashboard Request","queryRestaurantId":null,"restaurantId":19,"role":"ADMIN","timestamp":"2026-08-14 12:44:46","userId":117}
{"level":"error","message":"Expected property name or '}' in JSON at position 1 (line 1 column 2)","method":"POST","path":"/api/orders","role":null,"stack":"SyntaxError: Expected property name or '}' in JSON at position 1 (line 1 column 2)\n    at JSON.parse (<anonymous>)\n    at parse (C:\\POS System\\restaurant-pos-backend\\node_modules\\body-parser\\lib\\types\\json.js:91:21)\n    at C:\\POS System\\restaurant-pos-backend\\node_modules\\body-parser\\lib\\read.js:162:18\n    at AsyncResource.runInAsyncScope (node:async_hooks:227:14)\n    at invokeCallback (C:\\POS System\\restaurant-pos-backend\\node_modules\\raw-body\\index.js:238:16)\n    at done (C:\\POS System\\restaurant-pos-backend\\node_modules\\raw-body\\index.js:227:7)\n    at IncomingMessage.onEnd (C:\\POS System\\restaurant-pos-backend\\node_modules\\raw-body\\index.js:287:7)\n    at IncomingMessage.emit (node:events:509:28)\n    at endReadableNT (node:internal/streams/readable:1729:12)\n    at process.processTicksAndRejections (node:internal/process/task_queues:90:21)","timestamp":"2026-08-14 12:44:47","userId":null}
{"endpoint":"full","level":"info","message":"Dashboard Request","queryRestaurantId":null,"restaurantId":1,"role":"ADMIN","timestamp":"2026-08-14 12:44:57","userId":31}
{"level":"warn","message":"Access denied","method":"DELETE","path":"/api/orders/999999","requiredRoles":["ADMIN"],"role":"WAITER","timestamp":"2026-08-14 12:44:59","userId":39}
{"level":"warn","message":"Access denied","method":"POST","path":"/api/orders","requiredRoles":["ADMIN","MANAGER","CASHIER","WAITER"],"role":"KITCHEN","timestamp":"2026-08-14 12:44:59","userId":44}
{"endpoint":"full","level":"info","message":"Dashboard Request","queryRestaurantId":null,"restaurantId":1,"role":"ADMIN","timestamp":"2026-08-14 12:45:04","userId":31}
{"level":"warn","message":"Access denied","method":"POST","path":"/api/users","requiredRoles":["ADMIN"],"role":"CASHIER","timestamp":"2026-08-14 12:45:14","userId":119}
{"level":"warn","message":"Access denied","method":"GET","path":"/api/super-admin/restaurants","requiredRoles":["SUPER_ADMIN"],"role":"ADMIN","timestamp":"2026-08-14 12:45:17","userId":31}
{"endpoint":"full","level":"info","message":"Dashboard Request","queryRestaurantId":null,"restaurantId":20,"role":"ADMIN","timestamp":"2026-08-14 12:45:18","userId":122}
{"level":"error","message":"Expected property name or '}' in JSON at position 1 (line 1 column 2)","method":"POST","path":"/api/orders","role":null,"stack":"SyntaxError: Expected property name or '}' in JSON at position 1 (line 1 column 2)\n    at JSON.parse (<anonymous>)\n    at parse (C:\\POS System\\restaurant-pos-backend\\node_modules\\body-parser\\lib\\types\\json.js:91:21)\n    at C:\\POS System\\restaurant-pos-backend\\node_modules\\body-parser\\lib\\read.js:162:18\n    at AsyncResource.runInAsyncScope (node:async_hooks:227:14)\n    at invokeCallback (C:\\POS System\\restaurant-pos-backend\\node_modules\\raw-body\\index.js:238:16)\n    at done (C:\\POS System\\restaurant-pos-backend\\node_modules\\raw-body\\index.js:227:7)\n    at IncomingMessage.onEnd (C:\\POS System\\restaurant-pos-backend\\node_modules\\raw-body\\index.js:287:7)\n    at IncomingMessage.emit (node:events:509:28)\n    at endReadableNT (node:internal/streams/readable:1729:12)\n    at process.processTicksAndRejections (node:internal/process/task_queues:90:21)","timestamp":"2026-08-14 12:45:19","userId":null}
{"endpoint":"full","level":"info","message":"Dashboard Request","queryRestaurantId":null,"restaurantId":1,"role":"ADMIN","timestamp":"2026-08-14 12:45:27","userId":31}
{"level":"warn","message":"Access denied","method":"DELETE","path":"/api/orders/999999","requiredRoles":["ADMIN"],"role":"WAITER","timestamp":"2026-08-14 12:45:52","userId":39}
{"level":"warn","message":"Access denied","method":"POST","path":"/api/orders","requiredRoles":["ADMIN","MANAGER","CASHIER","WAITER"],"role":"KITCHEN","timestamp":"2026-08-14 12:45:52","userId":44}
{"endpoint":"full","level":"info","message":"Dashboard Request","queryRestaurantId":null,"restaurantId":1,"role":"ADMIN","timestamp":"2026-08-14 12:45:56","userId":31}
{"endpoint":"full","level":"info","message":"Dashboard Request","queryRestaurantId":null,"restaurantId":1,"role":"ADMIN","timestamp":"2026-08-14 12:45:58","userId":31}
{"level":"warn","message":"Access denied","method":"POST","path":"/api/users","requiredRoles":["ADMIN"],"role":"CASHIER","timestamp":"2026-08-14 12:46:06","userId":124}
{"level":"warn","message":"Access denied","method":"GET","path":"/api/super-admin/restaurants","requiredRoles":["SUPER_ADMIN"],"role":"ADMIN","timestamp":"2026-08-14 12:46:08","userId":31}
{"endpoint":"full","level":"info","message":"Dashboard Request","queryRestaurantId":null,"restaurantId":21,"role":"ADMIN","timestamp":"2026-08-14 12:46:09","userId":127}
{"level":"error","message":"Expected property name or '}' in JSON at position 1 (line 1 column 2)","method":"POST","path":"/api/orders","role":null,"stack":"SyntaxError: Expected property name or '}' in JSON at position 1 (line 1 column 2)\n    at JSON.parse (<anonymous>)\n    at parse (C:\\POS System\\restaurant-pos-backend\\node_modules\\body-parser\\lib\\types\\json.js:91:21)\n    at C:\\POS System\\restaurant-pos-backend\\node_modules\\body-parser\\lib\\read.js:162:18\n    at AsyncResource.runInAsyncScope (node:async_hooks:227:14)\n    at invokeCallback (C:\\POS System\\restaurant-pos-backend\\node_modules\\raw-body\\index.js:238:16)\n    at done (C:\\POS System\\restaurant-pos-backend\\node_modules\\raw-body\\index.js:227:7)\n    at IncomingMessage.onEnd (C:\\POS System\\restaurant-pos-backend\\node_modules\\raw-body\\index.js:287:7)\n    at IncomingMessage.emit (node:events:509:28)\n    at endReadableNT (node:internal/streams/readable:1729:12)\n    at process.processTicksAndRejections (node:internal/process/task_queues:90:21)","timestamp":"2026-08-14 12:46:10","userId":null}
{"endpoint":"full","level":"info","message":"Dashboard Request","queryRestaurantId":null,"restaurantId":1,"role":"ADMIN","timestamp":"2026-08-14 12:46:28","userId":31}
{"level":"warn","message":"Access denied","method":"DELETE","path":"/api/orders/999999","requiredRoles":["ADMIN"],"role":"WAITER","timestamp":"2026-08-14 12:46:30","userId":39}
{"level":"warn","message":"Access denied","method":"POST","path":"/api/orders","requiredRoles":["ADMIN","MANAGER","CASHIER","WAITER"],"role":"KITCHEN","timestamp":"2026-08-14 12:46:30","userId":44}
{"endpoint":"full","level":"info","message":"Dashboard Request","queryRestaurantId":null,"restaurantId":1,"role":"ADMIN","timestamp":"2026-08-14 12:46:34","userId":31}
{"level":"warn","message":"Access denied","method":"POST","path":"/api/users","requiredRoles":["ADMIN"],"role":"CASHIER","timestamp":"2026-08-14 12:46:44","userId":129}
{"level":"warn","message":"Access denied","method":"GET","path":"/api/super-admin/restaurants","requiredRoles":["SUPER_ADMIN"],"role":"ADMIN","timestamp":"2026-08-14 12:46:46","userId":31}
{"endpoint":"full","level":"info","message":"Dashboard Request","queryRestaurantId":null,"restaurantId":22,"role":"ADMIN","timestamp":"2026-08-14 12:46:47","userId":132}
{"level":"error","message":"Expected property name or '}' in JSON at position 1 (line 1 column 2)","method":"POST","path":"/api/orders","role":null,"stack":"SyntaxError: Expected property name or '}' in JSON at position 1 (line 1 column 2)\n    at JSON.parse (<anonymous>)\n    at parse (C:\\POS System\\restaurant-pos-backend\\node_modules\\body-parser\\lib\\types\\json.js:91:21)\n    at C:\\POS System\\restaurant-pos-backend\\node_modules\\body-parser\\lib\\read.js:162:18\n    at AsyncResource.runInAsyncScope (node:async_hooks:227:14)\n    at invokeCallback (C:\\POS System\\restaurant-pos-backend\\node_modules\\raw-body\\index.js:238:16)\n    at done (C:\\POS System\\restaurant-pos-backend\\node_modules\\raw-body\\index.js:227:7)\n    at IncomingMessage.onEnd (C:\\POS System\\restaurant-pos-backend\\node_modules\\raw-body\\index.js:287:7)\n    at IncomingMessage.emit (node:events:509:28)\n    at endReadableNT (node:internal/streams/readable:1729:12)\n    at process.processTicksAndRejections (node:internal/process/task_queues:90:21)","timestamp":"2026-08-14 12:46:49","userId":null}
{"endpoint":"full","level":"info","message":"Dashboard Request","queryRestaurantId":null,"restaurantId":1,"role":"ADMIN","timestamp":"2026-08-14 12:46:59","userId":31}
{"endpoint":"full","level":"info","message":"Dashboard Request","queryRestaurantId":null,"restaurantId":1,"role":"ADMIN","timestamp":"2026-08-14 12:47:30","userId":31}
{"endpoint":"full","level":"info","message":"Dashboard Request","queryRestaurantId":null,"restaurantId":1,"role":"ADMIN","timestamp":"2026-08-14 12:48:00","userId":31}
{"endpoint":"full","level":"info","message":"Dashboard Request","queryRestaurantId":null,"restaurantId":1,"role":"ADMIN","timestamp":"2026-08-14 12:48:31","userId":31}
{"endpoint":"full","level":"info","message":"Dashboard Request","queryRestaurantId":null,"restaurantId":1,"role":"ADMIN","timestamp":"2026-08-14 12:49:02","userId":31}
{"endpoint":"full","level":"info","message":"Dashboard Request","queryRestaurantId":null,"restaurantId":1,"role":"ADMIN","timestamp":"2026-08-14 12:49:32","userId":31}
{"endpoint":"full","level":"info","message":"Dashboard Request","queryRestaurantId":null,"restaurantId":1,"role":"ADMIN","timestamp":"2026-08-14 12:50:03","userId":31}
{"endpoint":"full","level":"info","message":"Dashboard Request","queryRestaurantId":null,"restaurantId":1,"role":"ADMIN","timestamp":"2026-08-14 12:50:33","userId":31}
{"endpoint":"full","level":"info","message":"Dashboard Request","queryRestaurantId":null,"restaurantId":1,"role":"ADMIN","timestamp":"2026-08-14 12:51:04","userId":31}
{"endpoint":"full","level":"info","message":"Dashboard Request","queryRestaurantId":null,"restaurantId":1,"role":"ADMIN","timestamp":"2026-08-14 12:51:34","userId":31}
{"endpoint":"full","level":"info","message":"Dashboard Request","queryRestaurantId":null,"restaurantId":1,"role":"ADMIN","timestamp":"2026-08-14 12:52:04","userId":31}
{"endpoint":"full","level":"info","message":"Dashboard Request","queryRestaurantId":null,"restaurantId":1,"role":"ADMIN","timestamp":"2026-08-14 12:52:35","userId":31}
{"level":"warn","message":"Access denied","method":"DELETE","path":"/api/orders/999999","requiredRoles":["ADMIN"],"role":"WAITER","timestamp":"2026-08-14 12:53:00","userId":39}
{"level":"warn","message":"Access denied","method":"POST","path":"/api/orders","requiredRoles":["ADMIN","MANAGER","CASHIER","WAITER"],"role":"KITCHEN","timestamp":"2026-08-14 12:53:00","userId":44}
{"endpoint":"full","level":"info","message":"Dashboard Request","queryRestaurantId":null,"restaurantId":1,"role":"ADMIN","timestamp":"2026-08-14 12:53:03","userId":31}
{"endpoint":"full","level":"info","message":"Dashboard Request","queryRestaurantId":null,"restaurantId":1,"role":"ADMIN","timestamp":"2026-08-14 12:53:05","userId":31}
{"level":"warn","message":"Access denied","method":"POST","path":"/api/users","requiredRoles":["ADMIN"],"role":"CASHIER","timestamp":"2026-08-14 12:53:11","userId":134}
{"level":"warn","message":"Access denied","method":"GET","path":"/api/super-admin/restaurants","requiredRoles":["SUPER_ADMIN"],"role":"ADMIN","timestamp":"2026-08-14 12:53:14","userId":31}
{"endpoint":"full","level":"info","message":"Dashboard Request","queryRestaurantId":null,"restaurantId":23,"role":"ADMIN","timestamp":"2026-08-14 12:53:15","userId":137}
{"level":"error","message":"Expected property name or '}' in JSON at position 1 (line 1 column 2)","method":"POST","path":"/api/orders","role":null,"stack":"SyntaxError: Expected property name or '}' in JSON at position 1 (line 1 column 2)\n    at JSON.parse (<anonymous>)\n    at parse (C:\\POS System\\restaurant-pos-backend\\node_modules\\body-parser\\lib\\types\\json.js:91:21)\n    at C:\\POS System\\restaurant-pos-backend\\node_modules\\body-parser\\lib\\read.js:162:18\n    at AsyncResource.runInAsyncScope (node:async_hooks:227:14)\n    at invokeCallback (C:\\POS System\\restaurant-pos-backend\\node_modules\\raw-body\\index.js:238:16)\n    at done (C:\\POS System\\restaurant-pos-backend\\node_modules\\raw-body\\index.js:227:7)\n    at IncomingMessage.onEnd (C:\\POS System\\restaurant-pos-backend\\node_modules\\raw-body\\index.js:287:7)\n    at IncomingMessage.emit (node:events:509:28)\n    at endReadableNT (node:internal/streams/readable:1729:12)\n    at process.processTicksAndRejections (node:internal/process/task_queues:90:21)","timestamp":"2026-08-14 12:53:17","userId":null}
{"endpoint":"full","level":"info","message":"Dashboard Request","queryRestaurantId":null,"restaurantId":1,"role":"ADMIN","timestamp":"2026-08-14 12:53:35","userId":31}
{"endpoint":"full","level":"info","message":"Dashboard Request","queryRestaurantId":null,"restaurantId":1,"role":"ADMIN","timestamp":"2026-08-14 12:54:05","userId":31}
{"endpoint":"full","level":"info","message":"Dashboard Request","queryRestaurantId":null,"restaurantId":1,"role":"ADMIN","timestamp":"2026-08-14 12:54:35","userId":31}
{"endpoint":"full","level":"info","message":"Dashboard Request","queryRestaurantId":null,"restaurantId":1,"role":"ADMIN","timestamp":"2026-08-14 12:55:05","userId":31}
{"endpoint":"full","level":"info","message":"Dashboard Request","queryRestaurantId":null,"restaurantId":1,"role":"ADMIN","timestamp":"2026-08-14 12:55:36","userId":31}
{"endpoint":"full","level":"info","message":"Dashboard Request","queryRestaurantId":null,"restaurantId":1,"role":"ADMIN","timestamp":"2026-08-14 12:56:06","userId":31}
{"endpoint":"full","level":"info","message":"Dashboard Request","queryRestaurantId":null,"restaurantId":1,"role":"ADMIN","timestamp":"2026-08-14 12:56:36","userId":31}
{"endpoint":"full","level":"info","message":"Dashboard Request","queryRestaurantId":null,"restaurantId":1,"role":"ADMIN","timestamp":"2026-08-14 12:57:07","userId":31}
{"endpoint":"full","level":"info","message":"Dashboard Request","queryRestaurantId":null,"restaurantId":1,"role":"ADMIN","timestamp":"2026-08-14 12:57:37","userId":31}
{"level":"warn","message":"Access denied","method":"DELETE","path":"/api/orders/999999","requiredRoles":["ADMIN"],"role":"WAITER","timestamp":"2026-08-14 13:02:19","userId":39}
{"level":"warn","message":"Access denied","method":"POST","path":"/api/orders","requiredRoles":["ADMIN","MANAGER","CASHIER","WAITER"],"role":"KITCHEN","timestamp":"2026-08-14 13:02:19","userId":44}
{"endpoint":"full","level":"info","message":"Dashboard Request","queryRestaurantId":null,"restaurantId":1,"role":"ADMIN","timestamp":"2026-08-14 13:02:23","userId":31}
{"level":"warn","message":"Access denied","method":"POST","path":"/api/users","requiredRoles":["ADMIN"],"role":"CASHIER","timestamp":"2026-08-14 13:02:31","userId":139}
{"level":"warn","message":"Access denied","method":"GET","path":"/api/super-admin/restaurants","requiredRoles":["SUPER_ADMIN"],"role":"ADMIN","timestamp":"2026-08-14 13:02:33","userId":31}
{"endpoint":"full","level":"info","message":"Dashboard Request","queryRestaurantId":null,"restaurantId":24,"role":"ADMIN","timestamp":"2026-08-14 13:02:34","userId":142}
{"level":"error","message":"Expected property name or '}' in JSON at position 1 (line 1 column 2)","method":"POST","path":"/api/orders","role":null,"stack":"SyntaxError: Expected property name or '}' in JSON at position 1 (line 1 column 2)\n    at JSON.parse (<anonymous>)\n    at parse (C:\\POS System\\restaurant-pos-backend\\node_modules\\body-parser\\lib\\types\\json.js:91:21)\n    at C:\\POS System\\restaurant-pos-backend\\node_modules\\body-parser\\lib\\read.js:162:18\n    at AsyncResource.runInAsyncScope (node:async_hooks:227:14)\n    at invokeCallback (C:\\POS System\\restaurant-pos-backend\\node_modules\\raw-body\\index.js:238:16)\n    at done (C:\\POS System\\restaurant-pos-backend\\node_modules\\raw-body\\index.js:227:7)\n    at IncomingMessage.onEnd (C:\\POS System\\restaurant-pos-backend\\node_modules\\raw-body\\index.js:287:7)\n    at IncomingMessage.emit (node:events:509:28)\n    at endReadableNT (node:internal/streams/readable:1729:12)\n    at process.processTicksAndRejections (node:internal/process/task_queues:90:21)","timestamp":"2026-08-14 13:02:35","userId":null}
{"level":"error","message":"CORS not allowed","method":"GET","path":"/api/auth/login","role":null,"stack":"Error: CORS not allowed\n    at origin (C:\\POS System\\restaurant-pos-backend\\src\\app.js:78:29)\n    at C:\\POS System\\restaurant-pos-backend\\node_modules\\cors\\lib\\index.js:219:13\n    at optionsCallback (C:\\POS System\\restaurant-pos-backend\\node_modules\\cors\\lib\\index.js:199:9)\n    at corsMiddleware (C:\\POS System\\restaurant-pos-backend\\node_modules\\cors\\lib\\index.js:204:7)\n    at Layer.handleRequest (C:\\POS System\\restaurant-pos-backend\\node_modules\\router\\lib\\layer.js:152:17)\n    at trimPrefix (C:\\POS System\\restaurant-pos-backend\\node_modules\\router\\index.js:342:13)\n    at C:\\POS System\\restaurant-pos-backend\\node_modules\\router\\index.js:297:9\n    at processParams (C:\\POS System\\restaurant-pos-backend\\node_modules\\router\\index.js:582:12)\n    at next (C:\\POS System\\restaurant-pos-backend\\node_modules\\router\\index.js:291:5)\n    at internalNext (C:\\POS System\\restaurant-pos-backend\\node_modules\\helmet\\index.cjs:531:6)\n    at xXssProtectionMiddleware (C:\\POS System\\restaurant-pos-backend\\node_modules\\helmet\\index.cjs:311:3)\n    at internalNext (C:\\POS System\\restaurant-pos-backend\\node_modules\\helmet\\index.cjs:529:6)\n    at xPoweredByMiddleware (C:\\POS System\\restaurant-pos-backend\\node_modules\\helmet\\index.cjs:304:3)\n    at internalNext (C:\\POS System\\restaurant-pos-backend\\node_modules\\helmet\\index.cjs:529:6)\n    at xPermittedCrossDomainPoliciesMiddleware (C:\\POS System\\restaurant-pos-backend\\node_modules\\helmet\\index.cjs:297:3)\n    at internalNext (C:\\POS System\\restaurant-pos-backend\\node_modules\\helmet\\index.cjs:529:6)","timestamp":"2026-08-14 13:06:51","userId":null}
{"level":"info","message":"Server running on http://localhost:5001","timestamp":"2026-08-14 13:09:02"}
{"level":"error","message":"Origin not allowed","method":"GET","path":"/api/auth/login","role":null,"stack":"Error: Origin not allowed\n    at origin (C:\\POS System\\restaurant-pos-backend\\src\\app.js:66:25)\n    at C:\\POS System\\restaurant-pos-backend\\node_modules\\cors\\lib\\index.js:219:13\n    at optionsCallback (C:\\POS System\\restaurant-pos-backend\\node_modules\\cors\\lib\\index.js:199:9)\n    at corsMiddleware (C:\\POS System\\restaurant-pos-backend\\node_modules\\cors\\lib\\index.js:204:7)\n    at Layer.handleRequest (C:\\POS System\\restaurant-pos-backend\\node_modules\\router\\lib\\layer.js:152:17)\n    at trimPrefix (C:\\POS System\\restaurant-pos-backend\\node_modules\\router\\index.js:342:13)\n    at C:\\POS System\\restaurant-pos-backend\\node_modules\\router\\index.js:297:9\n    at processParams (C:\\POS System\\restaurant-pos-backend\\node_modules\\router\\index.js:582:12)\n    at next (C:\\POS System\\restaurant-pos-backend\\node_modules\\router\\index.js:291:5)\n    at internalNext (C:\\POS System\\restaurant-pos-backend\\node_modules\\helmet\\index.cjs:531:6)\n    at xXssProtectionMiddleware (C:\\POS System\\restaurant-pos-backend\\node_modules\\helmet\\index.cjs:311:3)\n    at internalNext (C:\\POS System\\restaurant-pos-backend\\node_modules\\helmet\\index.cjs:529:6)\n    at xPoweredByMiddleware (C:\\POS System\\restaurant-pos-backend\\node_modules\\helmet\\index.cjs:304:3)\n    at internalNext (C:\\POS System\\restaurant-pos-backend\\node_modules\\helmet\\index.cjs:529:6)\n    at xPermittedCrossDomainPoliciesMiddleware (C:\\POS System\\restaurant-pos-backend\\node_modules\\helmet\\index.cjs:297:3)\n    at internalNext (C:\\POS System\\restaurant-pos-backend\\node_modules\\helmet\\index.cjs:529:6)","timestamp":"2026-08-14 13:09:10","userId":null}
{"level":"warn","message":"Access denied","method":"DELETE","path":"/api/orders/999999","requiredRoles":["ADMIN"],"role":"WAITER","timestamp":"2026-08-14 13:09:53","userId":39}
{"level":"warn","message":"Access denied","method":"POST","path":"/api/orders","requiredRoles":["ADMIN","MANAGER","CASHIER","WAITER"],"role":"KITCHEN","timestamp":"2026-08-14 13:09:53","userId":44}
{"endpoint":"full","level":"info","message":"Dashboard Request","queryRestaurantId":null,"restaurantId":1,"role":"ADMIN","timestamp":"2026-08-14 13:09:56","userId":31}
{"level":"warn","message":"Access denied","method":"POST","path":"/api/users","requiredRoles":["ADMIN"],"role":"CASHIER","timestamp":"2026-08-14 13:10:04","userId":144}
{"level":"warn","message":"Access denied","method":"GET","path":"/api/super-admin/restaurants","requiredRoles":["SUPER_ADMIN"],"role":"ADMIN","timestamp":"2026-08-14 13:10:05","userId":31}
{"endpoint":"full","level":"info","message":"Dashboard Request","queryRestaurantId":null,"restaurantId":25,"role":"ADMIN","timestamp":"2026-08-14 13:10:07","userId":147}
{"level":"error","message":"Expected property name or '}' in JSON at position 1 (line 1 column 2)","method":"POST","path":"/api/orders","role":null,"stack":"SyntaxError: Expected property name or '}' in JSON at position 1 (line 1 column 2)\n    at JSON.parse (<anonymous>)\n    at parse (C:\\POS System\\restaurant-pos-backend\\node_modules\\body-parser\\lib\\types\\json.js:91:21)\n    at C:\\POS System\\restaurant-pos-backend\\node_modules\\body-parser\\lib\\read.js:162:18\n    at AsyncResource.runInAsyncScope (node:async_hooks:227:14)\n    at invokeCallback (C:\\POS System\\restaurant-pos-backend\\node_modules\\raw-body\\index.js:238:16)\n    at done (C:\\POS System\\restaurant-pos-backend\\node_modules\\raw-body\\index.js:227:7)\n    at IncomingMessage.onEnd (C:\\POS System\\restaurant-pos-backend\\node_modules\\raw-body\\index.js:287:7)\n    at IncomingMessage.emit (node:events:509:28)\n    at endReadableNT (node:internal/streams/readable:1729:12)\n    at process.processTicksAndRejections (node:internal/process/task_queues:90:21)","timestamp":"2026-08-14 13:10:08","userId":null}
{"endpoint":"full","level":"info","message":"Dashboard Request","queryRestaurantId":null,"restaurantId":1,"role":"ADMIN","timestamp":"2026-08-14 13:11:59","userId":31}
{"level":"info","message":"Server running on http://localhost:5001","timestamp":"2026-08-14 13:12:16"}
{"endpoint":"full","level":"info","message":"Dashboard Request","queryRestaurantId":null,"restaurantId":1,"role":"ADMIN","timestamp":"2026-08-14 13:12:29","userId":31}
{"endpoint":"full","level":"info","message":"Dashboard Request","queryRestaurantId":null,"restaurantId":1,"role":"ADMIN","timestamp":"2026-08-14 13:12:59","userId":31}
{"endpoint":"full","level":"info","message":"Dashboard Request","queryRestaurantId":null,"restaurantId":1,"role":"ADMIN","timestamp":"2026-08-14 13:13:29","userId":31}
{"endpoint":"full","level":"info","message":"Dashboard Request","queryRestaurantId":null,"restaurantId":1,"role":"ADMIN","timestamp":"2026-08-14 13:13:59","userId":31}
{"level":"warn","message":"Access denied","method":"DELETE","path":"/api/orders/999999","requiredRoles":["ADMIN"],"role":"WAITER","timestamp":"2026-08-14 13:14:19","userId":39}
{"level":"warn","message":"Access denied","method":"POST","path":"/api/orders","requiredRoles":["ADMIN","MANAGER","CASHIER","WAITER"],"role":"KITCHEN","timestamp":"2026-08-14 13:14:19","userId":44}
{"endpoint":"full","level":"info","message":"Dashboard Request","queryRestaurantId":null,"restaurantId":1,"role":"ADMIN","timestamp":"2026-08-14 13:14:22","userId":31}
{"endpoint":"full","level":"info","message":"Dashboard Request","queryRestaurantId":null,"restaurantId":1,"role":"ADMIN","timestamp":"2026-08-14 13:14:23","userId":31}
{"endpoint":"full","level":"info","message":"Dashboard Request","queryRestaurantId":null,"restaurantId":1,"role":"ADMIN","timestamp":"2026-08-14 13:14:23","userId":31}
{"endpoint":"full","level":"info","message":"Dashboard Request","queryRestaurantId":null,"restaurantId":1,"role":"ADMIN","timestamp":"2026-08-14 13:14:24","userId":31}
{"endpoint":"full","level":"info","message":"Dashboard Request","queryRestaurantId":null,"restaurantId":1,"role":"ADMIN","timestamp":"2026-08-14 13:14:24","userId":31}
{"endpoint":"full","level":"info","message":"Dashboard Request","queryRestaurantId":null,"restaurantId":1,"role":"ADMIN","timestamp":"2026-08-14 13:14:24","userId":31}
{"endpoint":"full","level":"info","message":"Dashboard Request","queryRestaurantId":null,"restaurantId":1,"role":"ADMIN","timestamp":"2026-08-14 13:14:24","userId":31}
{"endpoint":"full","level":"info","message":"Dashboard Request","queryRestaurantId":null,"restaurantId":1,"role":"ADMIN","timestamp":"2026-08-14 13:14:25","userId":31}
{"endpoint":"full","level":"info","message":"Dashboard Request","queryRestaurantId":null,"restaurantId":1,"role":"ADMIN","timestamp":"2026-08-14 13:14:26","userId":31}
{"endpoint":"full","level":"info","message":"Dashboard Request","queryRestaurantId":null,"restaurantId":1,"role":"ADMIN","timestamp":"2026-08-14 13:14:26","userId":31}
{"endpoint":"full","level":"info","message":"Dashboard Request","queryRestaurantId":null,"restaurantId":1,"role":"ADMIN","timestamp":"2026-08-14 13:14:27","userId":31}
{"endpoint":"full","level":"info","message":"Dashboard Request","queryRestaurantId":null,"restaurantId":1,"role":"ADMIN","timestamp":"2026-08-14 13:14:27","userId":31}
{"endpoint":"full","level":"info","message":"Dashboard Request","queryRestaurantId":null,"restaurantId":1,"role":"ADMIN","timestamp":"2026-08-14 13:14:27","userId":31}
{"endpoint":"full","level":"info","message":"Dashboard Request","queryRestaurantId":null,"restaurantId":1,"role":"ADMIN","timestamp":"2026-08-14 13:14:27","userId":31}
{"endpoint":"full","level":"info","message":"Dashboard Request","queryRestaurantId":null,"restaurantId":1,"role":"ADMIN","timestamp":"2026-08-14 13:14:27","userId":31}
{"endpoint":"full","level":"info","message":"Dashboard Request","queryRestaurantId":null,"restaurantId":1,"role":"ADMIN","timestamp":"2026-08-14 13:14:28","userId":31}
{"endpoint":"full","level":"info","message":"Dashboard Request","queryRestaurantId":null,"restaurantId":1,"role":"ADMIN","timestamp":"2026-08-14 13:14:29","userId":31}
{"level":"warn","message":"Access denied","method":"POST","path":"/api/users","requiredRoles":["ADMIN"],"role":"CASHIER","timestamp":"2026-08-14 13:14:31","userId":149}
{"level":"warn","message":"Access denied","method":"GET","path":"/api/super-admin/restaurants","requiredRoles":["SUPER_ADMIN"],"role":"ADMIN","timestamp":"2026-08-14 13:14:34","userId":31}
{"endpoint":"full","level":"info","message":"Dashboard Request","queryRestaurantId":null,"restaurantId":26,"role":"ADMIN","timestamp":"2026-08-14 13:14:35","userId":152}
{"level":"error","message":"Expected property name or '}' in JSON at position 1 (line 1 column 2)","method":"POST","path":"/api/orders","role":null,"stack":"SyntaxError: Expected property name or '}' in JSON at position 1 (line 1 column 2)\n    at JSON.parse (<anonymous>)\n    at parse (C:\\POS System\\restaurant-pos-backend\\node_modules\\body-parser\\lib\\types\\json.js:91:21)\n    at C:\\POS System\\restaurant-pos-backend\\node_modules\\body-parser\\lib\\read.js:162:18\n    at AsyncResource.runInAsyncScope (node:async_hooks:227:14)\n    at invokeCallback (C:\\POS System\\restaurant-pos-backend\\node_modules\\raw-body\\index.js:238:16)\n    at done (C:\\POS System\\restaurant-pos-backend\\node_modules\\raw-body\\index.js:227:7)\n    at IncomingMessage.onEnd (C:\\POS System\\restaurant-pos-backend\\node_modules\\raw-body\\index.js:287:7)\n    at IncomingMessage.emit (node:events:509:28)\n    at endReadableNT (node:internal/streams/readable:1729:12)\n    at process.processTicksAndRejections (node:internal/process/task_queues:90:21)","timestamp":"2026-08-14 13:14:36","userId":null}
{"endpoint":"full","level":"info","message":"Dashboard Request","queryRestaurantId":null,"restaurantId":1,"role":"ADMIN","timestamp":"2026-08-14 13:14:37","userId":31}
{"endpoint":"full","level":"info","message":"Dashboard Request","queryRestaurantId":null,"restaurantId":1,"role":"ADMIN","timestamp":"2026-08-14 13:14:59","userId":31}
{"endpoint":"full","level":"info","message":"Dashboard Request","queryRestaurantId":null,"restaurantId":1,"role":"ADMIN","timestamp":"2026-08-14 13:15:29","userId":31}
{"level":"info","message":"Server running on http://localhost:5002","timestamp":"2026-08-14 13:15:34"}
{"level":"error","message":"Origin not allowed","method":"OPTIONS","path":"/api/auth/login","role":null,"stack":"Error: Origin not allowed\n    at origin (C:\\POS System\\restaurant-pos-backend\\src\\app.js:66:25)\n    at C:\\POS System\\restaurant-pos-backend\\node_modules\\cors\\lib\\index.js:219:13\n    at optionsCallback (C:\\POS System\\restaurant-pos-backend\\node_modules\\cors\\lib\\index.js:199:9)\n    at corsMiddleware (C:\\POS System\\restaurant-pos-backend\\node_modules\\cors\\lib\\index.js:204:7)\n    at Layer.handleRequest (C:\\POS System\\restaurant-pos-backend\\node_modules\\router\\lib\\layer.js:152:17)\n    at trimPrefix (C:\\POS System\\restaurant-pos-backend\\node_modules\\router\\index.js:342:13)\n    at C:\\POS System\\restaurant-pos-backend\\node_modules\\router\\index.js:297:9\n    at processParams (C:\\POS System\\restaurant-pos-backend\\node_modules\\router\\index.js:582:12)\n    at next (C:\\POS System\\restaurant-pos-backend\\node_modules\\router\\index.js:291:5)\n    at internalNext (C:\\POS System\\restaurant-pos-backend\\node_modules\\helmet\\index.cjs:531:6)\n    at xXssProtectionMiddleware (C:\\POS System\\restaurant-pos-backend\\node_modules\\helmet\\index.cjs:311:3)\n    at internalNext (C:\\POS System\\restaurant-pos-backend\\node_modules\\helmet\\index.cjs:529:6)\n    at xPoweredByMiddleware (C:\\POS System\\restaurant-pos-backend\\node_modules\\helmet\\index.cjs:304:3)\n    at internalNext (C:\\POS System\\restaurant-pos-backend\\node_modules\\helmet\\index.cjs:529:6)\n    at xPermittedCrossDomainPoliciesMiddleware (C:\\POS System\\restaurant-pos-backend\\node_modules\\helmet\\index.cjs:297:3)\n    at internalNext (C:\\POS System\\restaurant-pos-backend\\node_modules\\helmet\\index.cjs:529:6)","timestamp":"2026-08-14 13:15:44","userId":null}
{"endpoint":"full","level":"info","message":"Dashboard Request","queryRestaurantId":null,"restaurantId":1,"role":"ADMIN","timestamp":"2026-08-14 13:15:59","userId":31}
{"level":"info","message":"Server running on http://localhost:5003","timestamp":"2026-08-14 13:16:22"}
{"endpoint":"full","level":"info","message":"Dashboard Request","queryRestaurantId":null,"restaurantId":1,"role":"ADMIN","timestamp":"2026-08-14 13:16:29","userId":31}
{"endpoint":"full","level":"info","message":"Dashboard Request","queryRestaurantId":null,"restaurantId":1,"role":"ADMIN","timestamp":"2026-08-14 13:17:00","userId":31}
{"level":"warn","message":"Access denied","method":"DELETE","path":"/api/orders/999999","requiredRoles":["ADMIN"],"role":"WAITER","timestamp":"2026-08-14 13:17:13","userId":39}
{"level":"warn","message":"Access denied","method":"POST","path":"/api/orders","requiredRoles":["ADMIN","MANAGER","CASHIER","WAITER"],"role":"KITCHEN","timestamp":"2026-08-14 13:17:13","userId":44}
{"endpoint":"full","level":"info","message":"Dashboard Request","queryRestaurantId":null,"restaurantId":1,"role":"ADMIN","timestamp":"2026-08-14 13:17:19","userId":31}
{"endpoint":"full","level":"info","message":"Dashboard Request","queryRestaurantId":null,"restaurantId":1,"role":"ADMIN","timestamp":"2026-08-14 13:17:19","userId":31}
{"endpoint":"full","level":"info","message":"Dashboard Request","queryRestaurantId":null,"restaurantId":1,"role":"ADMIN","timestamp":"2026-08-14 13:17:20","userId":31}
{"endpoint":"full","level":"info","message":"Dashboard Request","queryRestaurantId":null,"restaurantId":1,"role":"ADMIN","timestamp":"2026-08-14 13:17:20","userId":31}
{"endpoint":"full","level":"info","message":"Dashboard Request","queryRestaurantId":null,"restaurantId":1,"role":"ADMIN","timestamp":"2026-08-14 13:17:21","userId":31}
{"endpoint":"full","level":"info","message":"Dashboard Request","queryRestaurantId":null,"restaurantId":1,"role":"ADMIN","timestamp":"2026-08-14 13:17:21","userId":31}
{"endpoint":"full","level":"info","message":"Dashboard Request","queryRestaurantId":null,"restaurantId":1,"role":"ADMIN","timestamp":"2026-08-14 13:17:21","userId":31}
{"endpoint":"full","level":"info","message":"Dashboard Request","queryRestaurantId":null,"restaurantId":1,"role":"ADMIN","timestamp":"2026-08-14 13:17:22","userId":31}
{"endpoint":"full","level":"info","message":"Dashboard Request","queryRestaurantId":null,"restaurantId":1,"role":"ADMIN","timestamp":"2026-08-14 13:17:23","userId":31}
{"endpoint":"full","level":"info","message":"Dashboard Request","queryRestaurantId":null,"restaurantId":1,"role":"ADMIN","timestamp":"2026-08-14 13:17:23","userId":31}
{"endpoint":"full","level":"info","message":"Dashboard Request","queryRestaurantId":null,"restaurantId":1,"role":"ADMIN","timestamp":"2026-08-14 13:17:24","userId":31}
{"endpoint":"full","level":"info","message":"Dashboard Request","queryRestaurantId":null,"restaurantId":1,"role":"ADMIN","timestamp":"2026-08-14 13:17:24","userId":31}
{"endpoint":"full","level":"info","message":"Dashboard Request","queryRestaurantId":null,"restaurantId":1,"role":"ADMIN","timestamp":"2026-08-14 13:17:24","userId":31}
{"endpoint":"full","level":"info","message":"Dashboard Request","queryRestaurantId":null,"restaurantId":1,"role":"ADMIN","timestamp":"2026-08-14 13:17:24","userId":31}
{"endpoint":"full","level":"info","message":"Dashboard Request","queryRestaurantId":null,"restaurantId":1,"role":"ADMIN","timestamp":"2026-08-14 13:17:25","userId":31}
{"level":"warn","message":"Access denied","method":"POST","path":"/api/users","requiredRoles":["ADMIN"],"role":"CASHIER","timestamp":"2026-08-14 13:17:29","userId":154}
{"endpoint":"full","level":"info","message":"Dashboard Request","queryRestaurantId":null,"restaurantId":1,"role":"ADMIN","timestamp":"2026-08-14 13:17:30","userId":31}
{"level":"warn","message":"Access denied","method":"GET","path":"/api/super-admin/restaurants","requiredRoles":["SUPER_ADMIN"],"role":"ADMIN","timestamp":"2026-08-14 13:17:33","userId":31}
{"endpoint":"full","level":"info","message":"Dashboard Request","queryRestaurantId":null,"restaurantId":27,"role":"ADMIN","timestamp":"2026-08-14 13:17:34","userId":157}
{"level":"error","message":"Expected property name or '}' in JSON at position 1 (line 1 column 2)","method":"POST","path":"/api/orders","role":null,"stack":"SyntaxError: Expected property name or '}' in JSON at position 1 (line 1 column 2)\n    at JSON.parse (<anonymous>)\n    at parse (C:\\POS System\\restaurant-pos-backend\\node_modules\\body-parser\\lib\\types\\json.js:91:21)\n    at C:\\POS System\\restaurant-pos-backend\\node_modules\\body-parser\\lib\\read.js:162:18\n    at AsyncResource.runInAsyncScope (node:async_hooks:227:14)\n    at invokeCallback (C:\\POS System\\restaurant-pos-backend\\node_modules\\raw-body\\index.js:238:16)\n    at done (C:\\POS System\\restaurant-pos-backend\\node_modules\\raw-body\\index.js:227:7)\n    at IncomingMessage.onEnd (C:\\POS System\\restaurant-pos-backend\\node_modules\\raw-body\\index.js:287:7)\n    at IncomingMessage.emit (node:events:509:28)\n    at endReadableNT (node:internal/streams/readable:1729:12)\n    at process.processTicksAndRejections (node:internal/process/task_queues:90:21)","timestamp":"2026-08-14 13:17:36","userId":null}
{"endpoint":"full","level":"info","message":"Dashboard Request","queryRestaurantId":null,"restaurantId":1,"role":"ADMIN","timestamp":"2026-08-14 13:17:37","userId":31}
{"endpoint":"full","level":"info","message":"Dashboard Request","queryRestaurantId":null,"restaurantId":1,"role":"ADMIN","timestamp":"2026-08-14 13:18:00","userId":31}
{"endpoint":"full","level":"info","message":"Dashboard Request","queryRestaurantId":null,"restaurantId":1,"role":"ADMIN","timestamp":"2026-08-14 13:18:30","userId":31}
{"endpoint":"full","level":"info","message":"Dashboard Request","queryRestaurantId":null,"restaurantId":1,"role":"ADMIN","timestamp":"2026-08-14 13:19:01","userId":31}
{"endpoint":"full","level":"info","message":"Dashboard Request","queryRestaurantId":null,"restaurantId":1,"role":"ADMIN","timestamp":"2026-08-14 13:19:31","userId":31}
{"endpoint":"full","level":"info","message":"Dashboard Request","queryRestaurantId":null,"restaurantId":1,"role":"ADMIN","timestamp":"2026-08-14 13:20:02","userId":31}
{"endpoint":"full","level":"info","message":"Dashboard Request","queryRestaurantId":null,"restaurantId":1,"role":"ADMIN","timestamp":"2026-08-14 13:20:32","userId":31}
{"endpoint":"full","level":"info","message":"Dashboard Request","queryRestaurantId":null,"restaurantId":1,"role":"ADMIN","timestamp":"2026-08-14 13:21:02","userId":31}
{"endpoint":"full","level":"info","message":"Dashboard Request","queryRestaurantId":null,"restaurantId":1,"role":"ADMIN","timestamp":"2026-08-14 13:21:32","userId":31}
{"endpoint":"full","level":"info","message":"Dashboard Request","queryRestaurantId":null,"restaurantId":1,"role":"ADMIN","timestamp":"2026-08-14 13:22:03","userId":31}
{"endpoint":"full","level":"info","message":"Dashboard Request","queryRestaurantId":null,"restaurantId":9,"role":"ADMIN","timestamp":"2026-08-14 13:24:18","userId":52}
{"endpoint":"full","level":"info","message":"Dashboard Request","queryRestaurantId":null,"restaurantId":9,"role":"ADMIN","timestamp":"2026-08-14 13:55:57","userId":52}
{"endpoint":"full","level":"info","message":"Dashboard Request","queryRestaurantId":null,"restaurantId":9,"role":"ADMIN","timestamp":"2026-08-14 13:56:57","userId":52}
{"level":"info","message":"Server running on http://localhost:5001","timestamp":"2026-08-14 15:55:55"}
{"level":"warn","message":"Access denied","method":"DELETE","path":"/api/orders/999999","requiredRoles":["ADMIN"],"role":"WAITER","timestamp":"2026-08-14 15:56:09","userId":39}
{"level":"warn","message":"Access denied","method":"POST","path":"/api/orders","requiredRoles":["ADMIN","MANAGER","CASHIER","WAITER"],"role":"KITCHEN","timestamp":"2026-08-14 15:56:09","userId":44}
{"endpoint":"full","level":"info","message":"Dashboard Request","queryRestaurantId":null,"restaurantId":1,"role":"ADMIN","timestamp":"2026-08-14 15:56:12","userId":31}
{"level":"warn","message":"Access denied","method":"POST","path":"/api/users","requiredRoles":["ADMIN"],"role":"CASHIER","timestamp":"2026-08-14 15:56:20","userId":159}
{"level":"warn","message":"Access denied","method":"GET","path":"/api/super-admin/restaurants","requiredRoles":["SUPER_ADMIN"],"role":"ADMIN","timestamp":"2026-08-14 15:56:21","userId":31}
{"endpoint":"full","level":"info","message":"Dashboard Request","queryRestaurantId":null,"restaurantId":28,"role":"ADMIN","timestamp":"2026-08-14 15:56:22","userId":162}
{"level":"error","message":"Expected property name or '}' in JSON at position 1 (line 1 column 2)","method":"POST","path":"/api/orders","role":null,"stack":"SyntaxError: Expected property name or '}' in JSON at position 1 (line 1 column 2)\n    at JSON.parse (<anonymous>)\n    at parse (C:\\POS System\\restaurant-pos-backend\\node_modules\\body-parser\\lib\\types\\json.js:91:21)\n    at C:\\POS System\\restaurant-pos-backend\\node_modules\\body-parser\\lib\\read.js:162:18\n    at AsyncResource.runInAsyncScope (node:async_hooks:227:14)\n    at invokeCallback (C:\\POS System\\restaurant-pos-backend\\node_modules\\raw-body\\index.js:238:16)\n    at done (C:\\POS System\\restaurant-pos-backend\\node_modules\\raw-body\\index.js:227:7)\n    at IncomingMessage.onEnd (C:\\POS System\\restaurant-pos-backend\\node_modules\\raw-body\\index.js:287:7)\n    at IncomingMessage.emit (node:events:509:28)\n    at endReadableNT (node:internal/streams/readable:1729:12)\n    at process.processTicksAndRejections (node:internal/process/task_queues:90:21)","timestamp":"2026-08-14 15:56:23","userId":null}
{"level":"info","message":"Server running on http://localhost:5001","timestamp":"2026-08-14 15:58:32"}
{"level":"info","message":"Server running on http://localhost:5001","timestamp":"2026-08-14 16:00:13"}
{"level":"info","message":"Server running on http://localhost:5001","timestamp":"2026-08-14 16:00:38"}
{"level":"info","message":"Server running on http://localhost:5001","timestamp":"2026-08-14 16:02:11"}
{"level":"info","message":"Server running on http://localhost:5001","timestamp":"2026-08-14 16:02:32"}
{"level":"warn","message":"Access denied","method":"DELETE","path":"/api/orders/999999","requiredRoles":["ADMIN"],"role":"WAITER","timestamp":"2026-08-14 16:02:51","userId":39}
{"level":"warn","message":"Access denied","method":"POST","path":"/api/orders","requiredRoles":["ADMIN","MANAGER","CASHIER","WAITER"],"role":"KITCHEN","timestamp":"2026-08-14 16:02:51","userId":44}
{"endpoint":"full","level":"info","message":"Dashboard Request","queryRestaurantId":null,"restaurantId":1,"role":"ADMIN","timestamp":"2026-08-14 16:02:53","userId":31}
{"level":"warn","message":"Access denied","method":"POST","path":"/api/users","requiredRoles":["ADMIN"],"role":"CASHIER","timestamp":"2026-08-14 16:03:00","userId":167}
{"level":"warn","message":"Access denied","method":"GET","path":"/api/super-admin/restaurants","requiredRoles":["SUPER_ADMIN"],"role":"ADMIN","timestamp":"2026-08-14 16:03:02","userId":31}
{"endpoint":"full","level":"info","message":"Dashboard Request","queryRestaurantId":null,"restaurantId":29,"role":"ADMIN","timestamp":"2026-08-14 16:03:03","userId":170}
{"level":"error","message":"Expected property name or '}' in JSON at position 1 (line 1 column 2)","method":"POST","path":"/api/orders","role":null,"stack":"SyntaxError: Expected property name or '}' in JSON at position 1 (line 1 column 2)\n    at JSON.parse (<anonymous>)\n    at parse (C:\\POS System\\restaurant-pos-backend\\node_modules\\body-parser\\lib\\types\\json.js:91:21)\n    at C:\\POS System\\restaurant-pos-backend\\node_modules\\body-parser\\lib\\read.js:162:18\n    at AsyncResource.runInAsyncScope (node:async_hooks:227:14)\n    at invokeCallback (C:\\POS System\\restaurant-pos-backend\\node_modules\\raw-body\\index.js:238:16)\n    at done (C:\\POS System\\restaurant-pos-backend\\node_modules\\raw-body\\index.js:227:7)\n    at IncomingMessage.onEnd (C:\\POS System\\restaurant-pos-backend\\node_modules\\raw-body\\index.js:287:7)\n    at IncomingMessage.emit (node:events:509:28)\n    at endReadableNT (node:internal/streams/readable:1729:12)\n    at process.processTicksAndRejections (node:internal/process/task_queues:90:21)","timestamp":"2026-08-14 16:03:04","userId":null}
{"endpoint":"full","level":"info","message":"Dashboard Request","queryRestaurantId":null,"restaurantId":9,"role":"ADMIN","timestamp":"2026-08-14 16:04:49","userId":52}
{"level":"warn","message":"Access denied","method":"DELETE","path":"/api/orders/999999","requiredRoles":["ADMIN"],"role":"WAITER","timestamp":"2026-08-14 16:10:19","userId":39}
{"level":"warn","message":"Access denied","method":"POST","path":"/api/orders","requiredRoles":["ADMIN","MANAGER","CASHIER","WAITER"],"role":"KITCHEN","timestamp":"2026-08-14 16:10:19","userId":44}
{"endpoint":"full","level":"info","message":"Dashboard Request","queryRestaurantId":null,"restaurantId":1,"role":"ADMIN","timestamp":"2026-08-14 16:10:22","userId":31}
{"level":"warn","message":"Access denied","method":"POST","path":"/api/users","requiredRoles":["ADMIN"],"role":"CASHIER","timestamp":"2026-08-14 16:10:29","userId":172}
{"level":"warn","message":"Access denied","method":"GET","path":"/api/super-admin/restaurants","requiredRoles":["SUPER_ADMIN"],"role":"ADMIN","timestamp":"2026-08-14 16:10:31","userId":31}
{"endpoint":"full","level":"info","message":"Dashboard Request","queryRestaurantId":null,"restaurantId":30,"role":"ADMIN","timestamp":"2026-08-14 16:10:32","userId":175}
{"level":"error","message":"Expected property name or '}' in JSON at position 1 (line 1 column 2)","method":"POST","path":"/api/orders","role":null,"stack":"SyntaxError: Expected property name or '}' in JSON at position 1 (line 1 column 2)\n    at JSON.parse (<anonymous>)\n    at parse (C:\\POS System\\restaurant-pos-backend\\node_modules\\body-parser\\lib\\types\\json.js:91:21)\n    at C:\\POS System\\restaurant-pos-backend\\node_modules\\body-parser\\lib\\read.js:162:18\n    at AsyncResource.runInAsyncScope (node:async_hooks:227:14)\n    at invokeCallback (C:\\POS System\\restaurant-pos-backend\\node_modules\\raw-body\\index.js:238:16)\n    at done (C:\\POS System\\restaurant-pos-backend\\node_modules\\raw-body\\index.js:227:7)\n    at IncomingMessage.onEnd (C:\\POS System\\restaurant-pos-backend\\node_modules\\raw-body\\index.js:287:7)\n    at IncomingMessage.emit (node:events:509:28)\n    at endReadableNT (node:internal/streams/readable:1729:12)\n    at process.processTicksAndRejections (node:internal/process/task_queues:90:21)","timestamp":"2026-08-14 16:10:33","userId":null}
{"endpoint":"full","level":"info","message":"Dashboard Request","queryRestaurantId":null,"restaurantId":9,"role":"ADMIN","timestamp":"2026-08-14 16:11:49","userId":52}
{"level":"warn","message":"Access denied","method":"DELETE","path":"/api/orders/999999","requiredRoles":["ADMIN"],"role":"WAITER","timestamp":"2026-08-14 16:13:29","userId":39}
{"level":"warn","message":"Access denied","method":"POST","path":"/api/orders","requiredRoles":["ADMIN","MANAGER","CASHIER","WAITER"],"role":"KITCHEN","timestamp":"2026-08-14 16:13:29","userId":44}
{"endpoint":"full","level":"info","message":"Dashboard Request","queryRestaurantId":null,"restaurantId":1,"role":"ADMIN","timestamp":"2026-08-14 16:13:32","userId":31}
{"level":"warn","message":"Access denied","method":"POST","path":"/api/users","requiredRoles":["ADMIN"],"role":"CASHIER","timestamp":"2026-08-14 16:13:40","userId":178}
{"level":"warn","message":"Access denied","method":"GET","path":"/api/super-admin/restaurants","requiredRoles":["SUPER_ADMIN"],"role":"ADMIN","timestamp":"2026-08-14 16:13:42","userId":31}
{"endpoint":"full","level":"info","message":"Dashboard Request","queryRestaurantId":null,"restaurantId":31,"role":"ADMIN","timestamp":"2026-08-14 16:13:43","userId":181}
{"level":"error","message":"Expected property name or '}' in JSON at position 1 (line 1 column 2)","method":"POST","path":"/api/orders","role":null,"stack":"SyntaxError: Expected property name or '}' in JSON at position 1 (line 1 column 2)\n    at JSON.parse (<anonymous>)\n    at parse (C:\\POS System\\restaurant-pos-backend\\node_modules\\body-parser\\lib\\types\\json.js:91:21)\n    at C:\\POS System\\restaurant-pos-backend\\node_modules\\body-parser\\lib\\read.js:162:18\n    at AsyncResource.runInAsyncScope (node:async_hooks:227:14)\n    at invokeCallback (C:\\POS System\\restaurant-pos-backend\\node_modules\\raw-body\\index.js:238:16)\n    at done (C:\\POS System\\restaurant-pos-backend\\node_modules\\raw-body\\index.js:227:7)\n    at IncomingMessage.onEnd (C:\\POS System\\restaurant-pos-backend\\node_modules\\raw-body\\index.js:287:7)\n    at IncomingMessage.emit (node:events:509:28)\n    at endReadableNT (node:internal/streams/readable:1729:12)\n    at process.processTicksAndRejections (node:internal/process/task_queues:90:21)","timestamp":"2026-08-14 16:13:44","userId":null}
{"level":"warn","message":"Access denied","method":"DELETE","path":"/api/orders/999999","requiredRoles":["ADMIN"],"role":"WAITER","timestamp":"2026-08-14 16:18:39","userId":39}
{"level":"warn","message":"Access denied","method":"POST","path":"/api/orders","requiredRoles":["ADMIN","MANAGER","CASHIER","WAITER"],"role":"KITCHEN","timestamp":"2026-08-14 16:18:39","userId":44}
{"endpoint":"full","level":"info","message":"Dashboard Request","queryRestaurantId":null,"restaurantId":1,"role":"ADMIN","timestamp":"2026-08-14 16:18:42","userId":31}
{"level":"warn","message":"Access denied","method":"POST","path":"/api/users","requiredRoles":["ADMIN"],"role":"CASHIER","timestamp":"2026-08-14 16:18:50","userId":184}
{"level":"warn","message":"Access denied","method":"GET","path":"/api/super-admin/restaurants","requiredRoles":["SUPER_ADMIN"],"role":"ADMIN","timestamp":"2026-08-14 16:18:52","userId":31}
{"endpoint":"full","level":"info","message":"Dashboard Request","queryRestaurantId":null,"restaurantId":32,"role":"ADMIN","timestamp":"2026-08-14 16:18:53","userId":187}
{"level":"error","message":"Expected property name or '}' in JSON at position 1 (line 1 column 2)","method":"POST","path":"/api/orders","role":null,"stack":"SyntaxError: Expected property name or '}' in JSON at position 1 (line 1 column 2)\n    at JSON.parse (<anonymous>)\n    at parse (C:\\POS System\\restaurant-pos-backend\\node_modules\\body-parser\\lib\\types\\json.js:91:21)\n    at C:\\POS System\\restaurant-pos-backend\\node_modules\\body-parser\\lib\\read.js:162:18\n    at AsyncResource.runInAsyncScope (node:async_hooks:227:14)\n    at invokeCallback (C:\\POS System\\restaurant-pos-backend\\node_modules\\raw-body\\index.js:238:16)\n    at done (C:\\POS System\\restaurant-pos-backend\\node_modules\\raw-body\\index.js:227:7)\n    at IncomingMessage.onEnd (C:\\POS System\\restaurant-pos-backend\\node_modules\\raw-body\\index.js:287:7)\n    at IncomingMessage.emit (node:events:509:28)\n    at endReadableNT (node:internal/streams/readable:1729:12)\n    at process.processTicksAndRejections (node:internal/process/task_queues:90:21)","timestamp":"2026-08-14 16:18:54","userId":null}
{"endpoint":"full","level":"info","message":"Dashboard Request","queryRestaurantId":null,"restaurantId":9,"role":"ADMIN","timestamp":"2026-08-14 16:21:20","userId":52}
{"endpoint":"full","level":"info","message":"Dashboard Request","queryRestaurantId":null,"restaurantId":9,"role":"ADMIN","timestamp":"2026-08-14 16:21:50","userId":52}
{"endpoint":"full","level":"info","message":"Dashboard Request","queryRestaurantId":null,"restaurantId":9,"role":"ADMIN","timestamp":"2026-08-14 16:22:20","userId":52}
{"endpoint":"full","level":"info","message":"Dashboard Request","queryRestaurantId":null,"restaurantId":9,"role":"ADMIN","timestamp":"2026-08-14 16:22:50","userId":52}
{"endpoint":"full","level":"info","message":"Dashboard Request","queryRestaurantId":null,"restaurantId":9,"role":"ADMIN","timestamp":"2026-08-14 16:23:21","userId":52}
{"endpoint":"full","level":"info","message":"Dashboard Request","queryRestaurantId":null,"restaurantId":9,"role":"ADMIN","timestamp":"2026-08-14 16:23:51","userId":52}
{"endpoint":"full","level":"info","message":"Dashboard Request","queryRestaurantId":null,"restaurantId":9,"role":"ADMIN","timestamp":"2026-08-14 16:24:21","userId":52}
{"endpoint":"full","level":"info","message":"Dashboard Request","queryRestaurantId":null,"restaurantId":9,"role":"ADMIN","timestamp":"2026-08-14 16:24:52","userId":52}
{"endpoint":"full","level":"info","message":"Dashboard Request","queryRestaurantId":null,"restaurantId":9,"role":"ADMIN","timestamp":"2026-08-14 16:25:22","userId":52}
{"endpoint":"full","level":"info","message":"Dashboard Request","queryRestaurantId":null,"restaurantId":9,"role":"ADMIN","timestamp":"2026-08-14 16:25:53","userId":52}
{"endpoint":"full","level":"info","message":"Dashboard Request","queryRestaurantId":null,"restaurantId":9,"role":"ADMIN","timestamp":"2026-08-14 16:26:23","userId":52}
{"endpoint":"full","level":"info","message":"Dashboard Request","queryRestaurantId":null,"restaurantId":9,"role":"ADMIN","timestamp":"2026-08-14 16:26:53","userId":52}
{"endpoint":"full","level":"info","message":"Dashboard Request","queryRestaurantId":null,"restaurantId":9,"role":"ADMIN","timestamp":"2026-08-14 16:27:23","userId":52}
{"endpoint":"full","level":"info","message":"Dashboard Request","queryRestaurantId":null,"restaurantId":9,"role":"ADMIN","timestamp":"2026-08-14 16:27:54","userId":52}
{"endpoint":"full","level":"info","message":"Dashboard Request","queryRestaurantId":null,"restaurantId":9,"role":"ADMIN","timestamp":"2026-08-14 16:28:24","userId":52}
{"endpoint":"full","level":"info","message":"Dashboard Request","queryRestaurantId":null,"restaurantId":9,"role":"ADMIN","timestamp":"2026-08-14 16:28:55","userId":52}
{"endpoint":"full","level":"info","message":"Dashboard Request","queryRestaurantId":null,"restaurantId":9,"role":"ADMIN","timestamp":"2026-08-14 16:29:25","userId":52}
{"endpoint":"full","level":"info","message":"Dashboard Request","queryRestaurantId":null,"restaurantId":9,"role":"ADMIN","timestamp":"2026-08-14 16:29:55","userId":52}
{"endpoint":"full","level":"info","message":"Dashboard Request","queryRestaurantId":null,"restaurantId":9,"role":"ADMIN","timestamp":"2026-08-14 16:30:25","userId":52}
{"endpoint":"full","level":"info","message":"Dashboard Request","queryRestaurantId":null,"restaurantId":9,"role":"ADMIN","timestamp":"2026-08-14 16:30:56","userId":52}
{"endpoint":"full","level":"info","message":"Dashboard Request","queryRestaurantId":null,"restaurantId":9,"role":"ADMIN","timestamp":"2026-08-14 16:31:27","userId":52}
{"level":"info","message":"Server running on http://localhost:5001","timestamp":"2026-08-14 16:31:50"}
{"endpoint":"full","level":"info","message":"Dashboard Request","queryRestaurantId":null,"restaurantId":9,"role":"ADMIN","timestamp":"2026-08-14 16:31:56","userId":52}
{"endpoint":"full","level":"info","message":"Dashboard Request","queryRestaurantId":null,"restaurantId":9,"role":"ADMIN","timestamp":"2026-08-14 16:32:27","userId":52}
{"endpoint":"full","level":"info","message":"Dashboard Request","queryRestaurantId":null,"restaurantId":9,"role":"ADMIN","timestamp":"2026-08-14 16:32:58","userId":52}
{"endpoint":"full","level":"info","message":"Dashboard Request","queryRestaurantId":null,"restaurantId":9,"role":"ADMIN","timestamp":"2026-08-14 16:33:28","userId":52}
{"endpoint":"full","level":"info","message":"Dashboard Request","queryRestaurantId":null,"restaurantId":9,"role":"ADMIN","timestamp":"2026-08-14 16:33:58","userId":52}
{"endpoint":"full","level":"info","message":"Dashboard Request","queryRestaurantId":null,"restaurantId":9,"role":"ADMIN","timestamp":"2026-08-14 16:34:29","userId":52}
{"endpoint":"full","level":"info","message":"Dashboard Request","queryRestaurantId":null,"restaurantId":9,"role":"ADMIN","timestamp":"2026-08-14 16:34:59","userId":52}
{"endpoint":"full","level":"info","message":"Dashboard Request","queryRestaurantId":null,"restaurantId":9,"role":"ADMIN","timestamp":"2026-08-14 16:35:30","userId":52}
{"endpoint":"full","level":"info","message":"Dashboard Request","queryRestaurantId":null,"restaurantId":9,"role":"ADMIN","timestamp":"2026-08-14 16:36:01","userId":52}
{"endpoint":"full","level":"info","message":"Dashboard Request","queryRestaurantId":null,"restaurantId":9,"role":"ADMIN","timestamp":"2026-08-14 16:36:31","userId":52}
{"endpoint":"full","level":"info","message":"Dashboard Request","queryRestaurantId":null,"restaurantId":9,"role":"ADMIN","timestamp":"2026-08-14 16:37:02","userId":52}
{"endpoint":"full","level":"info","message":"Dashboard Request","queryRestaurantId":null,"restaurantId":9,"role":"ADMIN","timestamp":"2026-08-14 16:37:32","userId":52}
{"endpoint":"full","level":"info","message":"Dashboard Request","queryRestaurantId":null,"restaurantId":9,"role":"ADMIN","timestamp":"2026-08-14 16:38:02","userId":52}
{"endpoint":"full","level":"info","message":"Dashboard Request","queryRestaurantId":null,"restaurantId":9,"role":"ADMIN","timestamp":"2026-08-14 16:38:33","userId":52}
{"endpoint":"full","level":"info","message":"Dashboard Request","queryRestaurantId":null,"restaurantId":9,"role":"ADMIN","timestamp":"2026-08-14 16:39:03","userId":52}
{"endpoint":"full","level":"info","message":"Dashboard Request","queryRestaurantId":null,"restaurantId":9,"role":"ADMIN","timestamp":"2026-08-14 16:39:33","userId":52}
{"endpoint":"full","level":"info","message":"Dashboard Request","queryRestaurantId":null,"restaurantId":9,"role":"ADMIN","timestamp":"2026-08-14 16:40:04","userId":52}
{"endpoint":"full","level":"info","message":"Dashboard Request","queryRestaurantId":null,"restaurantId":9,"role":"ADMIN","timestamp":"2026-08-14 16:40:34","userId":52}
{"level":"info","message":"Server running on http://localhost:5001","timestamp":"2026-08-14 16:40:58"}
{"endpoint":"full","level":"info","message":"Dashboard Request","queryRestaurantId":null,"restaurantId":9,"role":"ADMIN","timestamp":"2026-08-14 16:41:04","userId":52}
{"level":"info","message":"Server running on http://localhost:5001","timestamp":"2026-08-14 16:41:14"}
{"endpoint":"full","level":"info","message":"Dashboard Request","queryRestaurantId":null,"restaurantId":9,"role":"ADMIN","timestamp":"2026-08-14 16:41:34","userId":52}
{"level":"info","message":"Server running on http://localhost:5001","timestamp":"2026-08-14 16:42:13"}
{"level":"info","message":"Server running on http://localhost:5001","timestamp":"2026-08-14 16:42:18"}
{"level":"info","message":"Server running on http://localhost:5001","timestamp":"2026-08-14 16:42:40"}
{"endpoint":"full","level":"info","message":"Dashboard Request","queryRestaurantId":null,"restaurantId":9,"role":"ADMIN","timestamp":"2026-08-14 16:42:40","userId":52}
{"endpoint":"full","level":"info","message":"Dashboard Request","queryRestaurantId":null,"restaurantId":9,"role":"ADMIN","timestamp":"2026-08-14 16:43:04","userId":52}
{"level":"info","message":"Server running on http://localhost:5001","timestamp":"2026-08-14 16:43:17"}
{"level":"warn","message":"Access denied","method":"POST","path":"/api/subscriptions/checkout","requiredRoles":["ADMIN"],"role":"WAITER","timestamp":"2026-08-14 16:43:29","userId":39}
{"endpoint":"full","level":"info","message":"Dashboard Request","queryRestaurantId":null,"restaurantId":9,"role":"ADMIN","timestamp":"2026-08-14 16:43:34","userId":52}
{"endpoint":"full","level":"info","message":"Dashboard Request","queryRestaurantId":null,"restaurantId":9,"role":"ADMIN","timestamp":"2026-08-14 16:44:04","userId":52}
{"endpoint":"full","level":"info","message":"Dashboard Request","queryRestaurantId":null,"restaurantId":9,"role":"ADMIN","timestamp":"2026-08-14 16:44:35","userId":52}
{"endpoint":"full","level":"info","message":"Dashboard Request","queryRestaurantId":null,"restaurantId":9,"role":"ADMIN","timestamp":"2026-08-14 16:45:05","userId":52}
{"endpoint":"full","level":"info","message":"Dashboard Request","queryRestaurantId":null,"restaurantId":9,"role":"ADMIN","timestamp":"2026-08-14 16:45:36","userId":52}
{"endpoint":"full","level":"info","message":"Dashboard Request","queryRestaurantId":null,"restaurantId":9,"role":"ADMIN","timestamp":"2026-08-14 16:46:06","userId":52}
{"endpoint":"full","level":"info","message":"Dashboard Request","queryRestaurantId":null,"restaurantId":9,"role":"ADMIN","timestamp":"2026-08-14 16:46:37","userId":52}
{"endpoint":"full","level":"info","message":"Dashboard Request","queryRestaurantId":null,"restaurantId":9,"role":"ADMIN","timestamp":"2026-08-14 16:47:07","userId":52}
{"level":"info","message":"Server running on http://localhost:5001","timestamp":"2026-08-14 16:47:36"}
{"endpoint":"full","level":"info","message":"Dashboard Request","queryRestaurantId":null,"restaurantId":9,"role":"ADMIN","timestamp":"2026-08-14 16:47:37","userId":52}
{"level":"info","message":"Server running on http://localhost:5001","timestamp":"2026-08-14 16:48:04"}
{"endpoint":"full","level":"info","message":"Dashboard Request","queryRestaurantId":null,"restaurantId":9,"role":"ADMIN","timestamp":"2026-08-14 16:48:07","userId":52}
{"endpoint":"full","level":"info","message":"Dashboard Request","queryRestaurantId":null,"restaurantId":9,"role":"ADMIN","timestamp":"2026-08-14 16:48:37","userId":52}
{"level":"info","message":"Server running on http://localhost:5001","timestamp":"2026-08-14 16:48:46"}
{"endpoint":"full","level":"info","message":"Dashboard Request","queryRestaurantId":null,"restaurantId":9,"role":"ADMIN","timestamp":"2026-08-14 16:49:08","userId":52}
{"endpoint":"full","level":"info","message":"Dashboard Request","queryRestaurantId":null,"restaurantId":9,"role":"ADMIN","timestamp":"2026-08-14 16:49:26","userId":52}
{"level":"warn","message":"Access denied","method":"DELETE","path":"/api/orders/999999","requiredRoles":["ADMIN"],"role":"WAITER","timestamp":"2026-08-14 16:53:38","userId":39}
{"level":"warn","message":"Access denied","method":"POST","path":"/api/orders","requiredRoles":["ADMIN","MANAGER","CASHIER","WAITER"],"role":"KITCHEN","timestamp":"2026-08-14 16:53:38","userId":44}
{"endpoint":"full","level":"info","message":"Dashboard Request","queryRestaurantId":null,"restaurantId":1,"role":"ADMIN","timestamp":"2026-08-14 16:53:42","userId":31}
{"level":"warn","message":"Access denied","method":"POST","path":"/api/users","requiredRoles":["ADMIN"],"role":"CASHIER","timestamp":"2026-08-14 16:53:50","userId":194}
{"level":"warn","message":"Access denied","method":"GET","path":"/api/super-admin/restaurants","requiredRoles":["SUPER_ADMIN"],"role":"ADMIN","timestamp":"2026-08-14 16:53:52","userId":31}
{"endpoint":"full","level":"info","message":"Dashboard Request","queryRestaurantId":null,"restaurantId":37,"role":"ADMIN","timestamp":"2026-08-14 16:53:54","userId":197}
{"level":"error","message":"Expected property name or '}' in JSON at position 1 (line 1 column 2)","method":"POST","path":"/api/orders","role":null,"stack":"SyntaxError: Expected property name or '}' in JSON at position 1 (line 1 column 2)\n    at JSON.parse (<anonymous>)\n    at parse (C:\\POS System\\restaurant-pos-backend\\node_modules\\body-parser\\lib\\types\\json.js:91:21)\n    at C:\\POS System\\restaurant-pos-backend\\node_modules\\body-parser\\lib\\read.js:162:18\n    at AsyncResource.runInAsyncScope (node:async_hooks:227:14)\n    at invokeCallback (C:\\POS System\\restaurant-pos-backend\\node_modules\\raw-body\\index.js:238:16)\n    at done (C:\\POS System\\restaurant-pos-backend\\node_modules\\raw-body\\index.js:227:7)\n    at IncomingMessage.onEnd (C:\\POS System\\restaurant-pos-backend\\node_modules\\raw-body\\index.js:287:7)\n    at IncomingMessage.emit (node:events:509:28)\n    at endReadableNT (node:internal/streams/readable:1729:12)\n    at process.processTicksAndRejections (node:internal/process/task_queues:90:21)","timestamp":"2026-08-14 16:53:55","userId":null}
{"level":"warn","message":"Access denied","method":"DELETE","path":"/api/orders/999999","requiredRoles":["ADMIN"],"role":"WAITER","timestamp":"2026-08-14 16:54:10","userId":39}
{"level":"warn","message":"Access denied","method":"POST","path":"/api/orders","requiredRoles":["ADMIN","MANAGER","CASHIER","WAITER"],"role":"KITCHEN","timestamp":"2026-08-14 16:54:10","userId":44}
{"endpoint":"full","level":"info","message":"Dashboard Request","queryRestaurantId":null,"restaurantId":1,"role":"ADMIN","timestamp":"2026-08-14 16:54:13","userId":31}
{"level":"warn","message":"Access denied","method":"POST","path":"/api/users","requiredRoles":["ADMIN"],"role":"CASHIER","timestamp":"2026-08-14 16:54:22","userId":200}
{"level":"warn","message":"Access denied","method":"GET","path":"/api/super-admin/restaurants","requiredRoles":["SUPER_ADMIN"],"role":"ADMIN","timestamp":"2026-08-14 16:54:25","userId":31}
{"endpoint":"full","level":"info","message":"Dashboard Request","queryRestaurantId":null,"restaurantId":38,"role":"ADMIN","timestamp":"2026-08-14 16:54:26","userId":203}
{"level":"error","message":"Expected property name or '}' in JSON at position 1 (line 1 column 2)","method":"POST","path":"/api/orders","role":null,"stack":"SyntaxError: Expected property name or '}' in JSON at position 1 (line 1 column 2)\n    at JSON.parse (<anonymous>)\n    at parse (C:\\POS System\\restaurant-pos-backend\\node_modules\\body-parser\\lib\\types\\json.js:91:21)\n    at C:\\POS System\\restaurant-pos-backend\\node_modules\\body-parser\\lib\\read.js:162:18\n    at AsyncResource.runInAsyncScope (node:async_hooks:227:14)\n    at invokeCallback (C:\\POS System\\restaurant-pos-backend\\node_modules\\raw-body\\index.js:238:16)\n    at done (C:\\POS System\\restaurant-pos-backend\\node_modules\\raw-body\\index.js:227:7)\n    at IncomingMessage.onEnd (C:\\POS System\\restaurant-pos-backend\\node_modules\\raw-body\\index.js:287:7)\n    at IncomingMessage.emit (node:events:509:28)\n    at endReadableNT (node:internal/streams/readable:1729:12)\n    at process.processTicksAndRejections (node:internal/process/task_queues:90:21)","timestamp":"2026-08-14 16:54:27","userId":null}
{"level":"warn","message":"Access denied","method":"DELETE","path":"/api/orders/999999","requiredRoles":["ADMIN"],"role":"WAITER","timestamp":"2026-08-14 16:54:36","userId":39}
{"level":"warn","message":"Access denied","method":"POST","path":"/api/orders","requiredRoles":["ADMIN","MANAGER","CASHIER","WAITER"],"role":"KITCHEN","timestamp":"2026-08-14 16:54:36","userId":44}
{"endpoint":"full","level":"info","message":"Dashboard Request","queryRestaurantId":null,"restaurantId":1,"role":"ADMIN","timestamp":"2026-08-14 16:54:41","userId":31}
{"level":"warn","message":"Access denied","method":"POST","path":"/api/users","requiredRoles":["ADMIN"],"role":"CASHIER","timestamp":"2026-08-14 16:54:50","userId":205}
{"level":"warn","message":"Access denied","method":"GET","path":"/api/super-admin/restaurants","requiredRoles":["SUPER_ADMIN"],"role":"ADMIN","timestamp":"2026-08-14 16:54:52","userId":31}
{"endpoint":"full","level":"info","message":"Dashboard Request","queryRestaurantId":null,"restaurantId":39,"role":"ADMIN","timestamp":"2026-08-14 16:54:53","userId":208}
{"level":"error","message":"Expected property name or '}' in JSON at position 1 (line 1 column 2)","method":"POST","path":"/api/orders","role":null,"stack":"SyntaxError: Expected property name or '}' in JSON at position 1 (line 1 column 2)\n    at JSON.parse (<anonymous>)\n    at parse (C:\\POS System\\restaurant-pos-backend\\node_modules\\body-parser\\lib\\types\\json.js:91:21)\n    at C:\\POS System\\restaurant-pos-backend\\node_modules\\body-parser\\lib\\read.js:162:18\n    at AsyncResource.runInAsyncScope (node:async_hooks:227:14)\n    at invokeCallback (C:\\POS System\\restaurant-pos-backend\\node_modules\\raw-body\\index.js:238:16)\n    at done (C:\\POS System\\restaurant-pos-backend\\node_modules\\raw-body\\index.js:227:7)\n    at IncomingMessage.onEnd (C:\\POS System\\restaurant-pos-backend\\node_modules\\raw-body\\index.js:287:7)\n    at IncomingMessage.emit (node:events:509:28)\n    at endReadableNT (node:internal/streams/readable:1729:12)\n    at process.processTicksAndRejections (node:internal/process/task_queues:90:21)","timestamp":"2026-08-14 16:54:54","userId":null}
{"level":"warn","message":"Access denied","method":"DELETE","path":"/api/orders/999999","requiredRoles":["ADMIN"],"role":"WAITER","timestamp":"2026-08-14 16:55:04","userId":39}
{"level":"warn","message":"Access denied","method":"POST","path":"/api/orders","requiredRoles":["ADMIN","MANAGER","CASHIER","WAITER"],"role":"KITCHEN","timestamp":"2026-08-14 16:55:04","userId":44}
{"endpoint":"full","level":"info","message":"Dashboard Request","queryRestaurantId":null,"restaurantId":1,"role":"ADMIN","timestamp":"2026-08-14 16:55:07","userId":31}
{"level":"warn","message":"Access denied","method":"POST","path":"/api/users","requiredRoles":["ADMIN"],"role":"CASHIER","timestamp":"2026-08-14 16:55:16","userId":210}
{"level":"warn","message":"Access denied","method":"GET","path":"/api/super-admin/restaurants","requiredRoles":["SUPER_ADMIN"],"role":"ADMIN","timestamp":"2026-08-14 16:55:19","userId":31}
{"endpoint":"full","level":"info","message":"Dashboard Request","queryRestaurantId":null,"restaurantId":40,"role":"ADMIN","timestamp":"2026-08-14 16:55:20","userId":213}
{"level":"error","message":"Expected property name or '}' in JSON at position 1 (line 1 column 2)","method":"POST","path":"/api/orders","role":null,"stack":"SyntaxError: Expected property name or '}' in JSON at position 1 (line 1 column 2)\n    at JSON.parse (<anonymous>)\n    at parse (C:\\POS System\\restaurant-pos-backend\\node_modules\\body-parser\\lib\\types\\json.js:91:21)\n    at C:\\POS System\\restaurant-pos-backend\\node_modules\\body-parser\\lib\\read.js:162:18\n    at AsyncResource.runInAsyncScope (node:async_hooks:227:14)\n    at invokeCallback (C:\\POS System\\restaurant-pos-backend\\node_modules\\raw-body\\index.js:238:16)\n    at done (C:\\POS System\\restaurant-pos-backend\\node_modules\\raw-body\\index.js:227:7)\n    at IncomingMessage.onEnd (C:\\POS System\\restaurant-pos-backend\\node_modules\\raw-body\\index.js:287:7)\n    at IncomingMessage.emit (node:events:509:28)\n    at endReadableNT (node:internal/streams/readable:1729:12)\n    at process.processTicksAndRejections (node:internal/process/task_queues:90:21)","timestamp":"2026-08-14 16:55:21","userId":null}
{"level":"warn","message":"Access denied","method":"DELETE","path":"/api/orders/999999","requiredRoles":["ADMIN"],"role":"WAITER","timestamp":"2026-08-14 16:56:40","userId":39}
{"level":"warn","message":"Access denied","method":"POST","path":"/api/orders","requiredRoles":["ADMIN","MANAGER","CASHIER","WAITER"],"role":"KITCHEN","timestamp":"2026-08-14 16:56:40","userId":44}
{"endpoint":"full","level":"info","message":"Dashboard Request","queryRestaurantId":null,"restaurantId":1,"role":"ADMIN","timestamp":"2026-08-14 16:56:43","userId":31}
{"level":"warn","message":"Access denied","method":"POST","path":"/api/users","requiredRoles":["ADMIN"],"role":"CASHIER","timestamp":"2026-08-14 16:56:53","userId":215}
{"level":"warn","message":"Access denied","method":"GET","path":"/api/super-admin/restaurants","requiredRoles":["SUPER_ADMIN"],"role":"ADMIN","timestamp":"2026-08-14 16:56:55","userId":31}
{"endpoint":"full","level":"info","message":"Dashboard Request","queryRestaurantId":null,"restaurantId":41,"role":"ADMIN","timestamp":"2026-08-14 16:56:56","userId":218}
{"level":"error","message":"Expected property name or '}' in JSON at position 1 (line 1 column 2)","method":"POST","path":"/api/orders","role":null,"stack":"SyntaxError: Expected property name or '}' in JSON at position 1 (line 1 column 2)\n    at JSON.parse (<anonymous>)\n    at parse (C:\\POS System\\restaurant-pos-backend\\node_modules\\body-parser\\lib\\types\\json.js:91:21)\n    at C:\\POS System\\restaurant-pos-backend\\node_modules\\body-parser\\lib\\read.js:162:18\n    at AsyncResource.runInAsyncScope (node:async_hooks:227:14)\n    at invokeCallback (C:\\POS System\\restaurant-pos-backend\\node_modules\\raw-body\\index.js:238:16)\n    at done (C:\\POS System\\restaurant-pos-backend\\node_modules\\raw-body\\index.js:227:7)\n    at IncomingMessage.onEnd (C:\\POS System\\restaurant-pos-backend\\node_modules\\raw-body\\index.js:287:7)\n    at IncomingMessage.emit (node:events:509:28)\n    at endReadableNT (node:internal/streams/readable:1729:12)\n    at process.processTicksAndRejections (node:internal/process/task_queues:90:21)","timestamp":"2026-08-14 16:56:57","userId":null}
{"endpoint":"full","level":"info","message":"Dashboard Request","queryRestaurantId":null,"restaurantId":9,"role":"ADMIN","timestamp":"2026-08-14 16:58:56","userId":52}
{"level":"warn","message":"Access denied","method":"DELETE","path":"/api/orders/999999","requiredRoles":["ADMIN"],"role":"WAITER","timestamp":"2026-08-14 17:22:29","userId":39}
{"level":"warn","message":"Access denied","method":"POST","path":"/api/orders","requiredRoles":["ADMIN","MANAGER","CASHIER","WAITER"],"role":"KITCHEN","timestamp":"2026-08-14 17:22:29","userId":44}
{"endpoint":"full","level":"info","message":"Dashboard Request","queryRestaurantId":null,"restaurantId":1,"role":"ADMIN","timestamp":"2026-08-14 17:22:31","userId":31}
{"level":"warn","message":"Access denied","method":"POST","path":"/api/users","requiredRoles":["ADMIN"],"role":"CASHIER","timestamp":"2026-08-14 17:22:37","userId":223}
{"level":"warn","message":"Access denied","method":"GET","path":"/api/super-admin/restaurants","requiredRoles":["SUPER_ADMIN"],"role":"ADMIN","timestamp":"2026-08-14 17:22:38","userId":31}
{"endpoint":"full","level":"info","message":"Dashboard Request","queryRestaurantId":null,"restaurantId":44,"role":"ADMIN","timestamp":"2026-08-14 17:22:39","userId":226}
{"level":"error","message":"Expected property name or '}' in JSON at position 1 (line 1 column 2)","method":"POST","path":"/api/orders","role":null,"stack":"SyntaxError: Expected property name or '}' in JSON at position 1 (line 1 column 2)\n    at JSON.parse (<anonymous>)\n    at parse (C:\\POS System\\restaurant-pos-backend\\node_modules\\body-parser\\lib\\types\\json.js:91:21)\n    at C:\\POS System\\restaurant-pos-backend\\node_modules\\body-parser\\lib\\read.js:162:18\n    at AsyncResource.runInAsyncScope (node:async_hooks:227:14)\n    at invokeCallback (C:\\POS System\\restaurant-pos-backend\\node_modules\\raw-body\\index.js:238:16)\n    at done (C:\\POS System\\restaurant-pos-backend\\node_modules\\raw-body\\index.js:227:7)\n    at IncomingMessage.onEnd (C:\\POS System\\restaurant-pos-backend\\node_modules\\raw-body\\index.js:287:7)\n    at IncomingMessage.emit (node:events:509:28)\n    at endReadableNT (node:internal/streams/readable:1729:12)\n    at process.processTicksAndRejections (node:internal/process/task_queues:90:21)","timestamp":"2026-08-14 17:22:40","userId":null}
{"endpoint":"full","level":"info","message":"Dashboard Request","queryRestaurantId":null,"restaurantId":9,"role":"ADMIN","timestamp":"2026-08-14 17:25:28","userId":52}
{"endpoint":"full","level":"info","message":"Dashboard Request","queryRestaurantId":null,"restaurantId":9,"role":"ADMIN","timestamp":"2026-08-14 17:28:17","userId":52}
{"level":"info","message":"Server running on http://localhost:5001","timestamp":"2026-08-14 17:40:02"}
{"level":"info","message":"Server running on http://localhost:5001","timestamp":"2026-08-14 17:41:54"}
{"level":"warn","message":"Access denied","method":"DELETE","path":"/api/orders/999999","requiredRoles":["ADMIN"],"role":"WAITER","timestamp":"2026-08-14 17:42:07","userId":39}
{"level":"warn","message":"Access denied","method":"POST","path":"/api/orders","requiredRoles":["ADMIN","MANAGER","CASHIER","WAITER"],"role":"KITCHEN","timestamp":"2026-08-14 17:42:07","userId":44}
{"endpoint":"full","level":"info","message":"Dashboard Request","queryRestaurantId":null,"restaurantId":1,"role":"ADMIN","timestamp":"2026-08-14 17:42:08","userId":31}
{"level":"warn","message":"Access denied","method":"POST","path":"/api/users","requiredRoles":["ADMIN"],"role":"CASHIER","timestamp":"2026-08-14 17:42:12","userId":234}
{"level":"warn","message":"Access denied","method":"GET","path":"/api/super-admin/restaurants","requiredRoles":["SUPER_ADMIN"],"role":"ADMIN","timestamp":"2026-08-14 17:42:13","userId":31}
{"endpoint":"full","level":"info","message":"Dashboard Request","queryRestaurantId":null,"restaurantId":51,"role":"ADMIN","timestamp":"2026-08-14 17:42:14","userId":237}
{"level":"error","message":"Expected property name or '}' in JSON at position 1 (line 1 column 2)","method":"POST","path":"/api/orders","role":null,"stack":"SyntaxError: Expected property name or '}' in JSON at position 1 (line 1 column 2)\n    at JSON.parse (<anonymous>)\n    at parse (C:\\POS System\\restaurant-pos-backend\\node_modules\\body-parser\\lib\\types\\json.js:91:21)\n    at C:\\POS System\\restaurant-pos-backend\\node_modules\\body-parser\\lib\\read.js:162:18\n    at AsyncResource.runInAsyncScope (node:async_hooks:227:14)\n    at invokeCallback (C:\\POS System\\restaurant-pos-backend\\node_modules\\raw-body\\index.js:238:16)\n    at done (C:\\POS System\\restaurant-pos-backend\\node_modules\\raw-body\\index.js:227:7)\n    at IncomingMessage.onEnd (C:\\POS System\\restaurant-pos-backend\\node_modules\\raw-body\\index.js:287:7)\n    at IncomingMessage.emit (node:events:509:28)\n    at endReadableNT (node:internal/streams/readable:1729:12)\n    at process.processTicksAndRejections (node:internal/process/task_queues:90:21)","timestamp":"2026-08-14 17:42:14","userId":null}
{"level":"warn","message":"Access denied","method":"DELETE","path":"/api/orders/999999","requiredRoles":["ADMIN"],"role":"WAITER","timestamp":"2026-08-14 17:43:52","userId":39}
{"level":"warn","message":"Access denied","method":"POST","path":"/api/orders","requiredRoles":["ADMIN","MANAGER","CASHIER","WAITER"],"role":"KITCHEN","timestamp":"2026-08-14 17:43:52","userId":44}
{"endpoint":"full","level":"info","message":"Dashboard Request","queryRestaurantId":null,"restaurantId":1,"role":"ADMIN","timestamp":"2026-08-14 17:43:54","userId":31}
{"level":"warn","message":"Access denied","method":"POST","path":"/api/users","requiredRoles":["ADMIN"],"role":"CASHIER","timestamp":"2026-08-14 17:43:58","userId":240}
{"level":"warn","message":"Access denied","method":"GET","path":"/api/super-admin/restaurants","requiredRoles":["SUPER_ADMIN"],"role":"ADMIN","timestamp":"2026-08-14 17:43:59","userId":31}
{"endpoint":"full","level":"info","message":"Dashboard Request","queryRestaurantId":null,"restaurantId":52,"role":"ADMIN","timestamp":"2026-08-14 17:43:59","userId":243}
{"level":"error","message":"Expected property name or '}' in JSON at position 1 (line 1 column 2)","method":"POST","path":"/api/orders","role":null,"stack":"SyntaxError: Expected property name or '}' in JSON at position 1 (line 1 column 2)\n    at JSON.parse (<anonymous>)\n    at parse (C:\\POS System\\restaurant-pos-backend\\node_modules\\body-parser\\lib\\types\\json.js:91:21)\n    at C:\\POS System\\restaurant-pos-backend\\node_modules\\body-parser\\lib\\read.js:162:18\n    at AsyncResource.runInAsyncScope (node:async_hooks:227:14)\n    at invokeCallback (C:\\POS System\\restaurant-pos-backend\\node_modules\\raw-body\\index.js:238:16)\n    at done (C:\\POS System\\restaurant-pos-backend\\node_modules\\raw-body\\index.js:227:7)\n    at IncomingMessage.onEnd (C:\\POS System\\restaurant-pos-backend\\node_modules\\raw-body\\index.js:287:7)\n    at IncomingMessage.emit (node:events:509:28)\n    at endReadableNT (node:internal/streams/readable:1729:12)\n    at process.processTicksAndRejections (node:internal/process/task_queues:90:21)","timestamp":"2026-08-14 17:44:00","userId":null}
{"endpoint":"full","level":"info","message":"Dashboard Request","queryRestaurantId":null,"restaurantId":9,"role":"ADMIN","timestamp":"2026-08-14 17:45:24","userId":52}
{"endpoint":"full","level":"info","message":"Dashboard Request","queryRestaurantId":null,"restaurantId":9,"role":"ADMIN","timestamp":"2026-08-14 17:46:37","userId":52}
{"endpoint":"full","level":"info","message":"Dashboard Request","queryRestaurantId":null,"restaurantId":9,"role":"ADMIN","timestamp":"2026-08-14 17:47:35","userId":52}
{"endpoint":"full","level":"info","message":"Dashboard Request","queryRestaurantId":null,"restaurantId":9,"role":"ADMIN","timestamp":"2026-08-14 17:47:46","userId":52}
{"endpoint":"full","level":"info","message":"Dashboard Request","queryRestaurantId":null,"restaurantId":9,"role":"ADMIN","timestamp":"2026-08-14 17:55:31","userId":52}
{"endpoint":"full","level":"info","message":"Dashboard Request","queryRestaurantId":null,"restaurantId":1,"role":"ADMIN","timestamp":"2026-08-14 18:03:33","userId":31}
{"endpoint":"full","level":"info","message":"Dashboard Request","queryRestaurantId":null,"restaurantId":1,"role":"ADMIN","timestamp":"2026-08-14 18:04:12","userId":31}
{"endpoint":"full","level":"info","message":"Dashboard Request","queryRestaurantId":null,"restaurantId":1,"role":"ADMIN","timestamp":"2026-08-14 18:04:30","userId":31}
{"endpoint":"full","level":"info","message":"Dashboard Request","queryRestaurantId":null,"restaurantId":1,"role":"ADMIN","timestamp":"2026-08-14 18:08:05","userId":31}
{"endpoint":"full","level":"info","message":"Dashboard Request","queryRestaurantId":null,"restaurantId":1,"role":"ADMIN","timestamp":"2026-08-14 18:08:07","userId":31}
{"endpoint":"full","level":"info","message":"Dashboard Request","queryRestaurantId":null,"restaurantId":1,"role":"ADMIN","timestamp":"2026-08-14 18:08:30","userId":31}
{"endpoint":"full","level":"info","message":"Dashboard Request","queryRestaurantId":null,"restaurantId":1,"role":"ADMIN","timestamp":"2026-08-14 18:08:32","userId":31}
{"endpoint":"full","level":"info","message":"Dashboard Request","queryRestaurantId":null,"restaurantId":1,"role":"ADMIN","timestamp":"2026-08-14 18:08:55","userId":31}
{"endpoint":"full","level":"info","message":"Dashboard Request","queryRestaurantId":null,"restaurantId":1,"role":"ADMIN","timestamp":"2026-08-14 18:08:58","userId":31}
{"endpoint":"full","level":"info","message":"Dashboard Request","queryRestaurantId":null,"restaurantId":1,"role":"ADMIN","timestamp":"2026-08-14 18:15:00","userId":31}
{"endpoint":"full","level":"info","message":"Dashboard Request","queryRestaurantId":null,"restaurantId":1,"role":"ADMIN","timestamp":"2026-08-14 18:15:26","userId":31}
{"endpoint":"full","level":"info","message":"Dashboard Request","queryRestaurantId":null,"restaurantId":1,"role":"ADMIN","timestamp":"2026-08-14 18:15:52","userId":31}
{"endpoint":"full","level":"info","message":"Dashboard Request","queryRestaurantId":null,"restaurantId":1,"role":"ADMIN","timestamp":"2026-08-14 18:16:15","userId":31}
{"endpoint":"full","level":"info","message":"Dashboard Request","queryRestaurantId":null,"restaurantId":9,"role":"ADMIN","timestamp":"2026-08-14 18:21:23","userId":52}
{"endpoint":"full","level":"info","message":"Dashboard Request","queryRestaurantId":null,"restaurantId":9,"role":"ADMIN","timestamp":"2026-08-14 18:25:54","userId":52}
{"endpoint":"full","level":"info","message":"Dashboard Request","queryRestaurantId":null,"restaurantId":9,"role":"ADMIN","timestamp":"2026-08-14 18:26:25","userId":52}
{"endpoint":"full","level":"info","message":"Dashboard Request","queryRestaurantId":null,"restaurantId":9,"role":"ADMIN","timestamp":"2026-08-14 18:26:55","userId":52}
{"endpoint":"full","level":"info","message":"Dashboard Request","queryRestaurantId":null,"restaurantId":9,"role":"ADMIN","timestamp":"2026-08-14 18:27:25","userId":52}
{"level":"info","message":"Server running on http://localhost:5001","timestamp":"2026-08-14 18:28:32"}
{"endpoint":"full","level":"info","message":"Dashboard Request","queryRestaurantId":null,"restaurantId":9,"role":"ADMIN","timestamp":"2026-08-14 18:28:56","userId":52}
{"level":"warn","message":"Access denied","method":"POST","path":"/api/subscriptions/checkout","requiredRoles":["ADMIN"],"role":"CASHIER","timestamp":"2026-08-14 18:29:11","userId":35}
{"level":"info","message":"Server running on http://localhost:5001","timestamp":"2026-08-14 18:29:30"}
{"endpoint":"full","level":"info","message":"Dashboard Request","queryRestaurantId":null,"restaurantId":9,"role":"ADMIN","timestamp":"2026-08-14 18:29:30","userId":52}
{"level":"warn","message":"Access denied","method":"DELETE","path":"/api/orders/999999","requiredRoles":["ADMIN"],"role":"WAITER","timestamp":"2026-08-14 18:29:53","userId":39}
{"level":"warn","message":"Access denied","method":"POST","path":"/api/orders","requiredRoles":["ADMIN","MANAGER","CASHIER","WAITER"],"role":"KITCHEN","timestamp":"2026-08-14 18:29:53","userId":44}
{"endpoint":"full","level":"info","message":"Dashboard Request","queryRestaurantId":null,"restaurantId":1,"role":"ADMIN","timestamp":"2026-08-14 18:29:55","userId":31}
{"endpoint":"full","level":"info","message":"Dashboard Request","queryRestaurantId":null,"restaurantId":9,"role":"ADMIN","timestamp":"2026-08-14 18:29:58","userId":52}
{"level":"warn","message":"Access denied","method":"POST","path":"/api/users","requiredRoles":["ADMIN"],"role":"CASHIER","timestamp":"2026-08-14 18:29:59","userId":250}
{"level":"warn","message":"Access denied","method":"GET","path":"/api/super-admin/restaurants","requiredRoles":["SUPER_ADMIN"],"role":"ADMIN","timestamp":"2026-08-14 18:30:00","userId":31}
{"endpoint":"full","level":"info","message":"Dashboard Request","queryRestaurantId":null,"restaurantId":57,"role":"ADMIN","timestamp":"2026-08-14 18:30:01","userId":253}
{"level":"error","message":"Expected property name or '}' in JSON at position 1 (line 1 column 2)","method":"POST","path":"/api/orders","role":null,"stack":"SyntaxError: Expected property name or '}' in JSON at position 1 (line 1 column 2)\n    at JSON.parse (<anonymous>)\n    at parse (C:\\POS System\\restaurant-pos-backend\\node_modules\\body-parser\\lib\\types\\json.js:91:21)\n    at C:\\POS System\\restaurant-pos-backend\\node_modules\\body-parser\\lib\\read.js:162:18\n    at AsyncResource.runInAsyncScope (node:async_hooks:227:14)\n    at invokeCallback (C:\\POS System\\restaurant-pos-backend\\node_modules\\raw-body\\index.js:238:16)\n    at done (C:\\POS System\\restaurant-pos-backend\\node_modules\\raw-body\\index.js:227:7)\n    at IncomingMessage.onEnd (C:\\POS System\\restaurant-pos-backend\\node_modules\\raw-body\\index.js:287:7)\n    at IncomingMessage.emit (node:events:509:28)\n    at endReadableNT (node:internal/streams/readable:1729:12)\n    at process.processTicksAndRejections (node:internal/process/task_queues:90:21)","timestamp":"2026-08-14 18:30:02","userId":null}
{"level":"warn","message":"Access denied","method":"DELETE","path":"/api/orders/999999","requiredRoles":["ADMIN"],"role":"WAITER","timestamp":"2026-08-14 18:30:10","userId":39}
{"level":"warn","message":"Access denied","method":"POST","path":"/api/orders","requiredRoles":["ADMIN","MANAGER","CASHIER","WAITER"],"role":"KITCHEN","timestamp":"2026-08-14 18:30:10","userId":44}
{"endpoint":"full","level":"info","message":"Dashboard Request","queryRestaurantId":null,"restaurantId":1,"role":"ADMIN","timestamp":"2026-08-14 18:30:12","userId":31}
{"level":"warn","message":"Access denied","method":"POST","path":"/api/users","requiredRoles":["ADMIN"],"role":"CASHIER","timestamp":"2026-08-14 18:30:16","userId":256}
{"level":"warn","message":"Access denied","method":"GET","path":"/api/super-admin/restaurants","requiredRoles":["SUPER_ADMIN"],"role":"ADMIN","timestamp":"2026-08-14 18:30:17","userId":31}
{"endpoint":"full","level":"info","message":"Dashboard Request","queryRestaurantId":null,"restaurantId":58,"role":"ADMIN","timestamp":"2026-08-14 18:30:18","userId":259}
{"level":"error","message":"Expected property name or '}' in JSON at position 1 (line 1 column 2)","method":"POST","path":"/api/orders","role":null,"stack":"SyntaxError: Expected property name or '}' in JSON at position 1 (line 1 column 2)\n    at JSON.parse (<anonymous>)\n    at parse (C:\\POS System\\restaurant-pos-backend\\node_modules\\body-parser\\lib\\types\\json.js:91:21)\n    at C:\\POS System\\restaurant-pos-backend\\node_modules\\body-parser\\lib\\read.js:162:18\n    at AsyncResource.runInAsyncScope (node:async_hooks:227:14)\n    at invokeCallback (C:\\POS System\\restaurant-pos-backend\\node_modules\\raw-body\\index.js:238:16)\n    at done (C:\\POS System\\restaurant-pos-backend\\node_modules\\raw-body\\index.js:227:7)\n    at IncomingMessage.onEnd (C:\\POS System\\restaurant-pos-backend\\node_modules\\raw-body\\index.js:287:7)\n    at IncomingMessage.emit (node:events:509:28)\n    at endReadableNT (node:internal/streams/readable:1729:12)\n    at process.processTicksAndRejections (node:internal/process/task_queues:90:21)","timestamp":"2026-08-14 18:30:18","userId":null}
{"endpoint":"full","level":"info","message":"Dashboard Request","queryRestaurantId":null,"restaurantId":9,"role":"ADMIN","timestamp":"2026-08-14 18:30:28","userId":52}
{"endpoint":"full","level":"info","message":"Dashboard Request","queryRestaurantId":null,"restaurantId":9,"role":"ADMIN","timestamp":"2026-08-14 18:30:59","userId":52}
{"endpoint":"full","level":"info","message":"Dashboard Request","queryRestaurantId":null,"restaurantId":9,"role":"ADMIN","timestamp":"2026-08-14 18:31:29","userId":52}
{"endpoint":"full","level":"info","message":"Dashboard Request","queryRestaurantId":null,"restaurantId":9,"role":"ADMIN","timestamp":"2026-08-14 18:31:59","userId":52}
{"endpoint":"full","level":"info","message":"Dashboard Request","queryRestaurantId":null,"restaurantId":9,"role":"ADMIN","timestamp":"2026-08-14 18:32:29","userId":52}
{"endpoint":"full","level":"info","message":"Dashboard Request","queryRestaurantId":null,"restaurantId":9,"role":"ADMIN","timestamp":"2026-08-14 18:33:00","userId":52}
{"endpoint":"full","level":"info","message":"Dashboard Request","queryRestaurantId":null,"restaurantId":1,"role":"ADMIN","timestamp":"2026-08-14 18:33:15","userId":31}
{"endpoint":"full","level":"info","message":"Dashboard Request","queryRestaurantId":null,"restaurantId":9,"role":"ADMIN","timestamp":"2026-08-14 18:33:29","userId":52}
{"endpoint":"full","level":"info","message":"Dashboard Request","queryRestaurantId":null,"restaurantId":9,"role":"ADMIN","timestamp":"2026-08-14 18:34:00","userId":52}
{"endpoint":"full","level":"info","message":"Dashboard Request","queryRestaurantId":null,"restaurantId":9,"role":"ADMIN","timestamp":"2026-08-14 18:34:30","userId":52}
{"endpoint":"full","level":"info","message":"Dashboard Request","queryRestaurantId":null,"restaurantId":9,"role":"ADMIN","timestamp":"2026-08-14 18:35:00","userId":52}
{"endpoint":"full","level":"info","message":"Dashboard Request","queryRestaurantId":null,"restaurantId":9,"role":"ADMIN","timestamp":"2026-08-14 18:35:30","userId":52}
{"level":"info","message":"Server running on http://localhost:5001","timestamp":"2026-08-14 18:35:55"}
{"endpoint":"full","level":"info","message":"Dashboard Request","queryRestaurantId":null,"restaurantId":9,"role":"ADMIN","timestamp":"2026-08-14 18:36:01","userId":52}
{"level":"info","message":"Server running on http://localhost:5001","timestamp":"2026-08-14 18:36:09"}
{"level":"info","message":"Server running on http://localhost:5001","timestamp":"2026-08-14 18:36:16"}
{"level":"info","message":"Server running on http://localhost:5001","timestamp":"2026-08-14 18:36:24"}
{"endpoint":"full","level":"info","message":"Dashboard Request","queryRestaurantId":null,"restaurantId":9,"role":"ADMIN","timestamp":"2026-08-14 18:36:32","userId":52}
{"level":"info","message":"Server running on http://localhost:5001","timestamp":"2026-08-14 18:36:37"}
{"level":"warn","message":"Access denied","method":"DELETE","path":"/api/orders/999999","requiredRoles":["ADMIN"],"role":"WAITER","timestamp":"2026-08-14 18:36:43","userId":39}
{"level":"warn","message":"Access denied","method":"POST","path":"/api/orders","requiredRoles":["ADMIN","MANAGER","CASHIER","WAITER"],"role":"KITCHEN","timestamp":"2026-08-14 18:36:43","userId":44}
{"endpoint":"full","level":"info","message":"Dashboard Request","queryRestaurantId":null,"restaurantId":1,"role":"ADMIN","timestamp":"2026-08-14 18:36:44","userId":31}
{"level":"warn","message":"Access denied","method":"POST","path":"/api/users","requiredRoles":["ADMIN"],"role":"CASHIER","timestamp":"2026-08-14 18:36:49","userId":261}
{"level":"warn","message":"Access denied","method":"GET","path":"/api/super-admin/restaurants","requiredRoles":["SUPER_ADMIN"],"role":"ADMIN","timestamp":"2026-08-14 18:36:50","userId":31}
{"endpoint":"full","level":"info","message":"Dashboard Request","queryRestaurantId":null,"restaurantId":59,"role":"ADMIN","timestamp":"2026-08-14 18:36:50","userId":264}
{"level":"error","message":"Expected property name or '}' in JSON at position 1 (line 1 column 2)","method":"POST","path":"/api/orders","role":null,"stack":"SyntaxError: Expected property name or '}' in JSON at position 1 (line 1 column 2)\n    at JSON.parse (<anonymous>)\n    at parse (C:\\POS System\\restaurant-pos-backend\\node_modules\\body-parser\\lib\\types\\json.js:91:21)\n    at C:\\POS System\\restaurant-pos-backend\\node_modules\\body-parser\\lib\\read.js:162:18\n    at AsyncResource.runInAsyncScope (node:async_hooks:227:14)\n    at invokeCallback (C:\\POS System\\restaurant-pos-backend\\node_modules\\raw-body\\index.js:238:16)\n    at done (C:\\POS System\\restaurant-pos-backend\\node_modules\\raw-body\\index.js:227:7)\n    at IncomingMessage.onEnd (C:\\POS System\\restaurant-pos-backend\\node_modules\\raw-body\\index.js:287:7)\n    at IncomingMessage.emit (node:events:509:28)\n    at endReadableNT (node:internal/streams/readable:1729:12)\n    at process.processTicksAndRejections (node:internal/process/task_queues:90:21)","timestamp":"2026-08-14 18:36:51","userId":null}
{"endpoint":"full","level":"info","message":"Dashboard Request","queryRestaurantId":null,"restaurantId":9,"role":"ADMIN","timestamp":"2026-08-14 18:37:02","userId":52}
{"endpoint":"full","level":"info","message":"Dashboard Request","queryRestaurantId":null,"restaurantId":9,"role":"ADMIN","timestamp":"2026-08-14 18:37:32","userId":52}
{"level":"info","message":"Server running on http://localhost:5001","timestamp":"2026-08-14 18:37:50"}
{"endpoint":"full","level":"info","message":"Dashboard Request","queryRestaurantId":null,"restaurantId":9,"role":"ADMIN","timestamp":"2026-08-14 18:38:02","userId":52}
{"level":"info","message":"Server running on http://localhost:5001","timestamp":"2026-08-14 18:38:07"}
{"endpoint":"full","level":"info","message":"Dashboard Request","queryRestaurantId":null,"restaurantId":9,"role":"ADMIN","timestamp":"2026-08-14 18:38:33","userId":52}
{"endpoint":"full","level":"info","message":"Dashboard Request","queryRestaurantId":null,"restaurantId":9,"role":"ADMIN","timestamp":"2026-08-14 18:39:03","userId":52}
{"endpoint":"full","level":"info","message":"Dashboard Request","queryRestaurantId":null,"restaurantId":9,"role":"ADMIN","timestamp":"2026-08-14 18:39:33","userId":52}
{"endpoint":"full","level":"info","message":"Dashboard Request","queryRestaurantId":null,"restaurantId":9,"role":"ADMIN","timestamp":"2026-08-14 18:41:25","userId":52}
{"level":"info","message":"Server running on http://localhost:5001","timestamp":"2026-08-14 18:49:11"}
{"level":"info","message":"Server running on http://localhost:5001","timestamp":"2026-08-14 18:49:38"}
{"level":"info","message":"Server running on http://localhost:5001","timestamp":"2026-08-14 18:51:34"}
{"level":"warn","message":"Access denied","method":"DELETE","path":"/api/orders/999999","requiredRoles":["ADMIN"],"role":"WAITER","timestamp":"2026-08-14 18:51:51","userId":39}
{"level":"warn","message":"Access denied","method":"POST","path":"/api/orders","requiredRoles":["ADMIN","MANAGER","CASHIER","WAITER"],"role":"KITCHEN","timestamp":"2026-08-14 18:51:51","userId":44}
{"endpoint":"full","level":"info","message":"Dashboard Request","queryRestaurantId":null,"restaurantId":1,"role":"ADMIN","timestamp":"2026-08-14 18:51:53","userId":31}
{"level":"warn","message":"Access denied","method":"POST","path":"/api/users","requiredRoles":["ADMIN"],"role":"CASHIER","timestamp":"2026-08-14 18:51:58","userId":273}
{"level":"warn","message":"Access denied","method":"GET","path":"/api/super-admin/restaurants","requiredRoles":["SUPER_ADMIN"],"role":"ADMIN","timestamp":"2026-08-14 18:51:59","userId":31}
{"endpoint":"full","level":"info","message":"Dashboard Request","queryRestaurantId":null,"restaurantId":66,"role":"ADMIN","timestamp":"2026-08-14 18:51:59","userId":276}
{"level":"error","message":"Expected property name or '}' in JSON at position 1 (line 1 column 2)","method":"POST","path":"/api/orders","role":null,"stack":"SyntaxError: Expected property name or '}' in JSON at position 1 (line 1 column 2)\n    at JSON.parse (<anonymous>)\n    at parse (C:\\POS System\\restaurant-pos-backend\\node_modules\\body-parser\\lib\\types\\json.js:91:21)\n    at C:\\POS System\\restaurant-pos-backend\\node_modules\\body-parser\\lib\\read.js:162:18\n    at AsyncResource.runInAsyncScope (node:async_hooks:227:14)\n    at invokeCallback (C:\\POS System\\restaurant-pos-backend\\node_modules\\raw-body\\index.js:238:16)\n    at done (C:\\POS System\\restaurant-pos-backend\\node_modules\\raw-body\\index.js:227:7)\n    at IncomingMessage.onEnd (C:\\POS System\\restaurant-pos-backend\\node_modules\\raw-body\\index.js:287:7)\n    at IncomingMessage.emit (node:events:509:28)\n    at endReadableNT (node:internal/streams/readable:1729:12)\n    at process.processTicksAndRejections (node:internal/process/task_queues:90:21)","timestamp":"2026-08-14 18:52:00","userId":null}
{"endpoint":"full","level":"info","message":"Dashboard Request","queryRestaurantId":null,"restaurantId":1,"role":"ADMIN","timestamp":"2026-08-14 18:54:55","userId":31}
{"endpoint":"full","level":"info","message":"Dashboard Request","queryRestaurantId":null,"restaurantId":1,"role":"ADMIN","timestamp":"2026-08-14 18:55:21","userId":31}
{"endpoint":"full","level":"info","message":"Dashboard Request","queryRestaurantId":null,"restaurantId":1,"role":"ADMIN","timestamp":"2026-08-14 18:55:58","userId":31}
{"endpoint":"full","level":"info","message":"Dashboard Request","queryRestaurantId":null,"restaurantId":1,"role":"ADMIN","timestamp":"2026-08-14 18:56:22","userId":31}
{"endpoint":"full","level":"info","message":"Dashboard Request","queryRestaurantId":null,"restaurantId":1,"role":"ADMIN","timestamp":"2026-08-14 18:56:36","userId":31}
{"endpoint":"full","level":"info","message":"Dashboard Request","queryRestaurantId":null,"restaurantId":1,"role":"ADMIN","timestamp":"2026-08-14 18:56:38","userId":31}
{"endpoint":"full","level":"info","message":"Dashboard Request","queryRestaurantId":null,"restaurantId":1,"role":"ADMIN","timestamp":"2026-08-14 18:56:59","userId":31}
{"endpoint":"full","level":"info","message":"Dashboard Request","queryRestaurantId":null,"restaurantId":1,"role":"ADMIN","timestamp":"2026-08-14 18:57:13","userId":31}
{"endpoint":"full","level":"info","message":"Dashboard Request","queryRestaurantId":null,"restaurantId":1,"role":"ADMIN","timestamp":"2026-08-14 18:57:15","userId":31}
{"endpoint":"full","level":"info","message":"Dashboard Request","queryRestaurantId":null,"restaurantId":1,"role":"ADMIN","timestamp":"2026-08-14 18:57:31","userId":31}
{"endpoint":"full","level":"info","message":"Dashboard Request","queryRestaurantId":null,"restaurantId":1,"role":"ADMIN","timestamp":"2026-08-14 18:57:33","userId":31}
{"endpoint":"full","level":"info","message":"Dashboard Request","queryRestaurantId":null,"restaurantId":1,"role":"ADMIN","timestamp":"2026-08-14 18:57:42","userId":31}
{"endpoint":"full","level":"info","message":"Dashboard Request","queryRestaurantId":null,"restaurantId":1,"role":"ADMIN","timestamp":"2026-08-14 18:57:45","userId":31}
{"endpoint":"full","level":"info","message":"Dashboard Request","queryRestaurantId":null,"restaurantId":1,"role":"ADMIN","timestamp":"2026-08-14 18:57:58","userId":31}
{"endpoint":"full","level":"info","message":"Dashboard Request","queryRestaurantId":null,"restaurantId":1,"role":"ADMIN","timestamp":"2026-08-14 18:58:01","userId":31}
{"endpoint":"full","level":"info","message":"Dashboard Request","queryRestaurantId":null,"restaurantId":1,"role":"ADMIN","timestamp":"2026-08-14 18:58:16","userId":31}
{"endpoint":"full","level":"info","message":"Dashboard Request","queryRestaurantId":null,"restaurantId":1,"role":"ADMIN","timestamp":"2026-08-14 18:58:19","userId":31}
{"level":"warn","message":"Access denied","method":"DELETE","path":"/api/orders/999999","requiredRoles":["ADMIN"],"role":"WAITER","timestamp":"2026-08-14 18:58:41","userId":39}
{"level":"warn","message":"Access denied","method":"POST","path":"/api/orders","requiredRoles":["ADMIN","MANAGER","CASHIER","WAITER"],"role":"KITCHEN","timestamp":"2026-08-14 18:58:41","userId":44}
{"endpoint":"full","level":"info","message":"Dashboard Request","queryRestaurantId":null,"restaurantId":1,"role":"ADMIN","timestamp":"2026-08-14 18:58:45","userId":31}
{"level":"warn","message":"Access denied","method":"POST","path":"/api/users","requiredRoles":["ADMIN"],"role":"CASHIER","timestamp":"2026-08-14 18:58:54","userId":280}
{"level":"warn","message":"Access denied","method":"GET","path":"/api/super-admin/restaurants","requiredRoles":["SUPER_ADMIN"],"role":"ADMIN","timestamp":"2026-08-14 18:58:57","userId":31}
{"endpoint":"full","level":"info","message":"Dashboard Request","queryRestaurantId":null,"restaurantId":68,"role":"ADMIN","timestamp":"2026-08-14 18:58:58","userId":283}
{"level":"error","message":"Expected property name or '}' in JSON at position 1 (line 1 column 2)","method":"POST","path":"/api/orders","role":null,"stack":"SyntaxError: Expected property name or '}' in JSON at position 1 (line 1 column 2)\n    at JSON.parse (<anonymous>)\n    at parse (C:\\POS System\\restaurant-pos-backend\\node_modules\\body-parser\\lib\\types\\json.js:91:21)\n    at C:\\POS System\\restaurant-pos-backend\\node_modules\\body-parser\\lib\\read.js:162:18\n    at AsyncResource.runInAsyncScope (node:async_hooks:227:14)\n    at invokeCallback (C:\\POS System\\restaurant-pos-backend\\node_modules\\raw-body\\index.js:238:16)\n    at done (C:\\POS System\\restaurant-pos-backend\\node_modules\\raw-body\\index.js:227:7)\n    at IncomingMessage.onEnd (C:\\POS System\\restaurant-pos-backend\\node_modules\\raw-body\\index.js:287:7)\n    at IncomingMessage.emit (node:events:509:28)\n    at endReadableNT (node:internal/streams/readable:1729:12)\n    at process.processTicksAndRejections (node:internal/process/task_queues:90:21)","timestamp":"2026-08-14 18:58:59","userId":null}
{"level":"info","message":"Server running on http://localhost:5001","timestamp":"2026-08-14 18:59:38"}
{"endpoint":"full","level":"info","message":"Dashboard Request","queryRestaurantId":null,"restaurantId":9,"role":"ADMIN","timestamp":"2026-08-14 18:59:45","userId":52}
{"endpoint":"full","level":"info","message":"Dashboard Request","queryRestaurantId":null,"restaurantId":9,"role":"ADMIN","timestamp":"2026-08-14 19:00:15","userId":52}
{"endpoint":"full","level":"info","message":"Dashboard Request","queryRestaurantId":null,"restaurantId":9,"role":"ADMIN","timestamp":"2026-08-14 19:00:48","userId":52}
{"endpoint":"full","level":"info","message":"Dashboard Request","queryRestaurantId":null,"restaurantId":9,"role":"ADMIN","timestamp":"2026-08-14 19:00:58","userId":52}
{"level":"info","message":"Server running on http://localhost:5001","timestamp":"2026-08-14 19:16:33"}
{"level":"warn","message":"Access denied","method":"DELETE","path":"/api/orders/999999","requiredRoles":["ADMIN"],"role":"WAITER","timestamp":"2026-08-14 19:16:57","userId":39}
{"level":"warn","message":"Access denied","method":"POST","path":"/api/orders","requiredRoles":["ADMIN","MANAGER","CASHIER","WAITER"],"role":"KITCHEN","timestamp":"2026-08-14 19:16:57","userId":44}
{"endpoint":"full","level":"info","message":"Dashboard Request","queryRestaurantId":null,"restaurantId":1,"role":"ADMIN","timestamp":"2026-08-14 19:17:00","userId":31}
{"level":"warn","message":"Access denied","method":"POST","path":"/api/users","requiredRoles":["ADMIN"],"role":"CASHIER","timestamp":"2026-08-14 19:17:06","userId":288}
{"level":"warn","message":"Access denied","method":"GET","path":"/api/super-admin/restaurants","requiredRoles":["SUPER_ADMIN"],"role":"ADMIN","timestamp":"2026-08-14 19:17:07","userId":31}
{"endpoint":"full","level":"info","message":"Dashboard Request","queryRestaurantId":null,"restaurantId":71,"role":"ADMIN","timestamp":"2026-08-14 19:17:08","userId":291}
{"level":"error","message":"Expected property name or '}' in JSON at position 1 (line 1 column 2)","method":"POST","path":"/api/orders","role":null,"stack":"SyntaxError: Expected property name or '}' in JSON at position 1 (line 1 column 2)\n    at JSON.parse (<anonymous>)\n    at parse (C:\\POS System\\restaurant-pos-backend\\node_modules\\body-parser\\lib\\types\\json.js:91:21)\n    at C:\\POS System\\restaurant-pos-backend\\node_modules\\body-parser\\lib\\read.js:162:18\n    at AsyncResource.runInAsyncScope (node:async_hooks:227:14)\n    at invokeCallback (C:\\POS System\\restaurant-pos-backend\\node_modules\\raw-body\\index.js:238:16)\n    at done (C:\\POS System\\restaurant-pos-backend\\node_modules\\raw-body\\index.js:227:7)\n    at IncomingMessage.onEnd (C:\\POS System\\restaurant-pos-backend\\node_modules\\raw-body\\index.js:287:7)\n    at IncomingMessage.emit (node:events:509:28)\n    at endReadableNT (node:internal/streams/readable:1729:12)\n    at process.processTicksAndRejections (node:internal/process/task_queues:90:21)","timestamp":"2026-08-14 19:17:09","userId":null}
{"endpoint":"full","level":"info","message":"Dashboard Request","queryRestaurantId":null,"restaurantId":1,"role":"ADMIN","timestamp":"2026-08-14 19:19:51","userId":31}
{"endpoint":"full","level":"info","message":"Dashboard Request","queryRestaurantId":null,"restaurantId":1,"role":"ADMIN","timestamp":"2026-08-14 19:20:17","userId":31}
{"endpoint":"full","level":"info","message":"Dashboard Request","queryRestaurantId":null,"restaurantId":1,"role":"ADMIN","timestamp":"2026-08-14 19:20:39","userId":31}
{"endpoint":"full","level":"info","message":"Dashboard Request","queryRestaurantId":null,"restaurantId":1,"role":"ADMIN","timestamp":"2026-08-14 19:20:42","userId":31}
{"endpoint":"full","level":"info","message":"Dashboard Request","queryRestaurantId":null,"restaurantId":1,"role":"ADMIN","timestamp":"2026-08-14 19:21:01","userId":31}
{"endpoint":"full","level":"info","message":"Dashboard Request","queryRestaurantId":null,"restaurantId":1,"role":"ADMIN","timestamp":"2026-08-14 19:21:04","userId":31}
{"endpoint":"full","level":"info","message":"Dashboard Request","queryRestaurantId":null,"restaurantId":1,"role":"ADMIN","timestamp":"2026-08-14 19:21:15","userId":31}
{"level":"warn","message":"Access denied","method":"DELETE","path":"/api/orders/999999","requiredRoles":["ADMIN"],"role":"WAITER","timestamp":"2026-08-14 19:21:40","userId":39}
{"level":"warn","message":"Access denied","method":"POST","path":"/api/orders","requiredRoles":["ADMIN","MANAGER","CASHIER","WAITER"],"role":"KITCHEN","timestamp":"2026-08-14 19:21:40","userId":44}
{"endpoint":"full","level":"info","message":"Dashboard Request","queryRestaurantId":null,"restaurantId":1,"role":"ADMIN","timestamp":"2026-08-14 19:21:43","userId":31}
{"level":"warn","message":"Access denied","method":"POST","path":"/api/users","requiredRoles":["ADMIN"],"role":"CASHIER","timestamp":"2026-08-14 19:21:54","userId":296}
{"level":"warn","message":"Access denied","method":"GET","path":"/api/super-admin/restaurants","requiredRoles":["SUPER_ADMIN"],"role":"ADMIN","timestamp":"2026-08-14 19:21:56","userId":31}
{"endpoint":"full","level":"info","message":"Dashboard Request","queryRestaurantId":null,"restaurantId":74,"role":"ADMIN","timestamp":"2026-08-14 19:21:58","userId":299}
{"level":"error","message":"Expected property name or '}' in JSON at position 1 (line 1 column 2)","method":"POST","path":"/api/orders","role":null,"stack":"SyntaxError: Expected property name or '}' in JSON at position 1 (line 1 column 2)\n    at JSON.parse (<anonymous>)\n    at parse (C:\\POS System\\restaurant-pos-backend\\node_modules\\body-parser\\lib\\types\\json.js:91:21)\n    at C:\\POS System\\restaurant-pos-backend\\node_modules\\body-parser\\lib\\read.js:162:18\n    at AsyncResource.runInAsyncScope (node:async_hooks:227:14)\n    at invokeCallback (C:\\POS System\\restaurant-pos-backend\\node_modules\\raw-body\\index.js:238:16)\n    at done (C:\\POS System\\restaurant-pos-backend\\node_modules\\raw-body\\index.js:227:7)\n    at IncomingMessage.onEnd (C:\\POS System\\restaurant-pos-backend\\node_modules\\raw-body\\index.js:287:7)\n    at IncomingMessage.emit (node:events:509:28)\n    at endReadableNT (node:internal/streams/readable:1729:12)\n    at process.processTicksAndRejections (node:internal/process/task_queues:90:21)","timestamp":"2026-08-14 19:21:59","userId":null}
{"level":"info","message":"Server running on http://localhost:5001","timestamp":"2026-08-14 19:29:45"}
{"level":"info","message":"Server running on http://localhost:5001","timestamp":"2026-08-14 19:31:05"}
{"level":"info","message":"Server running on http://localhost:5001","timestamp":"2026-08-14 19:31:28"}
{"level":"info","message":"Server running on http://localhost:5001","timestamp":"2026-08-14 19:33:30"}
{"level":"info","message":"Server running on http://localhost:5001","timestamp":"2026-08-14 19:35:02"}
{"level":"warn","message":"Access denied","method":"DELETE","path":"/api/orders/999999","requiredRoles":["ADMIN"],"role":"WAITER","timestamp":"2026-08-14 19:40:04","userId":39}
{"level":"warn","message":"Access denied","method":"POST","path":"/api/orders","requiredRoles":["ADMIN","MANAGER","CASHIER","WAITER"],"role":"KITCHEN","timestamp":"2026-08-14 19:40:04","userId":44}
{"endpoint":"full","level":"info","message":"Dashboard Request","queryRestaurantId":null,"restaurantId":1,"role":"ADMIN","timestamp":"2026-08-14 19:40:09","userId":31}
{"level":"warn","message":"Access denied","method":"POST","path":"/api/users","requiredRoles":["ADMIN"],"role":"CASHIER","timestamp":"2026-08-14 19:40:22","userId":311}
{"level":"warn","message":"Access denied","method":"GET","path":"/api/super-admin/restaurants","requiredRoles":["SUPER_ADMIN"],"role":"ADMIN","timestamp":"2026-08-14 19:40:25","userId":31}
{"endpoint":"full","level":"info","message":"Dashboard Request","queryRestaurantId":null,"restaurantId":84,"role":"ADMIN","timestamp":"2026-08-14 19:40:26","userId":314}
{"level":"error","message":"Expected property name or '}' in JSON at position 1 (line 1 column 2)","method":"POST","path":"/api/orders","role":null,"stack":"SyntaxError: Expected property name or '}' in JSON at position 1 (line 1 column 2)\n    at JSON.parse (<anonymous>)\n    at parse (C:\\POS System\\restaurant-pos-backend\\node_modules\\body-parser\\lib\\types\\json.js:91:21)\n    at C:\\POS System\\restaurant-pos-backend\\node_modules\\body-parser\\lib\\read.js:162:18\n    at AsyncResource.runInAsyncScope (node:async_hooks:227:14)\n    at invokeCallback (C:\\POS System\\restaurant-pos-backend\\node_modules\\raw-body\\index.js:238:16)\n    at done (C:\\POS System\\restaurant-pos-backend\\node_modules\\raw-body\\index.js:227:7)\n    at IncomingMessage.onEnd (C:\\POS System\\restaurant-pos-backend\\node_modules\\raw-body\\index.js:287:7)\n    at IncomingMessage.emit (node:events:509:28)\n    at endReadableNT (node:internal/streams/readable:1729:12)\n    at process.processTicksAndRejections (node:internal/process/task_queues:90:21)","timestamp":"2026-08-14 19:40:27","userId":null}
{"level":"info","message":"Server running on http://localhost:5001","timestamp":"2026-08-14 19:41:10"}
{"level":"info","message":"Server running on http://localhost:5001","timestamp":"2026-08-14 19:41:55"}
{"level":"error","message":"Origin not allowed","method":"OPTIONS","path":"/api/auth/profile","role":null,"stack":"Error: Origin not allowed\n    at origin (C:\\POS System\\restaurant-pos-backend\\src\\app.js:66:25)\n    at C:\\POS System\\restaurant-pos-backend\\node_modules\\cors\\lib\\index.js:219:13\n    at optionsCallback (C:\\POS System\\restaurant-pos-backend\\node_modules\\cors\\lib\\index.js:199:9)\n    at corsMiddleware (C:\\POS System\\restaurant-pos-backend\\node_modules\\cors\\lib\\index.js:204:7)\n    at Layer.handleRequest (C:\\POS System\\restaurant-pos-backend\\node_modules\\router\\lib\\layer.js:152:17)\n    at trimPrefix (C:\\POS System\\restaurant-pos-backend\\node_modules\\router\\index.js:342:13)\n    at C:\\POS System\\restaurant-pos-backend\\node_modules\\router\\index.js:297:9\n    at processParams (C:\\POS System\\restaurant-pos-backend\\node_modules\\router\\index.js:582:12)\n    at next (C:\\POS System\\restaurant-pos-backend\\node_modules\\router\\index.js:291:5)\n    at internalNext (C:\\POS System\\restaurant-pos-backend\\node_modules\\helmet\\index.cjs:531:6)\n    at xXssProtectionMiddleware (C:\\POS System\\restaurant-pos-backend\\node_modules\\helmet\\index.cjs:311:3)\n    at internalNext (C:\\POS System\\restaurant-pos-backend\\node_modules\\helmet\\index.cjs:529:6)\n    at xPoweredByMiddleware (C:\\POS System\\restaurant-pos-backend\\node_modules\\helmet\\index.cjs:304:3)\n    at internalNext (C:\\POS System\\restaurant-pos-backend\\node_modules\\helmet\\index.cjs:529:6)\n    at xPermittedCrossDomainPoliciesMiddleware (C:\\POS System\\restaurant-pos-backend\\node_modules\\helmet\\index.cjs:297:3)\n    at internalNext (C:\\POS System\\restaurant-pos-backend\\node_modules\\helmet\\index.cjs:529:6)","timestamp":"2026-08-14 19:47:57","userId":null}
{"level":"error","message":"Origin not allowed","method":"OPTIONS","path":"/api/super-admin/payments/gateway","role":null,"stack":"Error: Origin not allowed\n    at origin (C:\\POS System\\restaurant-pos-backend\\src\\app.js:66:25)\n    at C:\\POS System\\restaurant-pos-backend\\node_modules\\cors\\lib\\index.js:219:13\n    at optionsCallback (C:\\POS System\\restaurant-pos-backend\\node_modules\\cors\\lib\\index.js:199:9)\n    at corsMiddleware (C:\\POS System\\restaurant-pos-backend\\node_modules\\cors\\lib\\index.js:204:7)\n    at Layer.handleRequest (C:\\POS System\\restaurant-pos-backend\\node_modules\\router\\lib\\layer.js:152:17)\n    at trimPrefix (C:\\POS System\\restaurant-pos-backend\\node_modules\\router\\index.js:342:13)\n    at C:\\POS System\\restaurant-pos-backend\\node_modules\\router\\index.js:297:9\n    at processParams (C:\\POS System\\restaurant-pos-backend\\node_modules\\router\\index.js:582:12)\n    at next (C:\\POS System\\restaurant-pos-backend\\node_modules\\router\\index.js:291:5)\n    at internalNext (C:\\POS System\\restaurant-pos-backend\\node_modules\\helmet\\index.cjs:531:6)\n    at xXssProtectionMiddleware (C:\\POS System\\restaurant-pos-backend\\node_modules\\helmet\\index.cjs:311:3)\n    at internalNext (C:\\POS System\\restaurant-pos-backend\\node_modules\\helmet\\index.cjs:529:6)\n    at xPoweredByMiddleware (C:\\POS System\\restaurant-pos-backend\\node_modules\\helmet\\index.cjs:304:3)\n    at internalNext (C:\\POS System\\restaurant-pos-backend\\node_modules\\helmet\\index.cjs:529:6)\n    at xPermittedCrossDomainPoliciesMiddleware (C:\\POS System\\restaurant-pos-backend\\node_modules\\helmet\\index.cjs:297:3)\n    at internalNext (C:\\POS System\\restaurant-pos-backend\\node_modules\\helmet\\index.cjs:529:6)","timestamp":"2026-08-14 19:47:57","userId":null}
{"endpoint":"full","level":"info","message":"Dashboard Request","queryRestaurantId":null,"restaurantId":1,"role":"ADMIN","timestamp":"2026-08-14 19:51:33","userId":31}
{"level":"warn","message":"Access denied","method":"GET","path":"/api/super-admin/payments/gateway","requiredRoles":["SUPER_ADMIN"],"role":"ADMIN","timestamp":"2026-08-14 19:53:51","userId":31}
{"level":"warn","message":"Access denied","method":"PUT","path":"/api/super-admin/payments/gateway","requiredRoles":["SUPER_ADMIN"],"role":"ADMIN","timestamp":"2026-08-14 19:53:51","userId":31}
{"level":"warn","message":"Access denied","method":"POST","path":"/api/super-admin/payments/gateway/toggle","requiredRoles":["SUPER_ADMIN"],"role":"ADMIN","timestamp":"2026-08-14 19:53:51","userId":31}
{"level":"warn","message":"Access denied","method":"DELETE","path":"/api/orders/999999","requiredRoles":["ADMIN"],"role":"WAITER","timestamp":"2026-08-14 19:54:05","userId":39}
{"level":"warn","message":"Access denied","method":"POST","path":"/api/orders","requiredRoles":["ADMIN","MANAGER","CASHIER","WAITER"],"role":"KITCHEN","timestamp":"2026-08-14 19:54:05","userId":44}
{"endpoint":"full","level":"info","message":"Dashboard Request","queryRestaurantId":null,"restaurantId":1,"role":"ADMIN","timestamp":"2026-08-14 19:54:09","userId":31}
{"level":"warn","message":"Access denied","method":"POST","path":"/api/users","requiredRoles":["ADMIN"],"role":"CASHIER","timestamp":"2026-08-14 19:54:18","userId":321}
{"level":"warn","message":"Access denied","method":"GET","path":"/api/super-admin/restaurants","requiredRoles":["SUPER_ADMIN"],"role":"ADMIN","timestamp":"2026-08-14 19:54:21","userId":31}
{"endpoint":"full","level":"info","message":"Dashboard Request","queryRestaurantId":null,"restaurantId":89,"role":"ADMIN","timestamp":"2026-08-14 19:54:22","userId":324}
{"level":"error","message":"Expected property name or '}' in JSON at position 1 (line 1 column 2)","method":"POST","path":"/api/orders","role":null,"stack":"SyntaxError: Expected property name or '}' in JSON at position 1 (line 1 column 2)\n    at JSON.parse (<anonymous>)\n    at parse (C:\\POS System\\restaurant-pos-backend\\node_modules\\body-parser\\lib\\types\\json.js:91:21)\n    at C:\\POS System\\restaurant-pos-backend\\node_modules\\body-parser\\lib\\read.js:162:18\n    at AsyncResource.runInAsyncScope (node:async_hooks:227:14)\n    at invokeCallback (C:\\POS System\\restaurant-pos-backend\\node_modules\\raw-body\\index.js:238:16)\n    at done (C:\\POS System\\restaurant-pos-backend\\node_modules\\raw-body\\index.js:227:7)\n    at IncomingMessage.onEnd (C:\\POS System\\restaurant-pos-backend\\node_modules\\raw-body\\index.js:287:7)\n    at IncomingMessage.emit (node:events:509:28)\n    at endReadableNT (node:internal/streams/readable:1729:12)\n    at process.processTicksAndRejections (node:internal/process/task_queues:90:21)","timestamp":"2026-08-14 19:54:23","userId":null}
{"level":"warn","message":"Access denied","method":"DELETE","path":"/api/orders/999999","requiredRoles":["ADMIN"],"role":"WAITER","timestamp":"2026-08-14 19:55:06","userId":39}
{"level":"warn","message":"Access denied","method":"POST","path":"/api/orders","requiredRoles":["ADMIN","MANAGER","CASHIER","WAITER"],"role":"KITCHEN","timestamp":"2026-08-14 19:55:06","userId":44}
{"endpoint":"full","level":"info","message":"Dashboard Request","queryRestaurantId":null,"restaurantId":1,"role":"ADMIN","timestamp":"2026-08-14 19:55:09","userId":31}
{"level":"warn","message":"Access denied","method":"POST","path":"/api/users","requiredRoles":["ADMIN"],"role":"CASHIER","timestamp":"2026-08-14 19:55:20","userId":329}
{"level":"warn","message":"Access denied","method":"GET","path":"/api/super-admin/restaurants","requiredRoles":["SUPER_ADMIN"],"role":"ADMIN","timestamp":"2026-08-14 19:55:22","userId":31}
{"endpoint":"full","level":"info","message":"Dashboard Request","queryRestaurantId":null,"restaurantId":92,"role":"ADMIN","timestamp":"2026-08-14 19:55:24","userId":332}
{"level":"error","message":"Expected property name or '}' in JSON at position 1 (line 1 column 2)","method":"POST","path":"/api/orders","role":null,"stack":"SyntaxError: Expected property name or '}' in JSON at position 1 (line 1 column 2)\n    at JSON.parse (<anonymous>)\n    at parse (C:\\POS System\\restaurant-pos-backend\\node_modules\\body-parser\\lib\\types\\json.js:91:21)\n    at C:\\POS System\\restaurant-pos-backend\\node_modules\\body-parser\\lib\\read.js:162:18\n    at AsyncResource.runInAsyncScope (node:async_hooks:227:14)\n    at invokeCallback (C:\\POS System\\restaurant-pos-backend\\node_modules\\raw-body\\index.js:238:16)\n    at done (C:\\POS System\\restaurant-pos-backend\\node_modules\\raw-body\\index.js:227:7)\n    at IncomingMessage.onEnd (C:\\POS System\\restaurant-pos-backend\\node_modules\\raw-body\\index.js:287:7)\n    at IncomingMessage.emit (node:events:509:28)\n    at endReadableNT (node:internal/streams/readable:1729:12)\n    at process.processTicksAndRejections (node:internal/process/task_queues:90:21)","timestamp":"2026-08-14 19:55:25","userId":null}
{"level":"info","message":"Server running on http://localhost:5001","timestamp":"2026-08-14 19:59:56"}
{"level":"warn","message":"Access denied","method":"DELETE","path":"/api/orders/999999","requiredRoles":["ADMIN"],"role":"WAITER","timestamp":"2026-08-14 20:01:40","userId":39}
{"level":"warn","message":"Access denied","method":"POST","path":"/api/orders","requiredRoles":["ADMIN","MANAGER","CASHIER","WAITER"],"role":"KITCHEN","timestamp":"2026-08-14 20:01:40","userId":44}
{"endpoint":"full","level":"info","message":"Dashboard Request","queryRestaurantId":null,"restaurantId":1,"role":"ADMIN","timestamp":"2026-08-14 20:01:43","userId":31}
{"level":"warn","message":"Access denied","method":"POST","path":"/api/users","requiredRoles":["ADMIN"],"role":"CASHIER","timestamp":"2026-08-14 20:01:50","userId":334}
{"level":"warn","message":"Access denied","method":"GET","path":"/api/super-admin/restaurants","requiredRoles":["SUPER_ADMIN"],"role":"ADMIN","timestamp":"2026-08-14 20:01:52","userId":31}
{"endpoint":"full","level":"info","message":"Dashboard Request","queryRestaurantId":null,"restaurantId":93,"role":"ADMIN","timestamp":"2026-08-14 20:01:53","userId":337}
{"level":"error","message":"Expected property name or '}' in JSON at position 1 (line 1 column 2)","method":"POST","path":"/api/orders","role":null,"stack":"SyntaxError: Expected property name or '}' in JSON at position 1 (line 1 column 2)\n    at JSON.parse (<anonymous>)\n    at parse (C:\\POS System\\restaurant-pos-backend\\node_modules\\body-parser\\lib\\types\\json.js:91:21)\n    at C:\\POS System\\restaurant-pos-backend\\node_modules\\body-parser\\lib\\read.js:162:18\n    at AsyncResource.runInAsyncScope (node:async_hooks:227:14)\n    at invokeCallback (C:\\POS System\\restaurant-pos-backend\\node_modules\\raw-body\\index.js:238:16)\n    at done (C:\\POS System\\restaurant-pos-backend\\node_modules\\raw-body\\index.js:227:7)\n    at IncomingMessage.onEnd (C:\\POS System\\restaurant-pos-backend\\node_modules\\raw-body\\index.js:287:7)\n    at IncomingMessage.emit (node:events:509:28)\n    at endReadableNT (node:internal/streams/readable:1729:12)\n    at process.processTicksAndRejections (node:internal/process/task_queues:90:21)","timestamp":"2026-08-14 20:01:54","userId":null}
{"endpoint":"full","level":"info","message":"Dashboard Request","queryRestaurantId":null,"restaurantId":1,"role":"ADMIN","timestamp":"2026-08-14 20:02:32","userId":31}
{"endpoint":"full","level":"info","message":"Dashboard Request","queryRestaurantId":null,"restaurantId":1,"role":"ADMIN","timestamp":"2026-08-14 20:02:49","userId":31}
{"endpoint":"full","level":"info","message":"Dashboard Request","queryRestaurantId":null,"restaurantId":1,"role":"ADMIN","timestamp":"2026-08-14 20:03:28","userId":31}
{"endpoint":"full","level":"info","message":"Dashboard Request","queryRestaurantId":null,"restaurantId":1,"role":"ADMIN","timestamp":"2026-08-14 20:03:31","userId":31}
{"level":"warn","message":"Access denied","method":"DELETE","path":"/api/orders/999999","requiredRoles":["ADMIN"],"role":"WAITER","timestamp":"2026-08-14 20:04:09","userId":39}
{"level":"warn","message":"Access denied","method":"POST","path":"/api/orders","requiredRoles":["ADMIN","MANAGER","CASHIER","WAITER"],"role":"KITCHEN","timestamp":"2026-08-14 20:04:09","userId":44}
{"endpoint":"full","level":"info","message":"Dashboard Request","queryRestaurantId":null,"restaurantId":1,"role":"ADMIN","timestamp":"2026-08-14 20:04:12","userId":31}
{"level":"warn","message":"Access denied","method":"POST","path":"/api/users","requiredRoles":["ADMIN"],"role":"CASHIER","timestamp":"2026-08-14 20:04:19","userId":342}
{"level":"warn","message":"Access denied","method":"GET","path":"/api/super-admin/restaurants","requiredRoles":["SUPER_ADMIN"],"role":"ADMIN","timestamp":"2026-08-14 20:04:21","userId":31}
{"endpoint":"full","level":"info","message":"Dashboard Request","queryRestaurantId":null,"restaurantId":96,"role":"ADMIN","timestamp":"2026-08-14 20:04:22","userId":345}
{"level":"error","message":"Expected property name or '}' in JSON at position 1 (line 1 column 2)","method":"POST","path":"/api/orders","role":null,"stack":"SyntaxError: Expected property name or '}' in JSON at position 1 (line 1 column 2)\n    at JSON.parse (<anonymous>)\n    at parse (C:\\POS System\\restaurant-pos-backend\\node_modules\\body-parser\\lib\\types\\json.js:91:21)\n    at C:\\POS System\\restaurant-pos-backend\\node_modules\\body-parser\\lib\\read.js:162:18\n    at AsyncResource.runInAsyncScope (node:async_hooks:227:14)\n    at invokeCallback (C:\\POS System\\restaurant-pos-backend\\node_modules\\raw-body\\index.js:238:16)\n    at done (C:\\POS System\\restaurant-pos-backend\\node_modules\\raw-body\\index.js:227:7)\n    at IncomingMessage.onEnd (C:\\POS System\\restaurant-pos-backend\\node_modules\\raw-body\\index.js:287:7)\n    at IncomingMessage.emit (node:events:509:28)\n    at endReadableNT (node:internal/streams/readable:1729:12)\n    at process.processTicksAndRejections (node:internal/process/task_queues:90:21)","timestamp":"2026-08-14 20:04:23","userId":null}
{"endpoint":"full","level":"info","message":"Dashboard Request","queryRestaurantId":null,"restaurantId":9,"role":"ADMIN","timestamp":"2026-08-14 20:07:38","userId":52}
{"level":"info","message":"Server running on http://localhost:5001","timestamp":"2026-08-15 18:57:29"}
{"level":"warn","message":"Access denied","method":"DELETE","path":"/api/orders/999999","requiredRoles":["ADMIN"],"role":"WAITER","timestamp":"2026-08-15 18:58:28","userId":39}
{"level":"warn","message":"Access denied","method":"POST","path":"/api/orders","requiredRoles":["ADMIN","MANAGER","CASHIER","WAITER"],"role":"KITCHEN","timestamp":"2026-08-15 18:58:28","userId":44}
{"endpoint":"full","level":"info","message":"Dashboard Request","queryRestaurantId":null,"restaurantId":1,"role":"ADMIN","timestamp":"2026-08-15 18:58:31","userId":31}
{"level":"warn","message":"Access denied","method":"POST","path":"/api/users","requiredRoles":["ADMIN"],"role":"CASHIER","timestamp":"2026-08-15 18:58:38","userId":353}
{"level":"warn","message":"Access denied","method":"GET","path":"/api/super-admin/restaurants","requiredRoles":["SUPER_ADMIN"],"role":"ADMIN","timestamp":"2026-08-15 18:58:40","userId":31}
{"endpoint":"full","level":"info","message":"Dashboard Request","queryRestaurantId":null,"restaurantId":101,"role":"ADMIN","timestamp":"2026-08-15 18:58:41","userId":356}
{"level":"error","message":"Expected property name or '}' in JSON at position 1 (line 1 column 2)","method":"POST","path":"/api/orders","role":null,"stack":"SyntaxError: Expected property name or '}' in JSON at position 1 (line 1 column 2)\n    at JSON.parse (<anonymous>)\n    at parse (C:\\POS System\\restaurant-pos-backend\\node_modules\\body-parser\\lib\\types\\json.js:91:21)\n    at C:\\POS System\\restaurant-pos-backend\\node_modules\\body-parser\\lib\\read.js:162:18\n    at AsyncResource.runInAsyncScope (node:async_hooks:227:14)\n    at invokeCallback (C:\\POS System\\restaurant-pos-backend\\node_modules\\raw-body\\index.js:238:16)\n    at done (C:\\POS System\\restaurant-pos-backend\\node_modules\\raw-body\\index.js:227:7)\n    at IncomingMessage.onEnd (C:\\POS System\\restaurant-pos-backend\\node_modules\\raw-body\\index.js:287:7)\n    at IncomingMessage.emit (node:events:509:28)\n    at endReadableNT (node:internal/streams/readable:1729:12)\n    at process.processTicksAndRejections (node:internal/process/task_queues:90:21)","timestamp":"2026-08-15 18:58:42","userId":null}
{"level":"warn","message":"Access denied","method":"DELETE","path":"/api/orders/999999","requiredRoles":["ADMIN"],"role":"WAITER","timestamp":"2026-08-15 19:00:10","userId":39}
{"level":"warn","message":"Access denied","method":"POST","path":"/api/orders","requiredRoles":["ADMIN","MANAGER","CASHIER","WAITER"],"role":"KITCHEN","timestamp":"2026-08-15 19:00:10","userId":44}
{"endpoint":"full","level":"info","message":"Dashboard Request","queryRestaurantId":null,"restaurantId":1,"role":"ADMIN","timestamp":"2026-08-15 19:00:13","userId":31}
{"level":"warn","message":"Access denied","method":"POST","path":"/api/users","requiredRoles":["ADMIN"],"role":"CASHIER","timestamp":"2026-08-15 19:00:20","userId":360}
{"level":"warn","message":"Access denied","method":"GET","path":"/api/super-admin/restaurants","requiredRoles":["SUPER_ADMIN"],"role":"ADMIN","timestamp":"2026-08-15 19:00:22","userId":31}
{"endpoint":"full","level":"info","message":"Dashboard Request","queryRestaurantId":null,"restaurantId":104,"role":"ADMIN","timestamp":"2026-08-15 19:00:23","userId":363}
{"level":"error","message":"Expected property name or '}' in JSON at position 1 (line 1 column 2)","method":"POST","path":"/api/orders","role":null,"stack":"SyntaxError: Expected property name or '}' in JSON at position 1 (line 1 column 2)\n    at JSON.parse (<anonymous>)\n    at parse (C:\\POS System\\restaurant-pos-backend\\node_modules\\body-parser\\lib\\types\\json.js:91:21)\n    at C:\\POS System\\restaurant-pos-backend\\node_modules\\body-parser\\lib\\read.js:162:18\n    at AsyncResource.runInAsyncScope (node:async_hooks:227:14)\n    at invokeCallback (C:\\POS System\\restaurant-pos-backend\\node_modules\\raw-body\\index.js:238:16)\n    at done (C:\\POS System\\restaurant-pos-backend\\node_modules\\raw-body\\index.js:227:7)\n    at IncomingMessage.onEnd (C:\\POS System\\restaurant-pos-backend\\node_modules\\raw-body\\index.js:287:7)\n    at IncomingMessage.emit (node:events:509:28)\n    at endReadableNT (node:internal/streams/readable:1729:12)\n    at process.processTicksAndRejections (node:internal/process/task_queues:90:21)","timestamp":"2026-08-15 19:00:24","userId":null}
{"level":"info","message":"Server running on http://localhost:5001","timestamp":"2026-08-15 19:02:21"}
{"level":"warn","message":"Access denied","method":"DELETE","path":"/api/orders/999999","requiredRoles":["ADMIN"],"role":"WAITER","timestamp":"2026-08-15 19:07:47","userId":39}
{"level":"warn","message":"Access denied","method":"POST","path":"/api/orders","requiredRoles":["ADMIN","MANAGER","CASHIER","WAITER"],"role":"KITCHEN","timestamp":"2026-08-15 19:07:47","userId":44}
{"endpoint":"full","level":"info","message":"Dashboard Request","queryRestaurantId":null,"restaurantId":1,"role":"ADMIN","timestamp":"2026-08-15 19:07:50","userId":31}
{"level":"warn","message":"Access denied","method":"POST","path":"/api/users","requiredRoles":["ADMIN"],"role":"CASHIER","timestamp":"2026-08-15 19:07:58","userId":370}
{"level":"warn","message":"Access denied","method":"GET","path":"/api/super-admin/restaurants","requiredRoles":["SUPER_ADMIN"],"role":"ADMIN","timestamp":"2026-08-15 19:08:00","userId":31}
{"endpoint":"full","level":"info","message":"Dashboard Request","queryRestaurantId":null,"restaurantId":109,"role":"ADMIN","timestamp":"2026-08-15 19:08:01","userId":373}
{"level":"error","message":"Expected property name or '}' in JSON at position 1 (line 1 column 2)","method":"POST","path":"/api/orders","role":null,"stack":"SyntaxError: Expected property name or '}' in JSON at position 1 (line 1 column 2)\n    at JSON.parse (<anonymous>)\n    at parse (C:\\POS System\\restaurant-pos-backend\\node_modules\\body-parser\\lib\\types\\json.js:91:21)\n    at C:\\POS System\\restaurant-pos-backend\\node_modules\\body-parser\\lib\\read.js:162:18\n    at AsyncResource.runInAsyncScope (node:async_hooks:227:14)\n    at invokeCallback (C:\\POS System\\restaurant-pos-backend\\node_modules\\raw-body\\index.js:238:16)\n    at done (C:\\POS System\\restaurant-pos-backend\\node_modules\\raw-body\\index.js:227:7)\n    at IncomingMessage.onEnd (C:\\POS System\\restaurant-pos-backend\\node_modules\\raw-body\\index.js:287:7)\n    at IncomingMessage.emit (node:events:509:28)\n    at endReadableNT (node:internal/streams/readable:1729:12)\n    at process.processTicksAndRejections (node:internal/process/task_queues:90:21)","timestamp":"2026-08-15 19:08:02","userId":null}
{"level":"info","message":"Server running on http://localhost:5001","timestamp":"2026-08-16 21:59:17"}
{"level":"info","message":"Server running on http://localhost:5001","timestamp":"2026-08-16 22:00:33"}
{"endpoint":"full","level":"info","message":"Dashboard Request","queryRestaurantId":null,"restaurantId":112,"role":"ADMIN","timestamp":"2026-08-16 22:04:59","userId":377}
{"endpoint":"full","level":"info","message":"Dashboard Request","queryRestaurantId":null,"restaurantId":112,"role":"ADMIN","timestamp":"2026-08-16 22:05:28","userId":377}
{"endpoint":"full","level":"info","message":"Dashboard Request","queryRestaurantId":null,"restaurantId":112,"role":"ADMIN","timestamp":"2026-08-16 22:06:29","userId":377}
{"endpoint":"full","level":"info","message":"Dashboard Request","queryRestaurantId":null,"restaurantId":112,"role":"ADMIN","timestamp":"2026-08-16 22:06:40","userId":377}
{"endpoint":"full","level":"info","message":"Dashboard Request","queryRestaurantId":null,"restaurantId":112,"role":"ADMIN","timestamp":"2026-08-16 22:08:02","userId":377}
{"level":"info","message":"Server running on http://localhost:5001","timestamp":"2026-08-16 22:10:56"}
{"endpoint":"full","level":"info","message":"Dashboard Request","queryRestaurantId":null,"restaurantId":112,"role":"ADMIN","timestamp":"2026-08-16 22:11:29","userId":377}
{"endpoint":"full","level":"info","message":"Dashboard Request","queryRestaurantId":null,"restaurantId":112,"role":"ADMIN","timestamp":"2026-08-16 22:12:12","userId":377}
{"endpoint":"full","level":"info","message":"Dashboard Request","queryRestaurantId":null,"restaurantId":112,"role":"ADMIN","timestamp":"2026-08-16 22:13:07","userId":377}
{"endpoint":"full","level":"info","message":"Dashboard Request","queryRestaurantId":null,"restaurantId":112,"role":"ADMIN","timestamp":"2026-08-16 22:13:59","userId":377}
{"level":"info","message":"Server running on http://localhost:5001","timestamp":"2026-08-16 22:16:11"}
{"level":"warn","message":"Access denied","method":"DELETE","path":"/api/orders/999999","requiredRoles":["ADMIN"],"role":"WAITER","timestamp":"2026-08-16 22:16:22","userId":39}
{"level":"warn","message":"Access denied","method":"POST","path":"/api/orders","requiredRoles":["ADMIN","MANAGER","CASHIER","WAITER"],"role":"KITCHEN","timestamp":"2026-08-16 22:16:22","userId":44}
{"endpoint":"full","level":"info","message":"Dashboard Request","queryRestaurantId":null,"restaurantId":1,"role":"ADMIN","timestamp":"2026-08-16 22:16:24","userId":31}
{"level":"warn","message":"Access denied","method":"POST","path":"/api/users","requiredRoles":["ADMIN"],"role":"CASHIER","timestamp":"2026-08-16 22:16:28","userId":381}
{"level":"warn","message":"Access denied","method":"GET","path":"/api/super-admin/restaurants","requiredRoles":["SUPER_ADMIN"],"role":"ADMIN","timestamp":"2026-08-16 22:16:29","userId":31}
{"endpoint":"full","level":"info","message":"Dashboard Request","queryRestaurantId":null,"restaurantId":115,"role":"ADMIN","timestamp":"2026-08-16 22:16:30","userId":384}
{"level":"error","message":"Expected property name or '}' in JSON at position 1 (line 1 column 2)","method":"POST","path":"/api/orders","role":null,"stack":"SyntaxError: Expected property name or '}' in JSON at position 1 (line 1 column 2)\n    at JSON.parse (<anonymous>)\n    at parse (C:\\POS System\\restaurant-pos-backend\\node_modules\\body-parser\\lib\\types\\json.js:91:21)\n    at C:\\POS System\\restaurant-pos-backend\\node_modules\\body-parser\\lib\\read.js:162:18\n    at AsyncResource.runInAsyncScope (node:async_hooks:227:14)\n    at invokeCallback (C:\\POS System\\restaurant-pos-backend\\node_modules\\raw-body\\index.js:238:16)\n    at done (C:\\POS System\\restaurant-pos-backend\\node_modules\\raw-body\\index.js:227:7)\n    at IncomingMessage.onEnd (C:\\POS System\\restaurant-pos-backend\\node_modules\\raw-body\\index.js:287:7)\n    at IncomingMessage.emit (node:events:509:28)\n    at endReadableNT (node:internal/streams/readable:1729:12)\n    at process.processTicksAndRejections (node:internal/process/task_queues:90:21)","timestamp":"2026-08-16 22:16:30","userId":null}
{"level":"info","message":"Server running on http://localhost:5001","timestamp":"2026-08-16 22:16:52"}
{"level":"warn","message":"Access denied","method":"DELETE","path":"/api/orders/999999","requiredRoles":["ADMIN"],"role":"WAITER","timestamp":"2026-08-16 22:17:07","userId":39}
{"level":"warn","message":"Access denied","method":"POST","path":"/api/orders","requiredRoles":["ADMIN","MANAGER","CASHIER","WAITER"],"role":"KITCHEN","timestamp":"2026-08-16 22:17:07","userId":44}
{"endpoint":"full","level":"info","message":"Dashboard Request","queryRestaurantId":null,"restaurantId":1,"role":"ADMIN","timestamp":"2026-08-16 22:17:08","userId":31}
{"level":"warn","message":"Access denied","method":"POST","path":"/api/users","requiredRoles":["ADMIN"],"role":"CASHIER","timestamp":"2026-08-16 22:17:12","userId":391}
{"level":"warn","message":"Access denied","method":"GET","path":"/api/super-admin/restaurants","requiredRoles":["SUPER_ADMIN"],"role":"ADMIN","timestamp":"2026-08-16 22:17:13","userId":31}
{"endpoint":"full","level":"info","message":"Dashboard Request","queryRestaurantId":null,"restaurantId":120,"role":"ADMIN","timestamp":"2026-08-16 22:17:14","userId":394}
{"level":"error","message":"Expected property name or '}' in JSON at position 1 (line 1 column 2)","method":"POST","path":"/api/orders","role":null,"stack":"SyntaxError: Expected property name or '}' in JSON at position 1 (line 1 column 2)\n    at JSON.parse (<anonymous>)\n    at parse (C:\\POS System\\restaurant-pos-backend\\node_modules\\body-parser\\lib\\types\\json.js:91:21)\n    at C:\\POS System\\restaurant-pos-backend\\node_modules\\body-parser\\lib\\read.js:162:18\n    at AsyncResource.runInAsyncScope (node:async_hooks:227:14)\n    at invokeCallback (C:\\POS System\\restaurant-pos-backend\\node_modules\\raw-body\\index.js:238:16)\n    at done (C:\\POS System\\restaurant-pos-backend\\node_modules\\raw-body\\index.js:227:7)\n    at IncomingMessage.onEnd (C:\\POS System\\restaurant-pos-backend\\node_modules\\raw-body\\index.js:287:7)\n    at IncomingMessage.emit (node:events:509:28)\n    at endReadableNT (node:internal/streams/readable:1729:12)\n    at process.processTicksAndRejections (node:internal/process/task_queues:90:21)","timestamp":"2026-08-16 22:17:14","userId":null}
{"endpoint":"full","level":"info","message":"Dashboard Request","queryRestaurantId":null,"restaurantId":112,"role":"ADMIN","timestamp":"2026-08-16 22:17:24","userId":377}
{"level":"info","message":"Server running on http://localhost:5001","timestamp":"2026-08-17 10:45:46"}
{"level":"warn","message":"Access denied","method":"POST","path":"/api/subscriptions/checkout","requiredRoles":["ADMIN"],"role":"CASHIER","timestamp":"2026-08-17 10:49:08","userId":403}
{"level":"warn","message":"Access denied","method":"POST","path":"/api/subscriptions/verify","requiredRoles":["ADMIN"],"role":"CASHIER","timestamp":"2026-08-17 10:49:08","userId":403}
{"level":"warn","message":"Access denied","method":"POST","path":"/api/subscriptions/downgrade","requiredRoles":["ADMIN"],"role":"CASHIER","timestamp":"2026-08-17 10:49:08","userId":403}
{"level":"warn","message":"Access denied","method":"DELETE","path":"/api/subscriptions/downgrade","requiredRoles":["ADMIN"],"role":"CASHIER","timestamp":"2026-08-17 10:49:08","userId":403}
{"level":"warn","message":"Access denied","method":"GET","path":"/api/super-admin/payments/gateway","requiredRoles":["SUPER_ADMIN"],"role":"ADMIN","timestamp":"2026-08-17 10:49:08","userId":402}
{"level":"warn","message":"Access denied","method":"PUT","path":"/api/super-admin/payments/gateway","requiredRoles":["SUPER_ADMIN"],"role":"ADMIN","timestamp":"2026-08-17 10:49:08","userId":402}
{"level":"warn","message":"Access denied","method":"GET","path":"/api/super-admin/subscriptions","requiredRoles":["SUPER_ADMIN"],"role":"ADMIN","timestamp":"2026-08-17 10:49:08","userId":402}
{"level":"info","message":"7 subscription(s) expiring within 7 days checked.","timestamp":"2026-08-17 10:49:11"}
{"level":"info","message":"2 expired subscription(s) found.","timestamp":"2026-08-17 10:49:11"}
{"level":"info","message":"Restaurant 108 marked EXPIRED (renewable).","timestamp":"2026-08-17 10:49:11"}
{"level":"info","message":"Restaurant 126 marked EXPIRED (renewable).","timestamp":"2026-08-17 10:49:11"}
{"level":"info","message":"7 subscription(s) expiring within 7 days checked.","timestamp":"2026-08-17 10:49:11"}
{"level":"info","message":"0 expired subscription(s) found.","timestamp":"2026-08-17 10:49:11"}
{"level":"info","message":"7 subscription(s) expiring within 7 days checked.","timestamp":"2026-08-17 10:49:11"}
{"level":"info","message":"0 expired subscription(s) found.","timestamp":"2026-08-17 10:49:11"}
{"level":"info","message":"7 subscription(s) expiring within 7 days checked.","timestamp":"2026-08-17 10:49:11"}
{"level":"info","message":"0 expired subscription(s) found.","timestamp":"2026-08-17 10:49:11"}
{"level":"info","message":"8 subscription(s) expiring within 7 days checked.","timestamp":"2026-08-17 10:49:11"}
{"level":"info","message":"0 expired subscription(s) found.","timestamp":"2026-08-17 10:49:11"}
{"level":"info","message":"8 subscription(s) expiring within 7 days checked.","timestamp":"2026-08-17 10:49:11"}
{"level":"info","message":"8 subscription(s) expiring within 7 days checked.","timestamp":"2026-08-17 10:49:11"}
{"level":"info","message":"0 expired subscription(s) found.","timestamp":"2026-08-17 10:49:11"}
{"level":"info","message":"0 expired subscription(s) found.","timestamp":"2026-08-17 10:49:11"}
{"level":"warn","message":"Access denied","method":"POST","path":"/api/subscriptions/checkout","requiredRoles":["ADMIN"],"role":"CASHIER","timestamp":"2026-08-17 10:49:22","userId":407}
{"level":"warn","message":"Access denied","method":"POST","path":"/api/subscriptions/verify","requiredRoles":["ADMIN"],"role":"CASHIER","timestamp":"2026-08-17 10:49:22","userId":407}
{"level":"warn","message":"Access denied","method":"POST","path":"/api/subscriptions/downgrade","requiredRoles":["ADMIN"],"role":"CASHIER","timestamp":"2026-08-17 10:49:22","userId":407}
{"level":"warn","message":"Access denied","method":"DELETE","path":"/api/subscriptions/downgrade","requiredRoles":["ADMIN"],"role":"CASHIER","timestamp":"2026-08-17 10:49:22","userId":407}
{"level":"warn","message":"Access denied","method":"GET","path":"/api/super-admin/payments/gateway","requiredRoles":["SUPER_ADMIN"],"role":"ADMIN","timestamp":"2026-08-17 10:49:22","userId":406}
{"level":"warn","message":"Access denied","method":"PUT","path":"/api/super-admin/payments/gateway","requiredRoles":["SUPER_ADMIN"],"role":"ADMIN","timestamp":"2026-08-17 10:49:22","userId":406}
{"level":"warn","message":"Access denied","method":"GET","path":"/api/super-admin/subscriptions","requiredRoles":["SUPER_ADMIN"],"role":"ADMIN","timestamp":"2026-08-17 10:49:22","userId":406}
{"level":"info","message":"8 subscription(s) expiring within 7 days checked.","timestamp":"2026-08-17 10:49:23"}
{"level":"info","message":"1 expired subscription(s) found.","timestamp":"2026-08-17 10:49:23"}
{"level":"info","message":"Restaurant 128 marked EXPIRED (renewable).","timestamp":"2026-08-17 10:49:23"}
{"level":"info","message":"8 subscription(s) expiring within 7 days checked.","timestamp":"2026-08-17 10:49:23"}
{"level":"info","message":"0 expired subscription(s) found.","timestamp":"2026-08-17 10:49:23"}
{"level":"info","message":"8 subscription(s) expiring within 7 days checked.","timestamp":"2026-08-17 10:49:23"}
{"level":"info","message":"0 expired subscription(s) found.","timestamp":"2026-08-17 10:49:23"}
{"level":"info","message":"8 subscription(s) expiring within 7 days checked.","timestamp":"2026-08-17 10:49:23"}
{"level":"info","message":"0 expired subscription(s) found.","timestamp":"2026-08-17 10:49:23"}
{"level":"info","message":"9 subscription(s) expiring within 7 days checked.","timestamp":"2026-08-17 10:49:23"}
{"level":"info","message":"0 expired subscription(s) found.","timestamp":"2026-08-17 10:49:23"}
{"level":"info","message":"9 subscription(s) expiring within 7 days checked.","timestamp":"2026-08-17 10:49:23"}
{"level":"info","message":"9 subscription(s) expiring within 7 days checked.","timestamp":"2026-08-17 10:49:23"}
{"level":"info","message":"0 expired subscription(s) found.","timestamp":"2026-08-17 10:49:23"}
{"level":"info","message":"0 expired subscription(s) found.","timestamp":"2026-08-17 10:49:23"}
{"level":"info","message":"Server running on http://localhost:5001","timestamp":"2026-08-17 10:51:10"}
{"level":"warn","message":"Access denied","method":"POST","path":"/api/subscriptions/checkout","requiredRoles":["ADMIN"],"role":"CASHIER","timestamp":"2026-08-17 10:51:16","userId":413}
{"level":"warn","message":"Access denied","method":"POST","path":"/api/subscriptions/verify","requiredRoles":["ADMIN"],"role":"CASHIER","timestamp":"2026-08-17 10:51:16","userId":413}
{"level":"warn","message":"Access denied","method":"POST","path":"/api/subscriptions/downgrade","requiredRoles":["ADMIN"],"role":"CASHIER","timestamp":"2026-08-17 10:51:16","userId":413}
{"level":"warn","message":"Access denied","method":"DELETE","path":"/api/subscriptions/downgrade","requiredRoles":["ADMIN"],"role":"CASHIER","timestamp":"2026-08-17 10:51:16","userId":413}
{"level":"warn","message":"Access denied","method":"GET","path":"/api/super-admin/payments/gateway","requiredRoles":["SUPER_ADMIN"],"role":"ADMIN","timestamp":"2026-08-17 10:51:16","userId":412}
{"level":"warn","message":"Access denied","method":"PUT","path":"/api/super-admin/payments/gateway","requiredRoles":["SUPER_ADMIN"],"role":"ADMIN","timestamp":"2026-08-17 10:51:16","userId":412}
{"level":"warn","message":"Access denied","method":"GET","path":"/api/super-admin/subscriptions","requiredRoles":["SUPER_ADMIN"],"role":"ADMIN","timestamp":"2026-08-17 10:51:16","userId":412}
{"level":"info","message":"9 subscription(s) expiring within 7 days checked.","timestamp":"2026-08-17 10:51:18"}
{"level":"info","message":"1 expired subscription(s) found.","timestamp":"2026-08-17 10:51:18"}
{"level":"info","message":"Restaurant 132 marked EXPIRED (renewable).","timestamp":"2026-08-17 10:51:18"}
{"level":"info","message":"9 subscription(s) expiring within 7 days checked.","timestamp":"2026-08-17 10:51:18"}
{"level":"info","message":"0 expired subscription(s) found.","timestamp":"2026-08-17 10:51:18"}
{"level":"info","message":"9 subscription(s) expiring within 7 days checked.","timestamp":"2026-08-17 10:51:18"}
{"level":"info","message":"0 expired subscription(s) found.","timestamp":"2026-08-17 10:51:18"}
{"level":"info","message":"9 subscription(s) expiring within 7 days checked.","timestamp":"2026-08-17 10:51:18"}
{"level":"info","message":"0 expired subscription(s) found.","timestamp":"2026-08-17 10:51:18"}
{"level":"info","message":"10 subscription(s) expiring within 7 days checked.","timestamp":"2026-08-17 10:51:18"}
{"level":"info","message":"0 expired subscription(s) found.","timestamp":"2026-08-17 10:51:18"}
{"level":"info","message":"10 subscription(s) expiring within 7 days checked.","timestamp":"2026-08-17 10:51:18"}
{"level":"info","message":"10 subscription(s) expiring within 7 days checked.","timestamp":"2026-08-17 10:51:18"}
{"level":"info","message":"0 expired subscription(s) found.","timestamp":"2026-08-17 10:51:18"}
{"level":"info","message":"0 expired subscription(s) found.","timestamp":"2026-08-17 10:51:18"}
{"level":"warn","message":"Access denied","method":"POST","path":"/api/subscriptions/checkout","requiredRoles":["ADMIN"],"role":"CASHIER","timestamp":"2026-08-17 10:51:44","userId":417}
{"level":"warn","message":"Access denied","method":"POST","path":"/api/subscriptions/verify","requiredRoles":["ADMIN"],"role":"CASHIER","timestamp":"2026-08-17 10:51:44","userId":417}
{"level":"warn","message":"Access denied","method":"POST","path":"/api/subscriptions/downgrade","requiredRoles":["ADMIN"],"role":"CASHIER","timestamp":"2026-08-17 10:51:44","userId":417}
{"level":"warn","message":"Access denied","method":"DELETE","path":"/api/subscriptions/downgrade","requiredRoles":["ADMIN"],"role":"CASHIER","timestamp":"2026-08-17 10:51:44","userId":417}
{"level":"warn","message":"Access denied","method":"GET","path":"/api/super-admin/payments/gateway","requiredRoles":["SUPER_ADMIN"],"role":"ADMIN","timestamp":"2026-08-17 10:51:44","userId":416}
{"level":"warn","message":"Access denied","method":"PUT","path":"/api/super-admin/payments/gateway","requiredRoles":["SUPER_ADMIN"],"role":"ADMIN","timestamp":"2026-08-17 10:51:44","userId":416}
{"level":"warn","message":"Access denied","method":"GET","path":"/api/super-admin/subscriptions","requiredRoles":["SUPER_ADMIN"],"role":"ADMIN","timestamp":"2026-08-17 10:51:44","userId":416}
{"level":"info","message":"10 subscription(s) expiring within 7 days checked.","timestamp":"2026-08-17 10:51:45"}
{"level":"info","message":"1 expired subscription(s) found.","timestamp":"2026-08-17 10:51:45"}
{"level":"info","message":"Restaurant 134 marked EXPIRED (renewable).","timestamp":"2026-08-17 10:51:45"}
{"level":"info","message":"10 subscription(s) expiring within 7 days checked.","timestamp":"2026-08-17 10:51:45"}
{"level":"info","message":"0 expired subscription(s) found.","timestamp":"2026-08-17 10:51:45"}
{"level":"info","message":"10 subscription(s) expiring within 7 days checked.","timestamp":"2026-08-17 10:51:45"}
{"level":"info","message":"0 expired subscription(s) found.","timestamp":"2026-08-17 10:51:45"}
{"level":"info","message":"10 subscription(s) expiring within 7 days checked.","timestamp":"2026-08-17 10:51:45"}
{"level":"info","message":"0 expired subscription(s) found.","timestamp":"2026-08-17 10:51:45"}
{"level":"info","message":"11 subscription(s) expiring within 7 days checked.","timestamp":"2026-08-17 10:51:45"}
{"level":"info","message":"0 expired subscription(s) found.","timestamp":"2026-08-17 10:51:45"}
{"level":"info","message":"11 subscription(s) expiring within 7 days checked.","timestamp":"2026-08-17 10:51:46"}
{"level":"info","message":"0 expired subscription(s) found.","timestamp":"2026-08-17 10:51:46"}
{"level":"info","message":"11 subscription(s) expiring within 7 days checked.","timestamp":"2026-08-17 10:51:46"}
{"level":"info","message":"0 expired subscription(s) found.","timestamp":"2026-08-17 10:51:46"}
{"level":"info","message":"Server running on http://localhost:5001","timestamp":"2026-08-17 10:55:05"}
{"level":"warn","message":"Access denied","method":"DELETE","path":"/api/orders/999999","requiredRoles":["ADMIN"],"role":"WAITER","timestamp":"2026-08-17 10:55:17","userId":39}
{"level":"warn","message":"Access denied","method":"POST","path":"/api/orders","requiredRoles":["ADMIN","MANAGER","CASHIER","WAITER"],"role":"KITCHEN","timestamp":"2026-08-17 10:55:17","userId":44}
{"endpoint":"full","level":"info","message":"Dashboard Request","queryRestaurantId":null,"restaurantId":1,"role":"ADMIN","timestamp":"2026-08-17 10:55:19","userId":31}
{"level":"warn","message":"Access denied","method":"POST","path":"/api/users","requiredRoles":["ADMIN"],"role":"CASHIER","timestamp":"2026-08-17 10:55:24","userId":421}
{"level":"warn","message":"Access denied","method":"GET","path":"/api/super-admin/restaurants","requiredRoles":["SUPER_ADMIN"],"role":"ADMIN","timestamp":"2026-08-17 10:55:25","userId":31}
{"endpoint":"full","level":"info","message":"Dashboard Request","queryRestaurantId":null,"restaurantId":135,"role":"ADMIN","timestamp":"2026-08-17 10:55:25","userId":424}
{"level":"error","message":"Expected property name or '}' in JSON at position 1 (line 1 column 2)","method":"POST","path":"/api/orders","role":null,"stack":"SyntaxError: Expected property name or '}' in JSON at position 1 (line 1 column 2)\n    at JSON.parse (<anonymous>)\n    at parse (C:\\POS System\\restaurant-pos-backend\\node_modules\\body-parser\\lib\\types\\json.js:91:21)\n    at C:\\POS System\\restaurant-pos-backend\\node_modules\\body-parser\\lib\\read.js:162:18\n    at AsyncResource.runInAsyncScope (node:async_hooks:227:14)\n    at invokeCallback (C:\\POS System\\restaurant-pos-backend\\node_modules\\raw-body\\index.js:238:16)\n    at done (C:\\POS System\\restaurant-pos-backend\\node_modules\\raw-body\\index.js:227:7)\n    at IncomingMessage.onEnd (C:\\POS System\\restaurant-pos-backend\\node_modules\\raw-body\\index.js:287:7)\n    at IncomingMessage.emit (node:events:509:28)\n    at endReadableNT (node:internal/streams/readable:1729:12)\n    at process.processTicksAndRejections (node:internal/process/task_queues:90:21)","timestamp":"2026-08-17 10:55:26","userId":null}
{"level":"warn","message":"Access denied","method":"POST","path":"/api/subscriptions/checkout","requiredRoles":["ADMIN"],"role":"CASHIER","timestamp":"2026-08-17 10:55:38","userId":430}
{"level":"warn","message":"Access denied","method":"POST","path":"/api/subscriptions/verify","requiredRoles":["ADMIN"],"role":"CASHIER","timestamp":"2026-08-17 10:55:38","userId":430}
{"level":"warn","message":"Access denied","method":"POST","path":"/api/subscriptions/downgrade","requiredRoles":["ADMIN"],"role":"CASHIER","timestamp":"2026-08-17 10:55:38","userId":430}
{"level":"warn","message":"Access denied","method":"DELETE","path":"/api/subscriptions/downgrade","requiredRoles":["ADMIN"],"role":"CASHIER","timestamp":"2026-08-17 10:55:39","userId":430}
{"level":"warn","message":"Access denied","method":"GET","path":"/api/super-admin/payments/gateway","requiredRoles":["SUPER_ADMIN"],"role":"ADMIN","timestamp":"2026-08-17 10:55:39","userId":429}
{"level":"warn","message":"Access denied","method":"PUT","path":"/api/super-admin/payments/gateway","requiredRoles":["SUPER_ADMIN"],"role":"ADMIN","timestamp":"2026-08-17 10:55:39","userId":429}
{"level":"warn","message":"Access denied","method":"GET","path":"/api/super-admin/subscriptions","requiredRoles":["SUPER_ADMIN"],"role":"ADMIN","timestamp":"2026-08-17 10:55:39","userId":429}
{"level":"info","message":"12 subscription(s) expiring within 7 days checked.","timestamp":"2026-08-17 10:55:41"}
{"level":"info","message":"1 expired subscription(s) found.","timestamp":"2026-08-17 10:55:41"}
{"level":"info","message":"Restaurant 140 marked EXPIRED (renewable).","timestamp":"2026-08-17 10:55:41"}
{"level":"info","message":"12 subscription(s) expiring within 7 days checked.","timestamp":"2026-08-17 10:55:41"}
{"level":"info","message":"0 expired subscription(s) found.","timestamp":"2026-08-17 10:55:41"}
{"level":"info","message":"12 subscription(s) expiring within 7 days checked.","timestamp":"2026-08-17 10:55:41"}
{"level":"info","message":"0 expired subscription(s) found.","timestamp":"2026-08-17 10:55:41"}
{"level":"info","message":"12 subscription(s) expiring within 7 days checked.","timestamp":"2026-08-17 10:55:41"}
{"level":"info","message":"0 expired subscription(s) found.","timestamp":"2026-08-17 10:55:41"}
{"level":"info","message":"13 subscription(s) expiring within 7 days checked.","timestamp":"2026-08-17 10:55:41"}
{"level":"info","message":"0 expired subscription(s) found.","timestamp":"2026-08-17 10:55:41"}
{"level":"info","message":"13 subscription(s) expiring within 7 days checked.","timestamp":"2026-08-17 10:55:41"}
{"level":"info","message":"0 expired subscription(s) found.","timestamp":"2026-08-17 10:55:41"}
{"level":"info","message":"13 subscription(s) expiring within 7 days checked.","timestamp":"2026-08-17 10:55:41"}
{"level":"info","message":"0 expired subscription(s) found.","timestamp":"2026-08-17 10:55:41"}
{"endpoint":"full","level":"info","message":"Dashboard Request","queryRestaurantId":null,"restaurantId":112,"role":"ADMIN","timestamp":"2026-08-17 10:56:56","userId":377}
{"endpoint":"full","level":"info","message":"Dashboard Request","queryRestaurantId":null,"restaurantId":9,"role":"ADMIN","timestamp":"2026-08-17 11:01:45","userId":52}
{"endpoint":"full","level":"info","message":"Dashboard Request","queryRestaurantId":null,"restaurantId":9,"role":"ADMIN","timestamp":"2026-08-17 11:02:15","userId":52}
{"endpoint":"full","level":"info","message":"Dashboard Request","queryRestaurantId":null,"restaurantId":9,"role":"ADMIN","timestamp":"2026-08-17 11:02:45","userId":52}
{"endpoint":"full","level":"info","message":"Dashboard Request","queryRestaurantId":null,"restaurantId":9,"role":"ADMIN","timestamp":"2026-08-17 11:03:15","userId":52}
{"endpoint":"full","level":"info","message":"Dashboard Request","queryRestaurantId":null,"restaurantId":9,"role":"ADMIN","timestamp":"2026-08-17 11:03:45","userId":52}
{"endpoint":"full","level":"info","message":"Dashboard Request","queryRestaurantId":null,"restaurantId":9,"role":"ADMIN","timestamp":"2026-08-17 11:04:15","userId":52}
{"endpoint":"full","level":"info","message":"Dashboard Request","queryRestaurantId":null,"restaurantId":9,"role":"ADMIN","timestamp":"2026-08-17 11:04:45","userId":52}
{"endpoint":"full","level":"info","message":"Dashboard Request","queryRestaurantId":null,"restaurantId":9,"role":"ADMIN","timestamp":"2026-08-17 11:05:15","userId":52}
{"endpoint":"full","level":"info","message":"Dashboard Request","queryRestaurantId":null,"restaurantId":9,"role":"ADMIN","timestamp":"2026-08-17 11:05:45","userId":52}
{"endpoint":"full","level":"info","message":"Dashboard Request","queryRestaurantId":null,"restaurantId":9,"role":"ADMIN","timestamp":"2026-08-17 11:06:15","userId":52}
{"endpoint":"full","level":"info","message":"Dashboard Request","queryRestaurantId":null,"restaurantId":9,"role":"ADMIN","timestamp":"2026-08-17 11:06:46","userId":52}
{"endpoint":"full","level":"info","message":"Dashboard Request","queryRestaurantId":null,"restaurantId":9,"role":"ADMIN","timestamp":"2026-08-17 11:07:15","userId":52}
{"endpoint":"full","level":"info","message":"Dashboard Request","queryRestaurantId":null,"restaurantId":9,"role":"ADMIN","timestamp":"2026-08-17 11:07:46","userId":52}
{"endpoint":"full","level":"info","message":"Dashboard Request","queryRestaurantId":null,"restaurantId":9,"role":"ADMIN","timestamp":"2026-08-17 11:08:16","userId":52}
{"endpoint":"full","level":"info","message":"Dashboard Request","queryRestaurantId":null,"restaurantId":9,"role":"ADMIN","timestamp":"2026-08-17 11:08:46","userId":52}
{"endpoint":"full","level":"info","message":"Dashboard Request","queryRestaurantId":null,"restaurantId":9,"role":"ADMIN","timestamp":"2026-08-17 11:09:16","userId":52}
{"endpoint":"full","level":"info","message":"Dashboard Request","queryRestaurantId":null,"restaurantId":9,"role":"ADMIN","timestamp":"2026-08-17 11:09:47","userId":52}
{"endpoint":"full","level":"info","message":"Dashboard Request","queryRestaurantId":null,"restaurantId":9,"role":"ADMIN","timestamp":"2026-08-17 11:10:17","userId":52}
{"endpoint":"full","level":"info","message":"Dashboard Request","queryRestaurantId":null,"restaurantId":9,"role":"ADMIN","timestamp":"2026-08-17 11:10:48","userId":52}
{"endpoint":"full","level":"info","message":"Dashboard Request","queryRestaurantId":null,"restaurantId":9,"role":"ADMIN","timestamp":"2026-08-17 11:11:18","userId":52}
{"endpoint":"full","level":"info","message":"Dashboard Request","queryRestaurantId":null,"restaurantId":9,"role":"ADMIN","timestamp":"2026-08-17 11:11:48","userId":52}
{"endpoint":"full","level":"info","message":"Dashboard Request","queryRestaurantId":null,"restaurantId":9,"role":"ADMIN","timestamp":"2026-08-17 11:12:18","userId":52}
{"endpoint":"full","level":"info","message":"Dashboard Request","queryRestaurantId":null,"restaurantId":9,"role":"ADMIN","timestamp":"2026-08-17 11:12:49","userId":52}
{"endpoint":"full","level":"info","message":"Dashboard Request","queryRestaurantId":null,"restaurantId":9,"role":"ADMIN","timestamp":"2026-08-17 11:13:19","userId":52}
{"endpoint":"full","level":"info","message":"Dashboard Request","queryRestaurantId":null,"restaurantId":9,"role":"ADMIN","timestamp":"2026-08-17 11:13:50","userId":52}
{"endpoint":"full","level":"info","message":"Dashboard Request","queryRestaurantId":null,"restaurantId":9,"role":"ADMIN","timestamp":"2026-08-17 11:14:20","userId":52}
{"endpoint":"full","level":"info","message":"Dashboard Request","queryRestaurantId":null,"restaurantId":9,"role":"ADMIN","timestamp":"2026-08-17 11:14:50","userId":52}
{"endpoint":"full","level":"info","message":"Dashboard Request","queryRestaurantId":null,"restaurantId":9,"role":"ADMIN","timestamp":"2026-08-17 11:15:20","userId":52}
{"endpoint":"full","level":"info","message":"Dashboard Request","queryRestaurantId":null,"restaurantId":9,"role":"ADMIN","timestamp":"2026-08-17 11:15:51","userId":52}
{"endpoint":"full","level":"info","message":"Dashboard Request","queryRestaurantId":null,"restaurantId":9,"role":"ADMIN","timestamp":"2026-08-17 11:16:21","userId":52}
{"endpoint":"full","level":"info","message":"Dashboard Request","queryRestaurantId":null,"restaurantId":9,"role":"ADMIN","timestamp":"2026-08-17 11:16:52","userId":52}
{"endpoint":"full","level":"info","message":"Dashboard Request","queryRestaurantId":null,"restaurantId":9,"role":"ADMIN","timestamp":"2026-08-17 11:17:22","userId":52}
{"endpoint":"full","level":"info","message":"Dashboard Request","queryRestaurantId":null,"restaurantId":9,"role":"ADMIN","timestamp":"2026-08-17 11:17:52","userId":52}
{"endpoint":"full","level":"info","message":"Dashboard Request","queryRestaurantId":null,"restaurantId":9,"role":"ADMIN","timestamp":"2026-08-17 11:18:23","userId":52}
{"endpoint":"full","level":"info","message":"Dashboard Request","queryRestaurantId":null,"restaurantId":9,"role":"ADMIN","timestamp":"2026-08-17 11:18:53","userId":52}
{"endpoint":"full","level":"info","message":"Dashboard Request","queryRestaurantId":null,"restaurantId":9,"role":"ADMIN","timestamp":"2026-08-17 11:19:23","userId":52}
{"endpoint":"full","level":"info","message":"Dashboard Request","queryRestaurantId":null,"restaurantId":9,"role":"ADMIN","timestamp":"2026-08-17 11:19:53","userId":52}
{"endpoint":"full","level":"info","message":"Dashboard Request","queryRestaurantId":null,"restaurantId":9,"role":"ADMIN","timestamp":"2026-08-17 11:20:23","userId":52}
{"endpoint":"full","level":"info","message":"Dashboard Request","queryRestaurantId":null,"restaurantId":9,"role":"ADMIN","timestamp":"2026-08-17 11:20:54","userId":52}
{"endpoint":"full","level":"info","message":"Dashboard Request","queryRestaurantId":null,"restaurantId":9,"role":"ADMIN","timestamp":"2026-08-17 11:21:24","userId":52}
{"endpoint":"full","level":"info","message":"Dashboard Request","queryRestaurantId":null,"restaurantId":9,"role":"ADMIN","timestamp":"2026-08-17 11:21:54","userId":52}
{"level":"info","message":"Server running on http://localhost:5001","timestamp":"2026-08-17 11:32:12"}
{"level":"warn","message":"Access denied","method":"POST","path":"/api/subscriptions/checkout","requiredRoles":["ADMIN"],"role":"CASHIER","timestamp":"2026-08-17 11:33:45","userId":436}
{"level":"warn","message":"Access denied","method":"POST","path":"/api/subscriptions/verify","requiredRoles":["ADMIN"],"role":"CASHIER","timestamp":"2026-08-17 11:33:45","userId":436}
{"level":"warn","message":"Access denied","method":"POST","path":"/api/subscriptions/downgrade","requiredRoles":["ADMIN"],"role":"CASHIER","timestamp":"2026-08-17 11:33:45","userId":436}
{"level":"warn","message":"Access denied","method":"DELETE","path":"/api/subscriptions/downgrade","requiredRoles":["ADMIN"],"role":"CASHIER","timestamp":"2026-08-17 11:33:45","userId":436}
{"level":"warn","message":"Access denied","method":"GET","path":"/api/super-admin/payments/gateway","requiredRoles":["SUPER_ADMIN"],"role":"ADMIN","timestamp":"2026-08-17 11:33:45","userId":435}
{"level":"warn","message":"Access denied","method":"PUT","path":"/api/super-admin/payments/gateway","requiredRoles":["SUPER_ADMIN"],"role":"ADMIN","timestamp":"2026-08-17 11:33:45","userId":435}
{"level":"warn","message":"Access denied","method":"GET","path":"/api/super-admin/subscriptions","requiredRoles":["SUPER_ADMIN"],"role":"ADMIN","timestamp":"2026-08-17 11:33:45","userId":435}
{"level":"info","message":"13 subscription(s) expiring within 7 days checked.","timestamp":"2026-08-17 11:33:47"}
{"level":"info","message":"1 expired subscription(s) found.","timestamp":"2026-08-17 11:33:47"}
{"level":"info","message":"Restaurant 144 marked EXPIRED (renewable).","timestamp":"2026-08-17 11:33:47"}
{"level":"info","message":"13 subscription(s) expiring within 7 days checked.","timestamp":"2026-08-17 11:33:47"}
{"level":"info","message":"0 expired subscription(s) found.","timestamp":"2026-08-17 11:33:47"}
{"level":"info","message":"13 subscription(s) expiring within 7 days checked.","timestamp":"2026-08-17 11:33:47"}
{"level":"info","message":"0 expired subscription(s) found.","timestamp":"2026-08-17 11:33:47"}
{"level":"info","message":"13 subscription(s) expiring within 7 days checked.","timestamp":"2026-08-17 11:33:47"}
{"level":"info","message":"0 expired subscription(s) found.","timestamp":"2026-08-17 11:33:47"}
{"level":"info","message":"14 subscription(s) expiring within 7 days checked.","timestamp":"2026-08-17 11:33:47"}
{"level":"info","message":"0 expired subscription(s) found.","timestamp":"2026-08-17 11:33:47"}
{"level":"info","message":"14 subscription(s) expiring within 7 days checked.","timestamp":"2026-08-17 11:33:47"}
{"level":"info","message":"14 subscription(s) expiring within 7 days checked.","timestamp":"2026-08-17 11:33:47"}
{"level":"info","message":"0 expired subscription(s) found.","timestamp":"2026-08-17 11:33:47"}
{"level":"info","message":"0 expired subscription(s) found.","timestamp":"2026-08-17 11:33:47"}
{"endpoint":"full","level":"info","message":"Dashboard Request","queryRestaurantId":null,"restaurantId":112,"role":"ADMIN","timestamp":"2026-08-17 11:33:52","userId":377}
{"endpoint":"full","level":"info","message":"Dashboard Request","queryRestaurantId":null,"restaurantId":112,"role":"ADMIN","timestamp":"2026-08-17 11:46:27","userId":377}
{"endpoint":"full","level":"info","message":"Dashboard Request","queryRestaurantId":null,"restaurantId":112,"role":"ADMIN","timestamp":"2026-08-17 11:46:40","userId":377}
{"endpoint":"full","level":"info","message":"Dashboard Request","queryRestaurantId":null,"restaurantId":112,"role":"ADMIN","timestamp":"2026-08-17 11:46:44","userId":377}
{"endpoint":"full","level":"info","message":"Dashboard Request","queryRestaurantId":null,"restaurantId":112,"role":"ADMIN","timestamp":"2026-08-17 11:47:30","userId":377}
{"endpoint":"full","level":"info","message":"Dashboard Request","queryRestaurantId":null,"restaurantId":112,"role":"ADMIN","timestamp":"2026-08-17 11:47:44","userId":377}
{"endpoint":"full","level":"info","message":"Dashboard Request","queryRestaurantId":null,"restaurantId":112,"role":"ADMIN","timestamp":"2026-08-17 11:47:48","userId":377}
{"endpoint":"full","level":"info","message":"Dashboard Request","queryRestaurantId":null,"restaurantId":112,"role":"ADMIN","timestamp":"2026-08-17 11:48:30","userId":377}
{"endpoint":"full","level":"info","message":"Dashboard Request","queryRestaurantId":null,"restaurantId":112,"role":"ADMIN","timestamp":"2026-08-17 11:49:03","userId":377}
{"endpoint":"full","level":"info","message":"Dashboard Request","queryRestaurantId":null,"restaurantId":112,"role":"ADMIN","timestamp":"2026-08-17 11:49:38","userId":377}
{"endpoint":"full","level":"info","message":"Dashboard Request","queryRestaurantId":null,"restaurantId":112,"role":"ADMIN","timestamp":"2026-08-17 11:49:51","userId":377}
{"endpoint":"full","level":"info","message":"Dashboard Request","queryRestaurantId":null,"restaurantId":112,"role":"ADMIN","timestamp":"2026-08-17 11:50:25","userId":377}
{"endpoint":"full","level":"info","message":"Dashboard Request","queryRestaurantId":null,"restaurantId":112,"role":"ADMIN","timestamp":"2026-08-17 11:50:39","userId":377}
{"endpoint":"full","level":"info","message":"Dashboard Request","queryRestaurantId":null,"restaurantId":112,"role":"ADMIN","timestamp":"2026-08-17 11:50:45","userId":377}
{"level":"warn","message":"Access denied","method":"DELETE","path":"/api/orders/999999","requiredRoles":["ADMIN"],"role":"WAITER","timestamp":"2026-08-17 11:51:12","userId":39}
{"level":"warn","message":"Access denied","method":"POST","path":"/api/orders","requiredRoles":["ADMIN","MANAGER","CASHIER","WAITER"],"role":"KITCHEN","timestamp":"2026-08-17 11:51:12","userId":44}
{"endpoint":"full","level":"info","message":"Dashboard Request","queryRestaurantId":null,"restaurantId":1,"role":"ADMIN","timestamp":"2026-08-17 11:51:14","userId":31}
{"level":"warn","message":"Access denied","method":"POST","path":"/api/users","requiredRoles":["ADMIN"],"role":"CASHIER","timestamp":"2026-08-17 11:51:19","userId":440}
{"level":"warn","message":"Access denied","method":"GET","path":"/api/super-admin/restaurants","requiredRoles":["SUPER_ADMIN"],"role":"ADMIN","timestamp":"2026-08-17 11:51:20","userId":31}
{"endpoint":"full","level":"info","message":"Dashboard Request","queryRestaurantId":null,"restaurantId":145,"role":"ADMIN","timestamp":"2026-08-17 11:51:21","userId":443}
{"level":"error","message":"Expected property name or '}' in JSON at position 1 (line 1 column 2)","method":"POST","path":"/api/orders","role":null,"stack":"SyntaxError: Expected property name or '}' in JSON at position 1 (line 1 column 2)\n    at JSON.parse (<anonymous>)\n    at parse (C:\\POS System\\restaurant-pos-backend\\node_modules\\body-parser\\lib\\types\\json.js:91:21)\n    at C:\\POS System\\restaurant-pos-backend\\node_modules\\body-parser\\lib\\read.js:162:18\n    at AsyncResource.runInAsyncScope (node:async_hooks:227:14)\n    at invokeCallback (C:\\POS System\\restaurant-pos-backend\\node_modules\\raw-body\\index.js:238:16)\n    at done (C:\\POS System\\restaurant-pos-backend\\node_modules\\raw-body\\index.js:227:7)\n    at IncomingMessage.onEnd (C:\\POS System\\restaurant-pos-backend\\node_modules\\raw-body\\index.js:287:7)\n    at IncomingMessage.emit (node:events:509:28)\n    at endReadableNT (node:internal/streams/readable:1729:12)\n    at process.processTicksAndRejections (node:internal/process/task_queues:90:21)","timestamp":"2026-08-17 11:51:22","userId":null}
{"level":"warn","message":"Access denied","method":"POST","path":"/api/subscriptions/checkout","requiredRoles":["ADMIN"],"role":"CASHIER","timestamp":"2026-08-17 11:51:32","userId":449}
{"level":"warn","message":"Access denied","method":"POST","path":"/api/subscriptions/verify","requiredRoles":["ADMIN"],"role":"CASHIER","timestamp":"2026-08-17 11:51:32","userId":449}
{"level":"warn","message":"Access denied","method":"POST","path":"/api/subscriptions/downgrade","requiredRoles":["ADMIN"],"role":"CASHIER","timestamp":"2026-08-17 11:51:32","userId":449}
{"level":"warn","message":"Access denied","method":"DELETE","path":"/api/subscriptions/downgrade","requiredRoles":["ADMIN"],"role":"CASHIER","timestamp":"2026-08-17 11:51:32","userId":449}
{"level":"warn","message":"Access denied","method":"GET","path":"/api/super-admin/payments/gateway","requiredRoles":["SUPER_ADMIN"],"role":"ADMIN","timestamp":"2026-08-17 11:51:32","userId":448}
{"level":"warn","message":"Access denied","method":"PUT","path":"/api/super-admin/payments/gateway","requiredRoles":["SUPER_ADMIN"],"role":"ADMIN","timestamp":"2026-08-17 11:51:32","userId":448}
{"level":"warn","message":"Access denied","method":"GET","path":"/api/super-admin/subscriptions","requiredRoles":["SUPER_ADMIN"],"role":"ADMIN","timestamp":"2026-08-17 11:51:32","userId":448}
{"level":"info","message":"15 subscription(s) expiring within 7 days checked.","timestamp":"2026-08-17 11:51:34"}
{"level":"info","message":"1 expired subscription(s) found.","timestamp":"2026-08-17 11:51:34"}
{"level":"info","message":"Restaurant 150 marked EXPIRED (renewable).","timestamp":"2026-08-17 11:51:34"}
{"level":"info","message":"15 subscription(s) expiring within 7 days checked.","timestamp":"2026-08-17 11:51:34"}
{"level":"info","message":"0 expired subscription(s) found.","timestamp":"2026-08-17 11:51:34"}
{"level":"info","message":"15 subscription(s) expiring within 7 days checked.","timestamp":"2026-08-17 11:51:34"}
{"level":"info","message":"0 expired subscription(s) found.","timestamp":"2026-08-17 11:51:34"}
{"level":"info","message":"15 subscription(s) expiring within 7 days checked.","timestamp":"2026-08-17 11:51:35"}
{"level":"info","message":"0 expired subscription(s) found.","timestamp":"2026-08-17 11:51:35"}
{"level":"info","message":"16 subscription(s) expiring within 7 days checked.","timestamp":"2026-08-17 11:51:35"}
{"level":"info","message":"0 expired subscription(s) found.","timestamp":"2026-08-17 11:51:35"}
{"level":"info","message":"16 subscription(s) expiring within 7 days checked.","timestamp":"2026-08-17 11:51:35"}
{"level":"info","message":"16 subscription(s) expiring within 7 days checked.","timestamp":"2026-08-17 11:51:35"}
{"level":"info","message":"0 expired subscription(s) found.","timestamp":"2026-08-17 11:51:35"}
{"level":"info","message":"0 expired subscription(s) found.","timestamp":"2026-08-17 11:51:35"}
{"endpoint":"full","level":"info","message":"Dashboard Request","queryRestaurantId":null,"restaurantId":9,"role":"ADMIN","timestamp":"2026-08-17 11:58:09","userId":52}
{"level":"info","message":"Server running on http://localhost:5001","timestamp":"2026-08-17 11:58:21"}
{"level":"warn","message":"Access denied","method":"POST","path":"/api/subscriptions/checkout","requiredRoles":["ADMIN"],"role":"CASHIER","timestamp":"2026-08-17 11:58:29","userId":455}
{"level":"warn","message":"Access denied","method":"POST","path":"/api/subscriptions/verify","requiredRoles":["ADMIN"],"role":"CASHIER","timestamp":"2026-08-17 11:58:29","userId":455}
{"level":"warn","message":"Access denied","method":"POST","path":"/api/subscriptions/downgrade","requiredRoles":["ADMIN"],"role":"CASHIER","timestamp":"2026-08-17 11:58:29","userId":455}
{"level":"warn","message":"Access denied","method":"DELETE","path":"/api/subscriptions/downgrade","requiredRoles":["ADMIN"],"role":"CASHIER","timestamp":"2026-08-17 11:58:29","userId":455}
{"level":"warn","message":"Access denied","method":"GET","path":"/api/super-admin/payments/gateway","requiredRoles":["SUPER_ADMIN"],"role":"ADMIN","timestamp":"2026-08-17 11:58:29","userId":454}
{"level":"warn","message":"Access denied","method":"PUT","path":"/api/super-admin/payments/gateway","requiredRoles":["SUPER_ADMIN"],"role":"ADMIN","timestamp":"2026-08-17 11:58:29","userId":454}
{"level":"warn","message":"Access denied","method":"GET","path":"/api/super-admin/subscriptions","requiredRoles":["SUPER_ADMIN"],"role":"ADMIN","timestamp":"2026-08-17 11:58:29","userId":454}
{"level":"info","message":"16 subscription(s) expiring within 7 days checked.","timestamp":"2026-08-17 11:58:31"}
{"level":"info","message":"1 expired subscription(s) found.","timestamp":"2026-08-17 11:58:31"}
{"level":"info","message":"Restaurant 154 marked EXPIRED (renewable).","timestamp":"2026-08-17 11:58:31"}
{"level":"info","message":"16 subscription(s) expiring within 7 days checked.","timestamp":"2026-08-17 11:58:31"}
{"level":"info","message":"0 expired subscription(s) found.","timestamp":"2026-08-17 11:58:31"}
{"level":"info","message":"16 subscription(s) expiring within 7 days checked.","timestamp":"2026-08-17 11:58:31"}
{"level":"info","message":"0 expired subscription(s) found.","timestamp":"2026-08-17 11:58:31"}
{"level":"info","message":"16 subscription(s) expiring within 7 days checked.","timestamp":"2026-08-17 11:58:31"}
{"level":"info","message":"0 expired subscription(s) found.","timestamp":"2026-08-17 11:58:31"}
{"level":"info","message":"17 subscription(s) expiring within 7 days checked.","timestamp":"2026-08-17 11:58:31"}
{"level":"info","message":"0 expired subscription(s) found.","timestamp":"2026-08-17 11:58:31"}
{"level":"info","message":"17 subscription(s) expiring within 7 days checked.","timestamp":"2026-08-17 11:58:31"}
{"level":"info","message":"17 subscription(s) expiring within 7 days checked.","timestamp":"2026-08-17 11:58:31"}
{"level":"info","message":"0 expired subscription(s) found.","timestamp":"2026-08-17 11:58:31"}
{"level":"info","message":"0 expired subscription(s) found.","timestamp":"2026-08-17 11:58:31"}
{"endpoint":"full","level":"info","message":"Dashboard Request","queryRestaurantId":null,"restaurantId":112,"role":"ADMIN","timestamp":"2026-08-17 11:59:16","userId":377}
{"endpoint":"full","level":"info","message":"Dashboard Request","queryRestaurantId":null,"restaurantId":112,"role":"ADMIN","timestamp":"2026-08-17 12:00:18","userId":377}
{"endpoint":"full","level":"info","message":"Dashboard Request","queryRestaurantId":null,"restaurantId":112,"role":"ADMIN","timestamp":"2026-08-17 12:01:39","userId":377}
{"endpoint":"full","level":"info","message":"Dashboard Request","queryRestaurantId":null,"restaurantId":112,"role":"ADMIN","timestamp":"2026-08-17 12:02:28","userId":377}
{"endpoint":"full","level":"info","message":"Dashboard Request","queryRestaurantId":null,"restaurantId":112,"role":"ADMIN","timestamp":"2026-08-17 12:02:41","userId":377}
{"endpoint":"full","level":"info","message":"Dashboard Request","queryRestaurantId":null,"restaurantId":112,"role":"ADMIN","timestamp":"2026-08-17 12:02:48","userId":377}
{"level":"warn","message":"Access denied","method":"DELETE","path":"/api/orders/999999","requiredRoles":["ADMIN"],"role":"WAITER","timestamp":"2026-08-17 12:03:08","userId":39}
{"level":"warn","message":"Access denied","method":"POST","path":"/api/orders","requiredRoles":["ADMIN","MANAGER","CASHIER","WAITER"],"role":"KITCHEN","timestamp":"2026-08-17 12:03:08","userId":44}
{"endpoint":"full","level":"info","message":"Dashboard Request","queryRestaurantId":null,"restaurantId":1,"role":"ADMIN","timestamp":"2026-08-17 12:03:09","userId":31}
{"level":"warn","message":"Access denied","method":"POST","path":"/api/users","requiredRoles":["ADMIN"],"role":"CASHIER","timestamp":"2026-08-17 12:03:13","userId":459}
{"level":"warn","message":"Access denied","method":"GET","path":"/api/super-admin/restaurants","requiredRoles":["SUPER_ADMIN"],"role":"ADMIN","timestamp":"2026-08-17 12:03:14","userId":31}
{"endpoint":"full","level":"info","message":"Dashboard Request","queryRestaurantId":null,"restaurantId":155,"role":"ADMIN","timestamp":"2026-08-17 12:03:14","userId":462}
{"level":"error","message":"Expected property name or '}' in JSON at position 1 (line 1 column 2)","method":"POST","path":"/api/orders","role":null,"stack":"SyntaxError: Expected property name or '}' in JSON at position 1 (line 1 column 2)\n    at JSON.parse (<anonymous>)\n    at parse (C:\\POS System\\restaurant-pos-backend\\node_modules\\body-parser\\lib\\types\\json.js:91:21)\n    at C:\\POS System\\restaurant-pos-backend\\node_modules\\body-parser\\lib\\read.js:162:18\n    at AsyncResource.runInAsyncScope (node:async_hooks:227:14)\n    at invokeCallback (C:\\POS System\\restaurant-pos-backend\\node_modules\\raw-body\\index.js:238:16)\n    at done (C:\\POS System\\restaurant-pos-backend\\node_modules\\raw-body\\index.js:227:7)\n    at IncomingMessage.onEnd (C:\\POS System\\restaurant-pos-backend\\node_modules\\raw-body\\index.js:287:7)\n    at IncomingMessage.emit (node:events:509:28)\n    at endReadableNT (node:internal/streams/readable:1729:12)\n    at process.processTicksAndRejections (node:internal/process/task_queues:90:21)","timestamp":"2026-08-17 12:03:15","userId":null}
{"level":"warn","message":"Access denied","method":"POST","path":"/api/subscriptions/checkout","requiredRoles":["ADMIN"],"role":"CASHIER","timestamp":"2026-08-17 12:03:22","userId":468}
{"level":"warn","message":"Access denied","method":"POST","path":"/api/subscriptions/verify","requiredRoles":["ADMIN"],"role":"CASHIER","timestamp":"2026-08-17 12:03:22","userId":468}
{"level":"warn","message":"Access denied","method":"POST","path":"/api/subscriptions/downgrade","requiredRoles":["ADMIN"],"role":"CASHIER","timestamp":"2026-08-17 12:03:22","userId":468}
{"level":"warn","message":"Access denied","method":"DELETE","path":"/api/subscriptions/downgrade","requiredRoles":["ADMIN"],"role":"CASHIER","timestamp":"2026-08-17 12:03:22","userId":468}
{"level":"warn","message":"Access denied","method":"GET","path":"/api/super-admin/payments/gateway","requiredRoles":["SUPER_ADMIN"],"role":"ADMIN","timestamp":"2026-08-17 12:03:22","userId":467}
{"level":"warn","message":"Access denied","method":"PUT","path":"/api/super-admin/payments/gateway","requiredRoles":["SUPER_ADMIN"],"role":"ADMIN","timestamp":"2026-08-17 12:03:22","userId":467}
{"level":"warn","message":"Access denied","method":"GET","path":"/api/super-admin/subscriptions","requiredRoles":["SUPER_ADMIN"],"role":"ADMIN","timestamp":"2026-08-17 12:03:22","userId":467}
{"level":"info","message":"18 subscription(s) expiring within 7 days checked.","timestamp":"2026-08-17 12:03:24"}
{"level":"info","message":"1 expired subscription(s) found.","timestamp":"2026-08-17 12:03:24"}
{"level":"info","message":"Restaurant 160 marked EXPIRED (renewable).","timestamp":"2026-08-17 12:03:24"}
{"level":"info","message":"18 subscription(s) expiring within 7 days checked.","timestamp":"2026-08-17 12:03:24"}
{"level":"info","message":"0 expired subscription(s) found.","timestamp":"2026-08-17 12:03:24"}
{"level":"info","message":"18 subscription(s) expiring within 7 days checked.","timestamp":"2026-08-17 12:03:24"}
{"level":"info","message":"0 expired subscription(s) found.","timestamp":"2026-08-17 12:03:24"}
{"level":"info","message":"18 subscription(s) expiring within 7 days checked.","timestamp":"2026-08-17 12:03:24"}
{"level":"info","message":"0 expired subscription(s) found.","timestamp":"2026-08-17 12:03:24"}
{"level":"info","message":"19 subscription(s) expiring within 7 days checked.","timestamp":"2026-08-17 12:03:24"}
{"level":"info","message":"0 expired subscription(s) found.","timestamp":"2026-08-17 12:03:24"}
{"level":"info","message":"19 subscription(s) expiring within 7 days checked.","timestamp":"2026-08-17 12:03:24"}
{"level":"info","message":"19 subscription(s) expiring within 7 days checked.","timestamp":"2026-08-17 12:03:24"}
{"level":"info","message":"0 expired subscription(s) found.","timestamp":"2026-08-17 12:03:24"}
{"level":"info","message":"0 expired subscription(s) found.","timestamp":"2026-08-17 12:03:24"}
{"endpoint":"full","level":"info","message":"Dashboard Request","queryRestaurantId":null,"restaurantId":1,"role":"ADMIN","timestamp":"2026-08-17 12:06:10","userId":31}
{"endpoint":"full","level":"info","message":"Dashboard Request","queryRestaurantId":null,"restaurantId":1,"role":"ADMIN","timestamp":"2026-08-17 12:15:51","userId":31}
{"level":"info","message":"Server running on http://localhost:5001","timestamp":"2026-08-17 12:16:02"}
{"level":"warn","message":"Access denied","method":"POST","path":"/api/subscriptions/checkout","requiredRoles":["ADMIN"],"role":"CASHIER","timestamp":"2026-08-17 12:16:11","userId":476}
{"level":"warn","message":"Access denied","method":"POST","path":"/api/subscriptions/verify","requiredRoles":["ADMIN"],"role":"CASHIER","timestamp":"2026-08-17 12:16:11","userId":476}
{"level":"warn","message":"Access denied","method":"POST","path":"/api/subscriptions/downgrade","requiredRoles":["ADMIN"],"role":"CASHIER","timestamp":"2026-08-17 12:16:11","userId":476}
{"level":"warn","message":"Access denied","method":"DELETE","path":"/api/subscriptions/downgrade","requiredRoles":["ADMIN"],"role":"CASHIER","timestamp":"2026-08-17 12:16:11","userId":476}
{"level":"warn","message":"Access denied","method":"GET","path":"/api/super-admin/payments/gateway","requiredRoles":["SUPER_ADMIN"],"role":"ADMIN","timestamp":"2026-08-17 12:16:11","userId":475}
{"level":"warn","message":"Access denied","method":"PUT","path":"/api/super-admin/payments/gateway","requiredRoles":["SUPER_ADMIN"],"role":"ADMIN","timestamp":"2026-08-17 12:16:11","userId":475}
{"level":"warn","message":"Access denied","method":"GET","path":"/api/super-admin/subscriptions","requiredRoles":["SUPER_ADMIN"],"role":"ADMIN","timestamp":"2026-08-17 12:16:11","userId":475}
{"level":"info","message":"19 subscription(s) expiring within 7 days checked.","timestamp":"2026-08-17 12:16:13"}
{"level":"info","message":"1 expired subscription(s) found.","timestamp":"2026-08-17 12:16:13"}
{"level":"info","message":"Restaurant 166 marked EXPIRED (renewable).","timestamp":"2026-08-17 12:16:13"}
{"level":"info","message":"19 subscription(s) expiring within 7 days checked.","timestamp":"2026-08-17 12:16:13"}
{"level":"info","message":"0 expired subscription(s) found.","timestamp":"2026-08-17 12:16:13"}
{"level":"info","message":"19 subscription(s) expiring within 7 days checked.","timestamp":"2026-08-17 12:16:13"}
{"level":"info","message":"0 expired subscription(s) found.","timestamp":"2026-08-17 12:16:13"}
{"level":"info","message":"19 subscription(s) expiring within 7 days checked.","timestamp":"2026-08-17 12:16:13"}
{"level":"info","message":"0 expired subscription(s) found.","timestamp":"2026-08-17 12:16:13"}
{"level":"info","message":"20 subscription(s) expiring within 7 days checked.","timestamp":"2026-08-17 12:16:13"}
{"level":"info","message":"0 expired subscription(s) found.","timestamp":"2026-08-17 12:16:13"}
{"level":"info","message":"20 subscription(s) expiring within 7 days checked.","timestamp":"2026-08-17 12:16:13"}
{"level":"info","message":"20 subscription(s) expiring within 7 days checked.","timestamp":"2026-08-17 12:16:13"}
{"level":"info","message":"0 expired subscription(s) found.","timestamp":"2026-08-17 12:16:13"}
{"level":"info","message":"0 expired subscription(s) found.","timestamp":"2026-08-17 12:16:13"}
{"level":"warn","message":"Access denied","method":"POST","path":"/api/subscriptions/checkout","requiredRoles":["ADMIN"],"role":"CASHIER","timestamp":"2026-08-17 12:16:20","userId":480}
{"level":"warn","message":"Access denied","method":"POST","path":"/api/subscriptions/verify","requiredRoles":["ADMIN"],"role":"CASHIER","timestamp":"2026-08-17 12:16:20","userId":480}
{"level":"warn","message":"Access denied","method":"POST","path":"/api/subscriptions/downgrade","requiredRoles":["ADMIN"],"role":"CASHIER","timestamp":"2026-08-17 12:16:20","userId":480}
{"level":"warn","message":"Access denied","method":"DELETE","path":"/api/subscriptions/downgrade","requiredRoles":["ADMIN"],"role":"CASHIER","timestamp":"2026-08-17 12:16:20","userId":480}
{"level":"warn","message":"Access denied","method":"GET","path":"/api/super-admin/payments/gateway","requiredRoles":["SUPER_ADMIN"],"role":"ADMIN","timestamp":"2026-08-17 12:16:20","userId":479}
{"level":"warn","message":"Access denied","method":"PUT","path":"/api/super-admin/payments/gateway","requiredRoles":["SUPER_ADMIN"],"role":"ADMIN","timestamp":"2026-08-17 12:16:20","userId":479}
{"level":"warn","message":"Access denied","method":"GET","path":"/api/super-admin/subscriptions","requiredRoles":["SUPER_ADMIN"],"role":"ADMIN","timestamp":"2026-08-17 12:16:20","userId":479}
{"level":"info","message":"20 subscription(s) expiring within 7 days checked.","timestamp":"2026-08-17 12:16:22"}
{"level":"info","message":"1 expired subscription(s) found.","timestamp":"2026-08-17 12:16:22"}
{"level":"info","message":"Restaurant 168 marked EXPIRED (renewable).","timestamp":"2026-08-17 12:16:22"}
{"level":"info","message":"20 subscription(s) expiring within 7 days checked.","timestamp":"2026-08-17 12:16:22"}
{"level":"info","message":"0 expired subscription(s) found.","timestamp":"2026-08-17 12:16:22"}
{"level":"info","message":"20 subscription(s) expiring within 7 days checked.","timestamp":"2026-08-17 12:16:22"}
{"level":"info","message":"0 expired subscription(s) found.","timestamp":"2026-08-17 12:16:22"}
{"level":"info","message":"20 subscription(s) expiring within 7 days checked.","timestamp":"2026-08-17 12:16:22"}
{"level":"info","message":"0 expired subscription(s) found.","timestamp":"2026-08-17 12:16:22"}
{"level":"info","message":"21 subscription(s) expiring within 7 days checked.","timestamp":"2026-08-17 12:16:22"}
{"level":"info","message":"0 expired subscription(s) found.","timestamp":"2026-08-17 12:16:22"}
{"level":"info","message":"21 subscription(s) expiring within 7 days checked.","timestamp":"2026-08-17 12:16:22"}
{"level":"info","message":"21 subscription(s) expiring within 7 days checked.","timestamp":"2026-08-17 12:16:22"}
{"level":"info","message":"0 expired subscription(s) found.","timestamp":"2026-08-17 12:16:22"}
{"level":"info","message":"0 expired subscription(s) found.","timestamp":"2026-08-17 12:16:22"}
{"level":"warn","message":"Access denied","method":"POST","path":"/api/subscriptions/checkout","requiredRoles":["ADMIN"],"role":"CASHIER","timestamp":"2026-08-17 12:17:35","userId":484}
{"level":"warn","message":"Access denied","method":"POST","path":"/api/subscriptions/verify","requiredRoles":["ADMIN"],"role":"CASHIER","timestamp":"2026-08-17 12:17:35","userId":484}
{"level":"warn","message":"Access denied","method":"POST","path":"/api/subscriptions/downgrade","requiredRoles":["ADMIN"],"role":"CASHIER","timestamp":"2026-08-17 12:17:35","userId":484}
{"level":"warn","message":"Access denied","method":"DELETE","path":"/api/subscriptions/downgrade","requiredRoles":["ADMIN"],"role":"CASHIER","timestamp":"2026-08-17 12:17:35","userId":484}
{"level":"warn","message":"Access denied","method":"GET","path":"/api/super-admin/payments/gateway","requiredRoles":["SUPER_ADMIN"],"role":"ADMIN","timestamp":"2026-08-17 12:17:35","userId":483}
{"level":"warn","message":"Access denied","method":"PUT","path":"/api/super-admin/payments/gateway","requiredRoles":["SUPER_ADMIN"],"role":"ADMIN","timestamp":"2026-08-17 12:17:35","userId":483}
{"level":"warn","message":"Access denied","method":"GET","path":"/api/super-admin/subscriptions","requiredRoles":["SUPER_ADMIN"],"role":"ADMIN","timestamp":"2026-08-17 12:17:35","userId":483}
{"level":"info","message":"21 subscription(s) expiring within 7 days checked.","timestamp":"2026-08-17 12:17:37"}
{"level":"info","message":"1 expired subscription(s) found.","timestamp":"2026-08-17 12:17:37"}
{"level":"info","message":"Restaurant 170 marked EXPIRED (renewable).","timestamp":"2026-08-17 12:17:37"}
{"level":"info","message":"21 subscription(s) expiring within 7 days checked.","timestamp":"2026-08-17 12:17:37"}
{"level":"info","message":"0 expired subscription(s) found.","timestamp":"2026-08-17 12:17:37"}
{"level":"info","message":"21 subscription(s) expiring within 7 days checked.","timestamp":"2026-08-17 12:17:37"}
{"level":"info","message":"0 expired subscription(s) found.","timestamp":"2026-08-17 12:17:37"}
{"level":"info","message":"21 subscription(s) expiring within 7 days checked.","timestamp":"2026-08-17 12:17:37"}
{"level":"info","message":"0 expired subscription(s) found.","timestamp":"2026-08-17 12:17:37"}
{"level":"info","message":"22 subscription(s) expiring within 7 days checked.","timestamp":"2026-08-17 12:17:37"}
{"level":"info","message":"0 expired subscription(s) found.","timestamp":"2026-08-17 12:17:37"}
{"level":"info","message":"22 subscription(s) expiring within 7 days checked.","timestamp":"2026-08-17 12:17:37"}
{"level":"info","message":"22 subscription(s) expiring within 7 days checked.","timestamp":"2026-08-17 12:17:37"}
{"level":"info","message":"0 expired subscription(s) found.","timestamp":"2026-08-17 12:17:37"}
{"level":"info","message":"0 expired subscription(s) found.","timestamp":"2026-08-17 12:17:37"}
{"level":"warn","message":"Access denied","method":"DELETE","path":"/api/orders/999999","requiredRoles":["ADMIN"],"role":"WAITER","timestamp":"2026-08-17 12:18:07","userId":39}
{"level":"warn","message":"Access denied","method":"POST","path":"/api/orders","requiredRoles":["ADMIN","MANAGER","CASHIER","WAITER"],"role":"KITCHEN","timestamp":"2026-08-17 12:18:07","userId":44}
{"endpoint":"full","level":"info","message":"Dashboard Request","queryRestaurantId":null,"restaurantId":1,"role":"ADMIN","timestamp":"2026-08-17 12:18:09","userId":31}
{"level":"warn","message":"Access denied","method":"POST","path":"/api/users","requiredRoles":["ADMIN"],"role":"CASHIER","timestamp":"2026-08-17 12:18:14","userId":492}
{"level":"warn","message":"Access denied","method":"GET","path":"/api/super-admin/restaurants","requiredRoles":["SUPER_ADMIN"],"role":"ADMIN","timestamp":"2026-08-17 12:18:15","userId":31}
{"endpoint":"full","level":"info","message":"Dashboard Request","queryRestaurantId":null,"restaurantId":175,"role":"ADMIN","timestamp":"2026-08-17 12:18:16","userId":495}
{"level":"error","message":"Expected property name or '}' in JSON at position 1 (line 1 column 2)","method":"POST","path":"/api/orders","role":null,"stack":"SyntaxError: Expected property name or '}' in JSON at position 1 (line 1 column 2)\n    at JSON.parse (<anonymous>)\n    at parse (C:\\POS System\\restaurant-pos-backend\\node_modules\\body-parser\\lib\\types\\json.js:91:21)\n    at C:\\POS System\\restaurant-pos-backend\\node_modules\\body-parser\\lib\\read.js:162:18\n    at AsyncResource.runInAsyncScope (node:async_hooks:227:14)\n    at invokeCallback (C:\\POS System\\restaurant-pos-backend\\node_modules\\raw-body\\index.js:238:16)\n    at done (C:\\POS System\\restaurant-pos-backend\\node_modules\\raw-body\\index.js:227:7)\n    at IncomingMessage.onEnd (C:\\POS System\\restaurant-pos-backend\\node_modules\\raw-body\\index.js:287:7)\n    at IncomingMessage.emit (node:events:509:28)\n    at endReadableNT (node:internal/streams/readable:1729:12)\n    at process.processTicksAndRejections (node:internal/process/task_queues:90:21)","timestamp":"2026-08-17 12:18:16","userId":null}
{"endpoint":"full","level":"info","message":"Dashboard Request","queryRestaurantId":null,"restaurantId":112,"role":"ADMIN","timestamp":"2026-08-17 12:19:08","userId":377}
{"endpoint":"full","level":"info","message":"Dashboard Request","queryRestaurantId":null,"restaurantId":112,"role":"ADMIN","timestamp":"2026-08-17 12:19:52","userId":377}
{"endpoint":"full","level":"info","message":"Dashboard Request","queryRestaurantId":null,"restaurantId":112,"role":"ADMIN","timestamp":"2026-08-17 12:21:33","userId":377}
{"endpoint":"full","level":"info","message":"Dashboard Request","queryRestaurantId":null,"restaurantId":112,"role":"ADMIN","timestamp":"2026-08-17 12:23:21","userId":377}
{"endpoint":"full","level":"info","message":"Dashboard Request","queryRestaurantId":null,"restaurantId":112,"role":"ADMIN","timestamp":"2026-08-17 12:23:48","userId":377}
{"endpoint":"full","level":"info","message":"Dashboard Request","queryRestaurantId":null,"restaurantId":112,"role":"ADMIN","timestamp":"2026-08-17 12:24:31","userId":377}
{"endpoint":"full","level":"info","message":"Dashboard Request","queryRestaurantId":null,"restaurantId":112,"role":"ADMIN","timestamp":"2026-08-17 12:24:44","userId":377}
{"endpoint":"full","level":"info","message":"Dashboard Request","queryRestaurantId":null,"restaurantId":112,"role":"ADMIN","timestamp":"2026-08-17 12:24:50","userId":377}
{"endpoint":"full","level":"info","message":"Dashboard Request","queryRestaurantId":null,"restaurantId":9,"role":"ADMIN","timestamp":"2026-08-17 12:32:32","userId":52}
{"endpoint":"full","level":"info","message":"Dashboard Request","queryRestaurantId":null,"restaurantId":9,"role":"ADMIN","timestamp":"2026-08-17 12:33:02","userId":52}
{"endpoint":"full","level":"info","message":"Dashboard Request","queryRestaurantId":null,"restaurantId":9,"role":"ADMIN","timestamp":"2026-08-17 12:33:33","userId":52}
{"endpoint":"full","level":"info","message":"Dashboard Request","queryRestaurantId":null,"restaurantId":9,"role":"ADMIN","timestamp":"2026-08-17 12:34:04","userId":52}
{"endpoint":"full","level":"info","message":"Dashboard Request","queryRestaurantId":null,"restaurantId":9,"role":"ADMIN","timestamp":"2026-08-17 12:34:34","userId":52}
{"endpoint":"full","level":"info","message":"Dashboard Request","queryRestaurantId":null,"restaurantId":9,"role":"ADMIN","timestamp":"2026-08-17 12:35:05","userId":52}
{"endpoint":"full","level":"info","message":"Dashboard Request","queryRestaurantId":null,"restaurantId":9,"role":"ADMIN","timestamp":"2026-08-17 12:35:35","userId":52}
{"endpoint":"full","level":"info","message":"Dashboard Request","queryRestaurantId":null,"restaurantId":9,"role":"ADMIN","timestamp":"2026-08-17 12:36:05","userId":52}
{"level":"info","message":"Server running on http://localhost:5001","timestamp":"2026-08-17 12:36:22"}
{"endpoint":"full","level":"info","message":"Dashboard Request","queryRestaurantId":null,"restaurantId":9,"role":"ADMIN","timestamp":"2026-08-17 12:36:36","userId":52}
{"endpoint":"full","level":"info","message":"Dashboard Request","queryRestaurantId":null,"restaurantId":9,"role":"ADMIN","timestamp":"2026-08-17 12:37:06","userId":52}
{"level":"info","message":"Server running on http://localhost:5001","timestamp":"2026-08-17 12:37:38"}
{"endpoint":"full","level":"info","message":"Dashboard Request","queryRestaurantId":null,"restaurantId":9,"role":"ADMIN","timestamp":"2026-08-17 12:37:38","userId":52}
{"endpoint":"full","level":"info","message":"Dashboard Request","queryRestaurantId":null,"restaurantId":9,"role":"ADMIN","timestamp":"2026-08-17 12:38:07","userId":52}
{"level":"info","message":"Server running on http://localhost:5001","timestamp":"2026-08-17 12:38:16"}
{"level":"info","message":"Server running on http://localhost:5001","timestamp":"2026-08-17 12:40:20"}
{"level":"warn","message":"Access denied","method":"DELETE","path":"/api/orders/999999","requiredRoles":["ADMIN"],"role":"WAITER","timestamp":"2026-08-17 12:40:35","userId":39}
{"level":"warn","message":"Access denied","method":"POST","path":"/api/orders","requiredRoles":["ADMIN","MANAGER","CASHIER","WAITER"],"role":"KITCHEN","timestamp":"2026-08-17 12:40:35","userId":44}
{"endpoint":"full","level":"info","message":"Dashboard Request","queryRestaurantId":null,"restaurantId":1,"role":"ADMIN","timestamp":"2026-08-17 12:40:37","userId":31}
{"level":"warn","message":"Access denied","method":"POST","path":"/api/users","requiredRoles":["ADMIN"],"role":"CASHIER","timestamp":"2026-08-17 12:40:42","userId":511}
{"level":"warn","message":"Access denied","method":"GET","path":"/api/super-admin/restaurants","requiredRoles":["SUPER_ADMIN"],"role":"ADMIN","timestamp":"2026-08-17 12:40:43","userId":31}
{"endpoint":"full","level":"info","message":"Dashboard Request","queryRestaurantId":null,"restaurantId":189,"role":"ADMIN","timestamp":"2026-08-17 12:40:44","userId":514}
{"level":"error","message":"Expected property name or '}' in JSON at position 1 (line 1 column 2)","method":"POST","path":"/api/orders","role":null,"stack":"SyntaxError: Expected property name or '}' in JSON at position 1 (line 1 column 2)\n    at JSON.parse (<anonymous>)\n    at parse (C:\\POS System\\restaurant-pos-backend\\node_modules\\body-parser\\lib\\types\\json.js:91:21)\n    at C:\\POS System\\restaurant-pos-backend\\node_modules\\body-parser\\lib\\read.js:162:18\n    at AsyncResource.runInAsyncScope (node:async_hooks:227:14)\n    at invokeCallback (C:\\POS System\\restaurant-pos-backend\\node_modules\\raw-body\\index.js:238:16)\n    at done (C:\\POS System\\restaurant-pos-backend\\node_modules\\raw-body\\index.js:227:7)\n    at IncomingMessage.onEnd (C:\\POS System\\restaurant-pos-backend\\node_modules\\raw-body\\index.js:287:7)\n    at IncomingMessage.emit (node:events:509:28)\n    at endReadableNT (node:internal/streams/readable:1729:12)\n    at process.processTicksAndRejections (node:internal/process/task_queues:90:21)","timestamp":"2026-08-17 12:40:44","userId":null}
{"level":"warn","message":"Access denied","method":"DELETE","path":"/api/orders/999999","requiredRoles":["ADMIN"],"role":"WAITER","timestamp":"2026-08-17 12:40:53","userId":39}
{"level":"warn","message":"Access denied","method":"POST","path":"/api/orders","requiredRoles":["ADMIN","MANAGER","CASHIER","WAITER"],"role":"KITCHEN","timestamp":"2026-08-17 12:40:53","userId":44}
{"endpoint":"full","level":"info","message":"Dashboard Request","queryRestaurantId":null,"restaurantId":1,"role":"ADMIN","timestamp":"2026-08-17 12:40:55","userId":31}
{"level":"warn","message":"Access denied","method":"POST","path":"/api/users","requiredRoles":["ADMIN"],"role":"CASHIER","timestamp":"2026-08-17 12:41:00","userId":516}
{"level":"warn","message":"Access denied","method":"GET","path":"/api/super-admin/restaurants","requiredRoles":["SUPER_ADMIN"],"role":"ADMIN","timestamp":"2026-08-17 12:41:01","userId":31}
{"endpoint":"full","level":"info","message":"Dashboard Request","queryRestaurantId":null,"restaurantId":190,"role":"ADMIN","timestamp":"2026-08-17 12:41:01","userId":519}
{"level":"error","message":"Expected property name or '}' in JSON at position 1 (line 1 column 2)","method":"POST","path":"/api/orders","role":null,"stack":"SyntaxError: Expected property name or '}' in JSON at position 1 (line 1 column 2)\n    at JSON.parse (<anonymous>)\n    at parse (C:\\POS System\\restaurant-pos-backend\\node_modules\\body-parser\\lib\\types\\json.js:91:21)\n    at C:\\POS System\\restaurant-pos-backend\\node_modules\\body-parser\\lib\\read.js:162:18\n    at AsyncResource.runInAsyncScope (node:async_hooks:227:14)\n    at invokeCallback (C:\\POS System\\restaurant-pos-backend\\node_modules\\raw-body\\index.js:238:16)\n    at done (C:\\POS System\\restaurant-pos-backend\\node_modules\\raw-body\\index.js:227:7)\n    at IncomingMessage.onEnd (C:\\POS System\\restaurant-pos-backend\\node_modules\\raw-body\\index.js:287:7)\n    at IncomingMessage.emit (node:events:509:28)\n    at endReadableNT (node:internal/streams/readable:1729:12)\n    at process.processTicksAndRejections (node:internal/process/task_queues:90:21)","timestamp":"2026-08-17 12:41:02","userId":null}
{"level":"warn","message":"Access denied","method":"DELETE","path":"/api/orders/999999","requiredRoles":["ADMIN"],"role":"WAITER","timestamp":"2026-08-17 12:41:39","userId":39}
{"level":"warn","message":"Access denied","method":"POST","path":"/api/orders","requiredRoles":["ADMIN","MANAGER","CASHIER","WAITER"],"role":"KITCHEN","timestamp":"2026-08-17 12:41:39","userId":44}
{"endpoint":"full","level":"info","message":"Dashboard Request","queryRestaurantId":null,"restaurantId":1,"role":"ADMIN","timestamp":"2026-08-17 12:41:40","userId":31}
{"level":"warn","message":"Access denied","method":"POST","path":"/api/users","requiredRoles":["ADMIN"],"role":"CASHIER","timestamp":"2026-08-17 12:41:44","userId":521}
{"level":"warn","message":"Access denied","method":"GET","path":"/api/super-admin/restaurants","requiredRoles":["SUPER_ADMIN"],"role":"ADMIN","timestamp":"2026-08-17 12:41:45","userId":31}
{"endpoint":"full","level":"info","message":"Dashboard Request","queryRestaurantId":null,"restaurantId":191,"role":"ADMIN","timestamp":"2026-08-17 12:41:45","userId":524}
{"level":"error","message":"Expected property name or '}' in JSON at position 1 (line 1 column 2)","method":"POST","path":"/api/orders","role":null,"stack":"SyntaxError: Expected property name or '}' in JSON at position 1 (line 1 column 2)\n    at JSON.parse (<anonymous>)\n    at parse (C:\\POS System\\restaurant-pos-backend\\node_modules\\body-parser\\lib\\types\\json.js:91:21)\n    at C:\\POS System\\restaurant-pos-backend\\node_modules\\body-parser\\lib\\read.js:162:18\n    at AsyncResource.runInAsyncScope (node:async_hooks:227:14)\n    at invokeCallback (C:\\POS System\\restaurant-pos-backend\\node_modules\\raw-body\\index.js:238:16)\n    at done (C:\\POS System\\restaurant-pos-backend\\node_modules\\raw-body\\index.js:227:7)\n    at IncomingMessage.onEnd (C:\\POS System\\restaurant-pos-backend\\node_modules\\raw-body\\index.js:287:7)\n    at IncomingMessage.emit (node:events:509:28)\n    at endReadableNT (node:internal/streams/readable:1729:12)\n    at process.processTicksAndRejections (node:internal/process/task_queues:90:21)","timestamp":"2026-08-17 12:41:45","userId":null}
{"level":"info","message":"Server running on http://localhost:5001","timestamp":"2026-08-17 12:41:55"}
{"level":"warn","message":"Access denied","method":"DELETE","path":"/api/orders/999999","requiredRoles":["ADMIN"],"role":"WAITER","timestamp":"2026-08-17 12:41:59","userId":39}
{"level":"warn","message":"Access denied","method":"POST","path":"/api/orders","requiredRoles":["ADMIN","MANAGER","CASHIER","WAITER"],"role":"KITCHEN","timestamp":"2026-08-17 12:41:59","userId":44}
{"endpoint":"full","level":"info","message":"Dashboard Request","queryRestaurantId":null,"restaurantId":1,"role":"ADMIN","timestamp":"2026-08-17 12:42:00","userId":31}
{"level":"warn","message":"Access denied","method":"POST","path":"/api/users","requiredRoles":["ADMIN"],"role":"CASHIER","timestamp":"2026-08-17 12:42:03","userId":526}
{"level":"warn","message":"Access denied","method":"GET","path":"/api/super-admin/restaurants","requiredRoles":["SUPER_ADMIN"],"role":"ADMIN","timestamp":"2026-08-17 12:42:04","userId":31}
{"endpoint":"full","level":"info","message":"Dashboard Request","queryRestaurantId":null,"restaurantId":192,"role":"ADMIN","timestamp":"2026-08-17 12:42:05","userId":529}
{"level":"error","message":"Expected property name or '}' in JSON at position 1 (line 1 column 2)","method":"POST","path":"/api/orders","role":null,"stack":"SyntaxError: Expected property name or '}' in JSON at position 1 (line 1 column 2)\n    at JSON.parse (<anonymous>)\n    at parse (C:\\POS System\\restaurant-pos-backend\\node_modules\\body-parser\\lib\\types\\json.js:91:21)\n    at C:\\POS System\\restaurant-pos-backend\\node_modules\\body-parser\\lib\\read.js:162:18\n    at AsyncResource.runInAsyncScope (node:async_hooks:227:14)\n    at invokeCallback (C:\\POS System\\restaurant-pos-backend\\node_modules\\raw-body\\index.js:238:16)\n    at done (C:\\POS System\\restaurant-pos-backend\\node_modules\\raw-body\\index.js:227:7)\n    at IncomingMessage.onEnd (C:\\POS System\\restaurant-pos-backend\\node_modules\\raw-body\\index.js:287:7)\n    at IncomingMessage.emit (node:events:509:28)\n    at endReadableNT (node:internal/streams/readable:1729:12)\n    at process.processTicksAndRejections (node:internal/process/task_queues:90:21)","timestamp":"2026-08-17 12:42:05","userId":null}
{"level":"warn","message":"Access denied","method":"POST","path":"/api/subscriptions/checkout","requiredRoles":["ADMIN"],"role":"CASHIER","timestamp":"2026-08-17 12:42:16","userId":532}
{"level":"warn","message":"Access denied","method":"POST","path":"/api/subscriptions/verify","requiredRoles":["ADMIN"],"role":"CASHIER","timestamp":"2026-08-17 12:42:16","userId":532}
{"level":"warn","message":"Access denied","method":"POST","path":"/api/subscriptions/downgrade","requiredRoles":["ADMIN"],"role":"CASHIER","timestamp":"2026-08-17 12:42:16","userId":532}
{"level":"warn","message":"Access denied","method":"DELETE","path":"/api/subscriptions/downgrade","requiredRoles":["ADMIN"],"role":"CASHIER","timestamp":"2026-08-17 12:42:16","userId":532}
{"level":"warn","message":"Access denied","method":"GET","path":"/api/super-admin/payments/gateway","requiredRoles":["SUPER_ADMIN"],"role":"ADMIN","timestamp":"2026-08-17 12:42:16","userId":531}
{"level":"warn","message":"Access denied","method":"PUT","path":"/api/super-admin/payments/gateway","requiredRoles":["SUPER_ADMIN"],"role":"ADMIN","timestamp":"2026-08-17 12:42:16","userId":531}
{"level":"warn","message":"Access denied","method":"GET","path":"/api/super-admin/subscriptions","requiredRoles":["SUPER_ADMIN"],"role":"ADMIN","timestamp":"2026-08-17 12:42:16","userId":531}
{"level":"info","message":"23 subscription(s) expiring within 7 days checked.","timestamp":"2026-08-17 12:42:17"}
{"level":"info","message":"1 expired subscription(s) found.","timestamp":"2026-08-17 12:42:17"}
{"level":"info","message":"Restaurant 194 marked EXPIRED (renewable).","timestamp":"2026-08-17 12:42:17"}
{"level":"info","message":"23 subscription(s) expiring within 7 days checked.","timestamp":"2026-08-17 12:42:17"}
{"level":"info","message":"0 expired subscription(s) found.","timestamp":"2026-08-17 12:42:17"}
{"level":"info","message":"23 subscription(s) expiring within 7 days checked.","timestamp":"2026-08-17 12:42:18"}
{"level":"info","message":"0 expired subscription(s) found.","timestamp":"2026-08-17 12:42:18"}
{"level":"info","message":"23 subscription(s) expiring within 7 days checked.","timestamp":"2026-08-17 12:42:18"}
{"level":"info","message":"0 expired subscription(s) found.","timestamp":"2026-08-17 12:42:18"}
{"level":"info","message":"24 subscription(s) expiring within 7 days checked.","timestamp":"2026-08-17 12:42:18"}
{"level":"info","message":"0 expired subscription(s) found.","timestamp":"2026-08-17 12:42:18"}
{"level":"info","message":"24 subscription(s) expiring within 7 days checked.","timestamp":"2026-08-17 12:42:18"}
{"level":"info","message":"0 expired subscription(s) found.","timestamp":"2026-08-17 12:42:18"}
{"level":"info","message":"24 subscription(s) expiring within 7 days checked.","timestamp":"2026-08-17 12:42:18"}
{"level":"info","message":"0 expired subscription(s) found.","timestamp":"2026-08-17 12:42:18"}
{"endpoint":"full","level":"info","message":"Dashboard Request","queryRestaurantId":null,"restaurantId":1,"role":"ADMIN","timestamp":"2026-08-17 12:45:05","userId":31}
{"endpoint":"full","level":"info","message":"Dashboard Request","queryRestaurantId":null,"restaurantId":1,"role":"ADMIN","timestamp":"2026-08-17 12:46:39","userId":31}
{"level":"warn","message":"Access denied","method":"DELETE","path":"/api/orders/999999","requiredRoles":["ADMIN"],"role":"WAITER","timestamp":"2026-08-17 12:48:36","userId":39}
{"level":"warn","message":"Access denied","method":"POST","path":"/api/orders","requiredRoles":["ADMIN","MANAGER","CASHIER","WAITER"],"role":"KITCHEN","timestamp":"2026-08-17 12:48:36","userId":44}
{"endpoint":"full","level":"info","message":"Dashboard Request","queryRestaurantId":null,"restaurantId":1,"role":"ADMIN","timestamp":"2026-08-17 12:48:37","userId":31}
{"level":"warn","message":"Access denied","method":"POST","path":"/api/users","requiredRoles":["ADMIN"],"role":"CASHIER","timestamp":"2026-08-17 12:48:41","userId":547}
{"level":"warn","message":"Access denied","method":"GET","path":"/api/super-admin/restaurants","requiredRoles":["SUPER_ADMIN"],"role":"ADMIN","timestamp":"2026-08-17 12:48:42","userId":31}
{"endpoint":"full","level":"info","message":"Dashboard Request","queryRestaurantId":null,"restaurantId":206,"role":"ADMIN","timestamp":"2026-08-17 12:48:42","userId":550}
{"level":"error","message":"Expected property name or '}' in JSON at position 1 (line 1 column 2)","method":"POST","path":"/api/orders","role":null,"stack":"SyntaxError: Expected property name or '}' in JSON at position 1 (line 1 column 2)\n    at JSON.parse (<anonymous>)\n    at parse (C:\\POS System\\restaurant-pos-backend\\node_modules\\body-parser\\lib\\types\\json.js:91:21)\n    at C:\\POS System\\restaurant-pos-backend\\node_modules\\body-parser\\lib\\read.js:162:18\n    at AsyncResource.runInAsyncScope (node:async_hooks:227:14)\n    at invokeCallback (C:\\POS System\\restaurant-pos-backend\\node_modules\\raw-body\\index.js:238:16)\n    at done (C:\\POS System\\restaurant-pos-backend\\node_modules\\raw-body\\index.js:227:7)\n    at IncomingMessage.onEnd (C:\\POS System\\restaurant-pos-backend\\node_modules\\raw-body\\index.js:287:7)\n    at IncomingMessage.emit (node:events:509:28)\n    at endReadableNT (node:internal/streams/readable:1729:12)\n    at process.processTicksAndRejections (node:internal/process/task_queues:90:21)","timestamp":"2026-08-17 12:48:43","userId":null}
{"level":"warn","message":"Access denied","method":"POST","path":"/api/subscriptions/checkout","requiredRoles":["ADMIN"],"role":"CASHIER","timestamp":"2026-08-17 12:49:12","userId":556}
{"level":"warn","message":"Access denied","method":"POST","path":"/api/subscriptions/verify","requiredRoles":["ADMIN"],"role":"CASHIER","timestamp":"2026-08-17 12:49:12","userId":556}
{"level":"warn","message":"Access denied","method":"POST","path":"/api/subscriptions/downgrade","requiredRoles":["ADMIN"],"role":"CASHIER","timestamp":"2026-08-17 12:49:12","userId":556}
{"level":"warn","message":"Access denied","method":"DELETE","path":"/api/subscriptions/downgrade","requiredRoles":["ADMIN"],"role":"CASHIER","timestamp":"2026-08-17 12:49:12","userId":556}
{"level":"warn","message":"Access denied","method":"GET","path":"/api/super-admin/payments/gateway","requiredRoles":["SUPER_ADMIN"],"role":"ADMIN","timestamp":"2026-08-17 12:49:12","userId":555}
{"level":"warn","message":"Access denied","method":"PUT","path":"/api/super-admin/payments/gateway","requiredRoles":["SUPER_ADMIN"],"role":"ADMIN","timestamp":"2026-08-17 12:49:12","userId":555}
{"level":"warn","message":"Access denied","method":"GET","path":"/api/super-admin/subscriptions","requiredRoles":["SUPER_ADMIN"],"role":"ADMIN","timestamp":"2026-08-17 12:49:12","userId":555}
{"level":"info","message":"26 subscription(s) expiring within 7 days checked.","timestamp":"2026-08-17 12:49:13"}
{"level":"info","message":"1 expired subscription(s) found.","timestamp":"2026-08-17 12:49:13"}
{"level":"info","message":"Restaurant 211 marked EXPIRED (renewable).","timestamp":"2026-08-17 12:49:13"}
{"level":"info","message":"26 subscription(s) expiring within 7 days checked.","timestamp":"2026-08-17 12:49:13"}
{"level":"info","message":"0 expired subscription(s) found.","timestamp":"2026-08-17 12:49:13"}
{"level":"info","message":"26 subscription(s) expiring within 7 days checked.","timestamp":"2026-08-17 12:49:13"}
{"level":"info","message":"0 expired subscription(s) found.","timestamp":"2026-08-17 12:49:13"}
{"level":"info","message":"26 subscription(s) expiring within 7 days checked.","timestamp":"2026-08-17 12:49:13"}
{"level":"info","message":"0 expired subscription(s) found.","timestamp":"2026-08-17 12:49:13"}
{"level":"info","message":"27 subscription(s) expiring within 7 days checked.","timestamp":"2026-08-17 12:49:13"}
{"level":"info","message":"0 expired subscription(s) found.","timestamp":"2026-08-17 12:49:13"}
{"level":"info","message":"27 subscription(s) expiring within 7 days checked.","timestamp":"2026-08-17 12:49:13"}
{"level":"info","message":"0 expired subscription(s) found.","timestamp":"2026-08-17 12:49:13"}
{"level":"info","message":"27 subscription(s) expiring within 7 days checked.","timestamp":"2026-08-17 12:49:13"}
{"level":"info","message":"0 expired subscription(s) found.","timestamp":"2026-08-17 12:49:13"}
{"endpoint":"full","level":"info","message":"Dashboard Request","queryRestaurantId":null,"restaurantId":1,"role":"ADMIN","timestamp":"2026-08-17 12:49:59","userId":31}
{"endpoint":"full","level":"info","message":"Dashboard Request","queryRestaurantId":null,"restaurantId":112,"role":"ADMIN","timestamp":"2026-08-17 12:50:30","userId":377}
{"endpoint":"full","level":"info","message":"Dashboard Request","queryRestaurantId":null,"restaurantId":112,"role":"ADMIN","timestamp":"2026-08-17 12:51:09","userId":377}
{"endpoint":"full","level":"info","message":"Dashboard Request","queryRestaurantId":null,"restaurantId":112,"role":"ADMIN","timestamp":"2026-08-17 12:51:22","userId":377}
{"endpoint":"full","level":"info","message":"Dashboard Request","queryRestaurantId":null,"restaurantId":112,"role":"ADMIN","timestamp":"2026-08-17 12:51:28","userId":377}
{"level":"info","message":"Server running on http://localhost:5001","timestamp":"2026-08-17 13:06:07"}
{"level":"warn","message":"Access denied","method":"GET","path":"/api/super-admin/profile","requiredRoles":["SUPER_ADMIN"],"role":"ADMIN","timestamp":"2026-08-17 13:07:03","userId":563}
{"level":"warn","message":"Access denied","method":"GET","path":"/api/super-admin/profile","requiredRoles":["SUPER_ADMIN"],"role":"CASHIER","timestamp":"2026-08-17 13:07:03","userId":564}
{"level":"warn","message":"Access denied","method":"PUT","path":"/api/super-admin/profile","requiredRoles":["SUPER_ADMIN"],"role":"ADMIN","timestamp":"2026-08-17 13:07:03","userId":563}
{"level":"info","message":"Server running on http://localhost:5001","timestamp":"2026-08-17 13:07:41"}
{"level":"warn","message":"Access denied","method":"GET","path":"/api/super-admin/profile","requiredRoles":["SUPER_ADMIN"],"role":"ADMIN","timestamp":"2026-08-17 13:07:45","userId":565}
{"level":"warn","message":"Access denied","method":"GET","path":"/api/super-admin/profile","requiredRoles":["SUPER_ADMIN"],"role":"CASHIER","timestamp":"2026-08-17 13:07:45","userId":566}
{"level":"warn","message":"Access denied","method":"PUT","path":"/api/super-admin/profile","requiredRoles":["SUPER_ADMIN"],"role":"ADMIN","timestamp":"2026-08-17 13:07:45","userId":565}
{"level":"info","message":"Server running on http://localhost:5001","timestamp":"2026-08-17 13:08:44"}
{"level":"warn","message":"Access denied","method":"GET","path":"/api/super-admin/profile","requiredRoles":["SUPER_ADMIN"],"role":"ADMIN","timestamp":"2026-08-17 13:08:52","userId":567}
{"level":"warn","message":"Access denied","method":"GET","path":"/api/super-admin/profile","requiredRoles":["SUPER_ADMIN"],"role":"CASHIER","timestamp":"2026-08-17 13:08:52","userId":568}
{"level":"warn","message":"Access denied","method":"PUT","path":"/api/super-admin/profile","requiredRoles":["SUPER_ADMIN"],"role":"ADMIN","timestamp":"2026-08-17 13:08:52","userId":567}
{"endpoint":"full","level":"info","message":"Dashboard Request","queryRestaurantId":null,"restaurantId":223,"role":"ADMIN","timestamp":"2026-08-17 13:11:47","userId":573}
{"endpoint":"full","level":"info","message":"Dashboard Request","queryRestaurantId":null,"restaurantId":224,"role":"ADMIN","timestamp":"2026-08-17 13:13:17","userId":574}
{"endpoint":"full","level":"info","message":"Dashboard Request","queryRestaurantId":null,"restaurantId":225,"role":"ADMIN","timestamp":"2026-08-17 13:14:36","userId":575}
{"endpoint":"full","level":"info","message":"Dashboard Request","queryRestaurantId":null,"restaurantId":226,"role":"ADMIN","timestamp":"2026-08-17 13:15:23","userId":576}
{"endpoint":"full","level":"info","message":"Dashboard Request","queryRestaurantId":null,"restaurantId":227,"role":"ADMIN","timestamp":"2026-08-17 13:16:32","userId":577}
{"level":"warn","message":"Access denied","method":"DELETE","path":"/api/orders/999999","requiredRoles":["ADMIN"],"role":"WAITER","timestamp":"2026-08-17 13:17:43","userId":39}
{"level":"warn","message":"Access denied","method":"POST","path":"/api/orders","requiredRoles":["ADMIN","MANAGER","CASHIER","WAITER"],"role":"KITCHEN","timestamp":"2026-08-17 13:17:43","userId":44}
{"endpoint":"full","level":"info","message":"Dashboard Request","queryRestaurantId":null,"restaurantId":1,"role":"ADMIN","timestamp":"2026-08-17 13:17:44","userId":31}
{"level":"warn","message":"Access denied","method":"POST","path":"/api/users","requiredRoles":["ADMIN"],"role":"CASHIER","timestamp":"2026-08-17 13:17:48","userId":579}
{"level":"warn","message":"Access denied","method":"GET","path":"/api/super-admin/restaurants","requiredRoles":["SUPER_ADMIN"],"role":"ADMIN","timestamp":"2026-08-17 13:17:48","userId":31}
{"endpoint":"full","level":"info","message":"Dashboard Request","queryRestaurantId":null,"restaurantId":228,"role":"ADMIN","timestamp":"2026-08-17 13:17:49","userId":582}
{"level":"error","message":"Expected property name or '}' in JSON at position 1 (line 1 column 2)","method":"POST","path":"/api/orders","role":null,"stack":"SyntaxError: Expected property name or '}' in JSON at position 1 (line 1 column 2)\n    at JSON.parse (<anonymous>)\n    at parse (C:\\POS System\\restaurant-pos-backend\\node_modules\\body-parser\\lib\\types\\json.js:91:21)\n    at C:\\POS System\\restaurant-pos-backend\\node_modules\\body-parser\\lib\\read.js:162:18\n    at AsyncResource.runInAsyncScope (node:async_hooks:227:14)\n    at invokeCallback (C:\\POS System\\restaurant-pos-backend\\node_modules\\raw-body\\index.js:238:16)\n    at done (C:\\POS System\\restaurant-pos-backend\\node_modules\\raw-body\\index.js:227:7)\n    at IncomingMessage.onEnd (C:\\POS System\\restaurant-pos-backend\\node_modules\\raw-body\\index.js:287:7)\n    at IncomingMessage.emit (node:events:509:28)\n    at endReadableNT (node:internal/streams/readable:1729:12)\n    at process.processTicksAndRejections (node:internal/process/task_queues:90:21)","timestamp":"2026-08-17 13:17:49","userId":null}
{"level":"info","message":"Server running on http://localhost:5001","timestamp":"2026-08-17 13:19:02"}
{"level":"warn","message":"Access denied","method":"POST","path":"/api/subscriptions/checkout","requiredRoles":["ADMIN"],"role":"CASHIER","timestamp":"2026-08-17 13:19:15","userId":594}
{"level":"warn","message":"Access denied","method":"POST","path":"/api/subscriptions/verify","requiredRoles":["ADMIN"],"role":"CASHIER","timestamp":"2026-08-17 13:19:15","userId":594}
{"level":"warn","message":"Access denied","method":"POST","path":"/api/subscriptions/downgrade","requiredRoles":["ADMIN"],"role":"CASHIER","timestamp":"2026-08-17 13:19:15","userId":594}
{"level":"warn","message":"Access denied","method":"DELETE","path":"/api/subscriptions/downgrade","requiredRoles":["ADMIN"],"role":"CASHIER","timestamp":"2026-08-17 13:19:15","userId":594}
{"level":"warn","message":"Access denied","method":"GET","path":"/api/super-admin/payments/gateway","requiredRoles":["SUPER_ADMIN"],"role":"ADMIN","timestamp":"2026-08-17 13:19:15","userId":593}
{"level":"warn","message":"Access denied","method":"PUT","path":"/api/super-admin/payments/gateway","requiredRoles":["SUPER_ADMIN"],"role":"ADMIN","timestamp":"2026-08-17 13:19:15","userId":593}
{"level":"warn","message":"Access denied","method":"GET","path":"/api/super-admin/subscriptions","requiredRoles":["SUPER_ADMIN"],"role":"ADMIN","timestamp":"2026-08-17 13:19:15","userId":593}
{"level":"info","message":"30 subscription(s) expiring within 7 days checked.","timestamp":"2026-08-17 13:19:16"}
{"level":"info","message":"1 expired subscription(s) found.","timestamp":"2026-08-17 13:19:16"}
{"level":"info","message":"Restaurant 239 marked EXPIRED (renewable).","timestamp":"2026-08-17 13:19:16"}
{"level":"info","message":"30 subscription(s) expiring within 7 days checked.","timestamp":"2026-08-17 13:19:16"}
{"level":"info","message":"0 expired subscription(s) found.","timestamp":"2026-08-17 13:19:16"}
{"level":"info","message":"30 subscription(s) expiring within 7 days checked.","timestamp":"2026-08-17 13:19:16"}
{"level":"info","message":"0 expired subscription(s) found.","timestamp":"2026-08-17 13:19:16"}
{"level":"info","message":"30 subscription(s) expiring within 7 days checked.","timestamp":"2026-08-17 13:19:16"}
{"level":"info","message":"0 expired subscription(s) found.","timestamp":"2026-08-17 13:19:16"}
{"level":"info","message":"31 subscription(s) expiring within 7 days checked.","timestamp":"2026-08-17 13:19:16"}
{"level":"info","message":"0 expired subscription(s) found.","timestamp":"2026-08-17 13:19:16"}
{"level":"info","message":"31 subscription(s) expiring within 7 days checked.","timestamp":"2026-08-17 13:19:17"}
{"level":"info","message":"31 subscription(s) expiring within 7 days checked.","timestamp":"2026-08-17 13:19:17"}
{"level":"info","message":"0 expired subscription(s) found.","timestamp":"2026-08-17 13:19:17"}
{"level":"info","message":"0 expired subscription(s) found.","timestamp":"2026-08-17 13:19:17"}
{"level":"warn","message":"Access denied","method":"GET","path":"/api/super-admin/profile","requiredRoles":["SUPER_ADMIN"],"role":"ADMIN","timestamp":"2026-08-17 13:19:22","userId":601}
{"level":"warn","message":"Access denied","method":"GET","path":"/api/super-admin/profile","requiredRoles":["SUPER_ADMIN"],"role":"CASHIER","timestamp":"2026-08-17 13:19:22","userId":602}
{"level":"warn","message":"Access denied","method":"PUT","path":"/api/super-admin/profile","requiredRoles":["SUPER_ADMIN"],"role":"ADMIN","timestamp":"2026-08-17 13:19:22","userId":601}
{"level":"warn","message":"Access denied","method":"GET","path":"/api/super-admin/profile","requiredRoles":["SUPER_ADMIN"],"role":"ADMIN","timestamp":"2026-08-17 13:19:33","userId":606}
{"level":"warn","message":"Access denied","method":"GET","path":"/api/super-admin/profile","requiredRoles":["SUPER_ADMIN"],"role":"CASHIER","timestamp":"2026-08-17 13:19:33","userId":607}
{"level":"warn","message":"Access denied","method":"PUT","path":"/api/super-admin/profile","requiredRoles":["SUPER_ADMIN"],"role":"ADMIN","timestamp":"2026-08-17 13:19:33","userId":606}
{"level":"warn","message":"Access denied","method":"GET","path":"/api/super-admin/profile","requiredRoles":["SUPER_ADMIN"],"role":"ADMIN","timestamp":"2026-08-17 13:19:44","userId":611}
{"level":"warn","message":"Access denied","method":"GET","path":"/api/super-admin/profile","requiredRoles":["SUPER_ADMIN"],"role":"CASHIER","timestamp":"2026-08-17 13:19:44","userId":612}
{"level":"warn","message":"Access denied","method":"PUT","path":"/api/super-admin/profile","requiredRoles":["SUPER_ADMIN"],"role":"ADMIN","timestamp":"2026-08-17 13:19:44","userId":611}
{"endpoint":"full","level":"info","message":"Dashboard Request","queryRestaurantId":null,"restaurantId":1,"role":"ADMIN","timestamp":"2026-08-17 13:19:57","userId":31}
{"endpoint":"full","level":"info","message":"Dashboard Request","queryRestaurantId":null,"restaurantId":255,"role":"ADMIN","timestamp":"2026-08-17 13:21:05","userId":615}
{"endpoint":"full","level":"info","message":"Dashboard Request","queryRestaurantId":null,"restaurantId":112,"role":"ADMIN","timestamp":"2026-08-17 13:21:17","userId":377}
{"endpoint":"full","level":"info","message":"Dashboard Request","queryRestaurantId":null,"restaurantId":112,"role":"ADMIN","timestamp":"2026-08-17 13:21:56","userId":377}
{"endpoint":"full","level":"info","message":"Dashboard Request","queryRestaurantId":null,"restaurantId":112,"role":"ADMIN","timestamp":"2026-08-17 13:22:09","userId":377}
{"endpoint":"full","level":"info","message":"Dashboard Request","queryRestaurantId":null,"restaurantId":112,"role":"ADMIN","timestamp":"2026-08-17 13:22:16","userId":377}
{"endpoint":"full","level":"info","message":"Dashboard Request","queryRestaurantId":null,"restaurantId":9,"role":"ADMIN","timestamp":"2026-08-17 13:38:00","userId":52}
{"level":"info","message":"Server running on http://localhost:5001","timestamp":"2026-08-17 13:46:56"}
{"level":"warn","message":"Access denied","method":"PUT","path":"/api/super-admin/profile","requiredRoles":["SUPER_ADMIN"],"role":"ADMIN","timestamp":"2026-08-17 13:49:27","userId":620}
{"level":"warn","message":"Access denied","method":"POST","path":"/api/super-admin/restaurants","requiredRoles":["SUPER_ADMIN"],"role":"ADMIN","timestamp":"2026-08-17 13:49:27","userId":620}
{"level":"warn","message":"Access denied","method":"PUT","path":"/api/super-admin/subscriptions/258/plan","requiredRoles":["SUPER_ADMIN"],"role":"ADMIN","timestamp":"2026-08-17 13:49:27","userId":620}
{"level":"warn","message":"Access denied","method":"GET","path":"/api/super-admin/profile","requiredRoles":["SUPER_ADMIN"],"role":"ADMIN","timestamp":"2026-08-17 13:49:27","userId":620}
{"level":"warn","message":"Access denied","method":"PUT","path":"/api/super-admin/profile","requiredRoles":["SUPER_ADMIN"],"role":"ADMIN","timestamp":"2026-08-17 13:49:43","userId":622}
{"level":"warn","message":"Access denied","method":"POST","path":"/api/super-admin/restaurants","requiredRoles":["SUPER_ADMIN"],"role":"ADMIN","timestamp":"2026-08-17 13:49:43","userId":622}
{"level":"warn","message":"Access denied","method":"PUT","path":"/api/super-admin/subscriptions/259/plan","requiredRoles":["SUPER_ADMIN"],"role":"ADMIN","timestamp":"2026-08-17 13:49:43","userId":622}
{"level":"warn","message":"Access denied","method":"GET","path":"/api/super-admin/profile","requiredRoles":["SUPER_ADMIN"],"role":"ADMIN","timestamp":"2026-08-17 13:49:43","userId":622}
{"level":"info","message":"Server running on http://localhost:5001","timestamp":"2026-08-17 13:51:32"}
{"level":"warn","message":"Access denied","method":"PUT","path":"/api/super-admin/profile","requiredRoles":["SUPER_ADMIN"],"role":"ADMIN","timestamp":"2026-08-17 13:51:52","userId":624}
{"level":"warn","message":"Access denied","method":"PUT","path":"/api/super-admin/profile","requiredRoles":["SUPER_ADMIN"],"role":"CASHIER","timestamp":"2026-08-17 13:51:52","userId":626}
{"level":"warn","message":"Access denied","method":"POST","path":"/api/super-admin/restaurants","requiredRoles":["SUPER_ADMIN"],"role":"ADMIN","timestamp":"2026-08-17 13:51:52","userId":624}
{"level":"warn","message":"Access denied","method":"POST","path":"/api/super-admin/plans","requiredRoles":["SUPER_ADMIN"],"role":"CASHIER","timestamp":"2026-08-17 13:51:52","userId":626}
{"level":"warn","message":"Access denied","method":"PUT","path":"/api/super-admin/subscriptions/260/plan","requiredRoles":["SUPER_ADMIN"],"role":"ADMIN","timestamp":"2026-08-17 13:51:52","userId":624}
{"level":"warn","message":"Access denied","method":"PUT","path":"/api/super-admin/payments/gateway","requiredRoles":["SUPER_ADMIN"],"role":"CASHIER","timestamp":"2026-08-17 13:51:52","userId":626}
{"level":"warn","message":"Access denied","method":"GET","path":"/api/super-admin/profile","requiredRoles":["SUPER_ADMIN"],"role":"ADMIN","timestamp":"2026-08-17 13:51:52","userId":624}
{"level":"warn","message":"Access denied","method":"PUT","path":"/api/super-admin/profile","requiredRoles":["SUPER_ADMIN"],"role":"ADMIN","timestamp":"2026-08-17 13:53:23","userId":627}
{"level":"warn","message":"Access denied","method":"PUT","path":"/api/super-admin/profile","requiredRoles":["SUPER_ADMIN"],"role":"CASHIER","timestamp":"2026-08-17 13:53:23","userId":629}
{"level":"warn","message":"Access denied","method":"POST","path":"/api/super-admin/restaurants","requiredRoles":["SUPER_ADMIN"],"role":"ADMIN","timestamp":"2026-08-17 13:53:23","userId":627}
{"level":"warn","message":"Access denied","method":"POST","path":"/api/super-admin/plans","requiredRoles":["SUPER_ADMIN"],"role":"CASHIER","timestamp":"2026-08-17 13:53:23","userId":629}
{"level":"warn","message":"Access denied","method":"PUT","path":"/api/super-admin/subscriptions/261/plan","requiredRoles":["SUPER_ADMIN"],"role":"ADMIN","timestamp":"2026-08-17 13:53:23","userId":627}
{"level":"warn","message":"Access denied","method":"PUT","path":"/api/super-admin/payments/gateway","requiredRoles":["SUPER_ADMIN"],"role":"CASHIER","timestamp":"2026-08-17 13:53:23","userId":629}
{"level":"warn","message":"Access denied","method":"GET","path":"/api/super-admin/profile","requiredRoles":["SUPER_ADMIN"],"role":"ADMIN","timestamp":"2026-08-17 13:53:23","userId":627}
{"level":"info","message":"Server running on http://localhost:5001","timestamp":"2026-08-17 14:16:56"}
{"level":"info","message":"Server running on http://localhost:5001","timestamp":"2026-08-17 14:26:02"}
{"level":"warn","message":"Access denied","method":"DELETE","path":"/api/orders/999999","requiredRoles":["ADMIN"],"role":"WAITER","timestamp":"2026-08-17 14:26:14","userId":39}
{"level":"warn","message":"Access denied","method":"POST","path":"/api/orders","requiredRoles":["ADMIN","MANAGER","CASHIER","WAITER"],"role":"KITCHEN","timestamp":"2026-08-17 14:26:14","userId":44}
{"endpoint":"full","level":"info","message":"Dashboard Request","queryRestaurantId":null,"restaurantId":1,"role":"ADMIN","timestamp":"2026-08-17 14:26:17","userId":31}
{"level":"warn","message":"Access denied","method":"POST","path":"/api/users","requiredRoles":["ADMIN"],"role":"CASHIER","timestamp":"2026-08-17 14:26:25","userId":633}
{"level":"warn","message":"Access denied","method":"GET","path":"/api/super-admin/restaurants","requiredRoles":["SUPER_ADMIN"],"role":"ADMIN","timestamp":"2026-08-17 14:26:27","userId":31}
{"endpoint":"full","level":"info","message":"Dashboard Request","queryRestaurantId":null,"restaurantId":264,"role":"ADMIN","timestamp":"2026-08-17 14:26:28","userId":636}
{"level":"error","message":"Expected property name or '}' in JSON at position 1 (line 1 column 2)","method":"POST","path":"/api/orders","role":null,"stack":"SyntaxError: Expected property name or '}' in JSON at position 1 (line 1 column 2)\n    at JSON.parse (<anonymous>)\n    at parse (C:\\POS System\\restaurant-pos-backend\\node_modules\\body-parser\\lib\\types\\json.js:91:21)\n    at C:\\POS System\\restaurant-pos-backend\\node_modules\\body-parser\\lib\\read.js:162:18\n    at AsyncResource.runInAsyncScope (node:async_hooks:227:14)\n    at invokeCallback (C:\\POS System\\restaurant-pos-backend\\node_modules\\raw-body\\index.js:238:16)\n    at done (C:\\POS System\\restaurant-pos-backend\\node_modules\\raw-body\\index.js:227:7)\n    at IncomingMessage.onEnd (C:\\POS System\\restaurant-pos-backend\\node_modules\\raw-body\\index.js:287:7)\n    at IncomingMessage.emit (node:events:509:28)\n    at endReadableNT (node:internal/streams/readable:1729:12)\n    at process.processTicksAndRejections (node:internal/process/task_queues:90:21)","timestamp":"2026-08-17 14:26:29","userId":null}
{"level":"warn","message":"Access denied","method":"POST","path":"/api/subscriptions/checkout","requiredRoles":["ADMIN"],"role":"CASHIER","timestamp":"2026-08-17 14:26:58","userId":642}
{"level":"warn","message":"Access denied","method":"POST","path":"/api/subscriptions/verify","requiredRoles":["ADMIN"],"role":"CASHIER","timestamp":"2026-08-17 14:26:58","userId":642}
{"level":"warn","message":"Access denied","method":"POST","path":"/api/subscriptions/downgrade","requiredRoles":["ADMIN"],"role":"CASHIER","timestamp":"2026-08-17 14:26:58","userId":642}
{"level":"warn","message":"Access denied","method":"DELETE","path":"/api/subscriptions/downgrade","requiredRoles":["ADMIN"],"role":"CASHIER","timestamp":"2026-08-17 14:26:58","userId":642}
{"level":"warn","message":"Access denied","method":"GET","path":"/api/super-admin/payments/gateway","requiredRoles":["SUPER_ADMIN"],"role":"ADMIN","timestamp":"2026-08-17 14:26:58","userId":641}
{"level":"warn","message":"Access denied","method":"PUT","path":"/api/super-admin/payments/gateway","requiredRoles":["SUPER_ADMIN"],"role":"ADMIN","timestamp":"2026-08-17 14:26:58","userId":641}
{"level":"warn","message":"Access denied","method":"GET","path":"/api/super-admin/subscriptions","requiredRoles":["SUPER_ADMIN"],"role":"ADMIN","timestamp":"2026-08-17 14:26:58","userId":641}
{"level":"info","message":"32 subscription(s) expiring within 7 days checked.","timestamp":"2026-08-17 14:27:02"}
{"level":"info","message":"1 expired subscription(s) found.","timestamp":"2026-08-17 14:27:02"}
{"level":"info","message":"Restaurant 269 marked EXPIRED (renewable).","timestamp":"2026-08-17 14:27:02"}
{"level":"info","message":"32 subscription(s) expiring within 7 days checked.","timestamp":"2026-08-17 14:27:03"}
{"level":"info","message":"0 expired subscription(s) found.","timestamp":"2026-08-17 14:27:03"}
{"level":"info","message":"32 subscription(s) expiring within 7 days checked.","timestamp":"2026-08-17 14:27:03"}
{"level":"info","message":"0 expired subscription(s) found.","timestamp":"2026-08-17 14:27:03"}
{"level":"info","message":"32 subscription(s) expiring within 7 days checked.","timestamp":"2026-08-17 14:27:03"}
{"level":"info","message":"0 expired subscription(s) found.","timestamp":"2026-08-17 14:27:03"}
{"level":"info","message":"33 subscription(s) expiring within 7 days checked.","timestamp":"2026-08-17 14:27:03"}
{"level":"info","message":"0 expired subscription(s) found.","timestamp":"2026-08-17 14:27:03"}
{"level":"info","message":"33 subscription(s) expiring within 7 days checked.","timestamp":"2026-08-17 14:27:03"}
{"level":"info","message":"33 subscription(s) expiring within 7 days checked.","timestamp":"2026-08-17 14:27:03"}
{"level":"info","message":"0 expired subscription(s) found.","timestamp":"2026-08-17 14:27:03"}
{"level":"info","message":"0 expired subscription(s) found.","timestamp":"2026-08-17 14:27:03"}
{"level":"warn","message":"Access denied","method":"GET","path":"/api/super-admin/profile","requiredRoles":["SUPER_ADMIN"],"role":"ADMIN","timestamp":"2026-08-17 14:27:31","userId":649}
{"level":"warn","message":"Access denied","method":"GET","path":"/api/super-admin/profile","requiredRoles":["SUPER_ADMIN"],"role":"CASHIER","timestamp":"2026-08-17 14:27:31","userId":650}
{"level":"warn","message":"Access denied","method":"PUT","path":"/api/super-admin/profile","requiredRoles":["SUPER_ADMIN"],"role":"ADMIN","timestamp":"2026-08-17 14:27:31","userId":649}
{"level":"warn","message":"Access denied","method":"PUT","path":"/api/super-admin/profile","requiredRoles":["SUPER_ADMIN"],"role":"ADMIN","timestamp":"2026-08-17 14:27:45","userId":653}
{"level":"warn","message":"Access denied","method":"PUT","path":"/api/super-admin/profile","requiredRoles":["SUPER_ADMIN"],"role":"CASHIER","timestamp":"2026-08-17 14:27:45","userId":655}
{"level":"warn","message":"Access denied","method":"POST","path":"/api/super-admin/restaurants","requiredRoles":["SUPER_ADMIN"],"role":"ADMIN","timestamp":"2026-08-17 14:27:45","userId":653}
{"level":"warn","message":"Access denied","method":"POST","path":"/api/super-admin/plans","requiredRoles":["SUPER_ADMIN"],"role":"CASHIER","timestamp":"2026-08-17 14:27:45","userId":655}
{"level":"warn","message":"Access denied","method":"PUT","path":"/api/super-admin/subscriptions/277/plan","requiredRoles":["SUPER_ADMIN"],"role":"ADMIN","timestamp":"2026-08-17 14:27:45","userId":653}
{"level":"warn","message":"Access denied","method":"PUT","path":"/api/super-admin/payments/gateway","requiredRoles":["SUPER_ADMIN"],"role":"CASHIER","timestamp":"2026-08-17 14:27:46","userId":655}
{"level":"warn","message":"Access denied","method":"GET","path":"/api/super-admin/profile","requiredRoles":["SUPER_ADMIN"],"role":"ADMIN","timestamp":"2026-08-17 14:27:46","userId":653}
{"endpoint":"full","level":"info","message":"Dashboard Request","queryRestaurantId":null,"restaurantId":1,"role":"ADMIN","timestamp":"2026-08-17 14:27:53","userId":31}
{"endpoint":"full","level":"info","message":"Dashboard Request","queryRestaurantId":null,"restaurantId":278,"role":"ADMIN","timestamp":"2026-08-17 14:29:06","userId":656}
{"endpoint":"full","level":"info","message":"Dashboard Request","queryRestaurantId":null,"restaurantId":112,"role":"ADMIN","timestamp":"2026-08-17 14:34:14","userId":377}
{"endpoint":"full","level":"info","message":"Dashboard Request","queryRestaurantId":null,"restaurantId":112,"role":"ADMIN","timestamp":"2026-08-17 14:35:03","userId":377}
{"endpoint":"full","level":"info","message":"Dashboard Request","queryRestaurantId":null,"restaurantId":112,"role":"ADMIN","timestamp":"2026-08-17 14:35:17","userId":377}
{"endpoint":"full","level":"info","message":"Dashboard Request","queryRestaurantId":null,"restaurantId":112,"role":"ADMIN","timestamp":"2026-08-17 14:35:23","userId":377}
{"level":"warn","message":"Access denied","method":"PUT","path":"/api/super-admin/profile","requiredRoles":["SUPER_ADMIN"],"role":"ADMIN","timestamp":"2026-08-17 14:38:38","userId":658}
{"level":"warn","message":"Access denied","method":"PUT","path":"/api/super-admin/profile","requiredRoles":["SUPER_ADMIN"],"role":"CASHIER","timestamp":"2026-08-17 14:38:38","userId":660}
{"level":"warn","message":"Access denied","method":"POST","path":"/api/super-admin/restaurants","requiredRoles":["SUPER_ADMIN"],"role":"ADMIN","timestamp":"2026-08-17 14:38:38","userId":658}
{"level":"warn","message":"Access denied","method":"POST","path":"/api/super-admin/plans","requiredRoles":["SUPER_ADMIN"],"role":"CASHIER","timestamp":"2026-08-17 14:38:38","userId":660}
{"level":"warn","message":"Access denied","method":"PUT","path":"/api/super-admin/subscriptions/280/plan","requiredRoles":["SUPER_ADMIN"],"role":"ADMIN","timestamp":"2026-08-17 14:38:38","userId":658}
{"level":"warn","message":"Access denied","method":"PUT","path":"/api/super-admin/payments/gateway","requiredRoles":["SUPER_ADMIN"],"role":"CASHIER","timestamp":"2026-08-17 14:38:38","userId":660}
{"level":"warn","message":"Access denied","method":"GET","path":"/api/super-admin/profile","requiredRoles":["SUPER_ADMIN"],"role":"ADMIN","timestamp":"2026-08-17 14:38:38","userId":658}
{"level":"info","message":"Server running on http://localhost:5001","timestamp":"2026-08-17 15:20:41"}
{"level":"warn","message":"Access denied","method":"PUT","path":"/api/super-admin/profile","requiredRoles":["SUPER_ADMIN"],"role":"ADMIN","timestamp":"2026-08-17 15:28:47","userId":661}
{"level":"warn","message":"Access denied","method":"PUT","path":"/api/super-admin/profile","requiredRoles":["SUPER_ADMIN"],"role":"CASHIER","timestamp":"2026-08-17 15:28:47","userId":663}
{"level":"warn","message":"Access denied","method":"POST","path":"/api/super-admin/restaurants","requiredRoles":["SUPER_ADMIN"],"role":"ADMIN","timestamp":"2026-08-17 15:28:47","userId":661}
{"level":"warn","message":"Access denied","method":"POST","path":"/api/super-admin/plans","requiredRoles":["SUPER_ADMIN"],"role":"CASHIER","timestamp":"2026-08-17 15:28:47","userId":663}
{"level":"warn","message":"Access denied","method":"PUT","path":"/api/super-admin/subscriptions/281/plan","requiredRoles":["SUPER_ADMIN"],"role":"ADMIN","timestamp":"2026-08-17 15:28:47","userId":661}
{"level":"warn","message":"Access denied","method":"PUT","path":"/api/super-admin/payments/gateway","requiredRoles":["SUPER_ADMIN"],"role":"CASHIER","timestamp":"2026-08-17 15:28:47","userId":663}
{"level":"warn","message":"Access denied","method":"GET","path":"/api/super-admin/profile","requiredRoles":["SUPER_ADMIN"],"role":"ADMIN","timestamp":"2026-08-17 15:28:47","userId":661}
{"level":"warn","message":"Access denied","method":"PUT","path":"/api/super-admin/settings","requiredRoles":["SUPER_ADMIN"],"role":"ADMIN","timestamp":"2026-08-17 15:28:47","userId":661}
{"level":"warn","message":"Access denied","method":"PUT","path":"/api/super-admin/settings","requiredRoles":["SUPER_ADMIN"],"role":"CASHIER","timestamp":"2026-08-17 15:28:47","userId":663}
{"level":"warn","message":"Access denied","method":"PUT","path":"/api/super-admin/profile","requiredRoles":["SUPER_ADMIN"],"role":"ADMIN","timestamp":"2026-08-17 15:28:58","userId":664}
{"level":"warn","message":"Access denied","method":"PUT","path":"/api/super-admin/profile","requiredRoles":["SUPER_ADMIN"],"role":"CASHIER","timestamp":"2026-08-17 15:28:58","userId":666}
{"level":"warn","message":"Access denied","method":"POST","path":"/api/super-admin/restaurants","requiredRoles":["SUPER_ADMIN"],"role":"ADMIN","timestamp":"2026-08-17 15:28:58","userId":664}
{"level":"warn","message":"Access denied","method":"POST","path":"/api/super-admin/plans","requiredRoles":["SUPER_ADMIN"],"role":"CASHIER","timestamp":"2026-08-17 15:28:58","userId":666}
{"level":"warn","message":"Access denied","method":"PUT","path":"/api/super-admin/subscriptions/282/plan","requiredRoles":["SUPER_ADMIN"],"role":"ADMIN","timestamp":"2026-08-17 15:28:58","userId":664}
{"level":"warn","message":"Access denied","method":"PUT","path":"/api/super-admin/payments/gateway","requiredRoles":["SUPER_ADMIN"],"role":"CASHIER","timestamp":"2026-08-17 15:28:58","userId":666}
{"level":"warn","message":"Access denied","method":"GET","path":"/api/super-admin/profile","requiredRoles":["SUPER_ADMIN"],"role":"ADMIN","timestamp":"2026-08-17 15:28:58","userId":664}
{"level":"warn","message":"Access denied","method":"PUT","path":"/api/super-admin/settings","requiredRoles":["SUPER_ADMIN"],"role":"ADMIN","timestamp":"2026-08-17 15:28:58","userId":664}
{"level":"warn","message":"Access denied","method":"PUT","path":"/api/super-admin/settings","requiredRoles":["SUPER_ADMIN"],"role":"CASHIER","timestamp":"2026-08-17 15:28:58","userId":666}
{"level":"warn","message":"Access denied","method":"DELETE","path":"/api/orders/999999","requiredRoles":["ADMIN"],"role":"WAITER","timestamp":"2026-08-17 15:29:09","userId":39}
{"level":"warn","message":"Access denied","method":"POST","path":"/api/orders","requiredRoles":["ADMIN","MANAGER","CASHIER","WAITER"],"role":"KITCHEN","timestamp":"2026-08-17 15:29:09","userId":44}
{"endpoint":"full","level":"info","message":"Dashboard Request","queryRestaurantId":null,"restaurantId":1,"role":"ADMIN","timestamp":"2026-08-17 15:29:10","userId":31}
{"level":"warn","message":"Access denied","method":"POST","path":"/api/users","requiredRoles":["ADMIN"],"role":"CASHIER","timestamp":"2026-08-17 15:29:13","userId":668}
{"level":"warn","message":"Access denied","method":"GET","path":"/api/super-admin/restaurants","requiredRoles":["SUPER_ADMIN"],"role":"ADMIN","timestamp":"2026-08-17 15:29:14","userId":31}
{"endpoint":"full","level":"info","message":"Dashboard Request","queryRestaurantId":null,"restaurantId":283,"role":"ADMIN","timestamp":"2026-08-17 15:29:15","userId":671}
{"level":"error","message":"Expected property name or '}' in JSON at position 1 (line 1 column 2)","method":"POST","path":"/api/orders","role":null,"stack":"SyntaxError: Expected property name or '}' in JSON at position 1 (line 1 column 2)\n    at JSON.parse (<anonymous>)\n    at parse (C:\\POS System\\restaurant-pos-backend\\node_modules\\body-parser\\lib\\types\\json.js:91:21)\n    at C:\\POS System\\restaurant-pos-backend\\node_modules\\body-parser\\lib\\read.js:162:18\n    at AsyncResource.runInAsyncScope (node:async_hooks:227:14)\n    at invokeCallback (C:\\POS System\\restaurant-pos-backend\\node_modules\\raw-body\\index.js:238:16)\n    at done (C:\\POS System\\restaurant-pos-backend\\node_modules\\raw-body\\index.js:227:7)\n    at IncomingMessage.onEnd (C:\\POS System\\restaurant-pos-backend\\node_modules\\raw-body\\index.js:287:7)\n    at IncomingMessage.emit (node:events:509:28)\n    at endReadableNT (node:internal/streams/readable:1729:12)\n    at process.processTicksAndRejections (node:internal/process/task_queues:90:21)","timestamp":"2026-08-17 15:29:15","userId":null}
{"level":"warn","message":"Access denied","method":"POST","path":"/api/subscriptions/checkout","requiredRoles":["ADMIN"],"role":"CASHIER","timestamp":"2026-08-17 15:29:32","userId":677}
{"level":"warn","message":"Access denied","method":"POST","path":"/api/subscriptions/verify","requiredRoles":["ADMIN"],"role":"CASHIER","timestamp":"2026-08-17 15:29:32","userId":677}
{"level":"warn","message":"Access denied","method":"POST","path":"/api/subscriptions/downgrade","requiredRoles":["ADMIN"],"role":"CASHIER","timestamp":"2026-08-17 15:29:32","userId":677}
{"level":"warn","message":"Access denied","method":"DELETE","path":"/api/subscriptions/downgrade","requiredRoles":["ADMIN"],"role":"CASHIER","timestamp":"2026-08-17 15:29:32","userId":677}
{"level":"warn","message":"Access denied","method":"GET","path":"/api/super-admin/payments/gateway","requiredRoles":["SUPER_ADMIN"],"role":"ADMIN","timestamp":"2026-08-17 15:29:32","userId":676}
{"level":"warn","message":"Access denied","method":"PUT","path":"/api/super-admin/payments/gateway","requiredRoles":["SUPER_ADMIN"],"role":"ADMIN","timestamp":"2026-08-17 15:29:32","userId":676}
{"level":"warn","message":"Access denied","method":"GET","path":"/api/super-admin/subscriptions","requiredRoles":["SUPER_ADMIN"],"role":"ADMIN","timestamp":"2026-08-17 15:29:32","userId":676}
{"level":"info","message":"34 subscription(s) expiring within 7 days checked.","timestamp":"2026-08-17 15:29:34"}
{"level":"info","message":"1 expired subscription(s) found.","timestamp":"2026-08-17 15:29:34"}
{"level":"info","message":"Restaurant 288 marked EXPIRED (renewable).","timestamp":"2026-08-17 15:29:34"}
{"level":"info","message":"34 subscription(s) expiring within 7 days checked.","timestamp":"2026-08-17 15:29:34"}
{"level":"info","message":"0 expired subscription(s) found.","timestamp":"2026-08-17 15:29:34"}
{"level":"info","message":"34 subscription(s) expiring within 7 days checked.","timestamp":"2026-08-17 15:29:34"}
{"level":"info","message":"0 expired subscription(s) found.","timestamp":"2026-08-17 15:29:34"}
{"level":"info","message":"34 subscription(s) expiring within 7 days checked.","timestamp":"2026-08-17 15:29:34"}
{"level":"info","message":"0 expired subscription(s) found.","timestamp":"2026-08-17 15:29:34"}
{"level":"info","message":"35 subscription(s) expiring within 7 days checked.","timestamp":"2026-08-17 15:29:34"}
{"level":"info","message":"0 expired subscription(s) found.","timestamp":"2026-08-17 15:29:34"}
{"level":"info","message":"35 subscription(s) expiring within 7 days checked.","timestamp":"2026-08-17 15:29:34"}
{"level":"info","message":"35 subscription(s) expiring within 7 days checked.","timestamp":"2026-08-17 15:29:34"}
{"level":"info","message":"0 expired subscription(s) found.","timestamp":"2026-08-17 15:29:34"}
{"level":"info","message":"0 expired subscription(s) found.","timestamp":"2026-08-17 15:29:34"}
{"level":"warn","message":"Access denied","method":"GET","path":"/api/super-admin/profile","requiredRoles":["SUPER_ADMIN"],"role":"ADMIN","timestamp":"2026-08-17 15:29:47","userId":684}
{"level":"warn","message":"Access denied","method":"GET","path":"/api/super-admin/profile","requiredRoles":["SUPER_ADMIN"],"role":"CASHIER","timestamp":"2026-08-17 15:29:47","userId":685}
{"level":"warn","message":"Access denied","method":"PUT","path":"/api/super-admin/profile","requiredRoles":["SUPER_ADMIN"],"role":"ADMIN","timestamp":"2026-08-17 15:29:47","userId":684}
{"level":"warn","message":"Access denied","method":"PUT","path":"/api/super-admin/profile","requiredRoles":["SUPER_ADMIN"],"role":"ADMIN","timestamp":"2026-08-17 15:29:58","userId":689}
{"level":"warn","message":"Access denied","method":"PUT","path":"/api/super-admin/profile","requiredRoles":["SUPER_ADMIN"],"role":"CASHIER","timestamp":"2026-08-17 15:29:58","userId":691}
{"level":"warn","message":"Access denied","method":"POST","path":"/api/super-admin/restaurants","requiredRoles":["SUPER_ADMIN"],"role":"ADMIN","timestamp":"2026-08-17 15:29:58","userId":689}
{"level":"warn","message":"Access denied","method":"POST","path":"/api/super-admin/plans","requiredRoles":["SUPER_ADMIN"],"role":"CASHIER","timestamp":"2026-08-17 15:29:58","userId":691}
{"level":"warn","message":"Access denied","method":"PUT","path":"/api/super-admin/subscriptions/297/plan","requiredRoles":["SUPER_ADMIN"],"role":"ADMIN","timestamp":"2026-08-17 15:29:58","userId":689}
{"level":"warn","message":"Access denied","method":"PUT","path":"/api/super-admin/payments/gateway","requiredRoles":["SUPER_ADMIN"],"role":"CASHIER","timestamp":"2026-08-17 15:29:58","userId":691}
{"level":"warn","message":"Access denied","method":"GET","path":"/api/super-admin/profile","requiredRoles":["SUPER_ADMIN"],"role":"ADMIN","timestamp":"2026-08-17 15:29:58","userId":689}
{"level":"warn","message":"Access denied","method":"PUT","path":"/api/super-admin/settings","requiredRoles":["SUPER_ADMIN"],"role":"ADMIN","timestamp":"2026-08-17 15:29:58","userId":689}
{"level":"warn","message":"Access denied","method":"PUT","path":"/api/super-admin/settings","requiredRoles":["SUPER_ADMIN"],"role":"CASHIER","timestamp":"2026-08-17 15:29:58","userId":691}
{"level":"warn","message":"Access denied","method":"GET","path":"/api/super-admin/profile","requiredRoles":["SUPER_ADMIN"],"role":"ADMIN","timestamp":"2026-08-17 15:30:03","userId":692}
{"level":"warn","message":"Access denied","method":"GET","path":"/api/super-admin/profile","requiredRoles":["SUPER_ADMIN"],"role":"CASHIER","timestamp":"2026-08-17 15:30:03","userId":693}
{"level":"warn","message":"Access denied","method":"PUT","path":"/api/super-admin/profile","requiredRoles":["SUPER_ADMIN"],"role":"ADMIN","timestamp":"2026-08-17 15:30:03","userId":692}
{"level":"warn","message":"Access denied","method":"GET","path":"/api/super-admin/profile","requiredRoles":["SUPER_ADMIN"],"role":"ADMIN","timestamp":"2026-08-17 15:30:10","userId":696}
{"level":"warn","message":"Access denied","method":"GET","path":"/api/super-admin/profile","requiredRoles":["SUPER_ADMIN"],"role":"CASHIER","timestamp":"2026-08-17 15:30:10","userId":697}
{"level":"warn","message":"Access denied","method":"PUT","path":"/api/super-admin/profile","requiredRoles":["SUPER_ADMIN"],"role":"ADMIN","timestamp":"2026-08-17 15:30:10","userId":696}
{"endpoint":"full","level":"info","message":"Dashboard Request","queryRestaurantId":null,"restaurantId":1,"role":"ADMIN","timestamp":"2026-08-17 15:30:18","userId":31}
{"endpoint":"full","level":"info","message":"Dashboard Request","queryRestaurantId":null,"restaurantId":304,"role":"ADMIN","timestamp":"2026-08-17 15:31:32","userId":700}
{"endpoint":"full","level":"info","message":"Dashboard Request","queryRestaurantId":null,"restaurantId":112,"role":"ADMIN","timestamp":"2026-08-17 15:37:05","userId":377}
{"endpoint":"full","level":"info","message":"Dashboard Request","queryRestaurantId":null,"restaurantId":112,"role":"ADMIN","timestamp":"2026-08-17 15:37:44","userId":377}
{"endpoint":"full","level":"info","message":"Dashboard Request","queryRestaurantId":null,"restaurantId":112,"role":"ADMIN","timestamp":"2026-08-17 15:37:57","userId":377}
{"endpoint":"full","level":"info","message":"Dashboard Request","queryRestaurantId":null,"restaurantId":112,"role":"ADMIN","timestamp":"2026-08-17 15:38:04","userId":377}
{"level":"warn","message":"Access denied","method":"PUT","path":"/api/super-admin/profile","requiredRoles":["SUPER_ADMIN"],"role":"ADMIN","timestamp":"2026-08-17 15:39:39","userId":702}
{"level":"warn","message":"Access denied","method":"PUT","path":"/api/super-admin/profile","requiredRoles":["SUPER_ADMIN"],"role":"CASHIER","timestamp":"2026-08-17 15:39:39","userId":704}
{"level":"warn","message":"Access denied","method":"POST","path":"/api/super-admin/restaurants","requiredRoles":["SUPER_ADMIN"],"role":"ADMIN","timestamp":"2026-08-17 15:39:39","userId":702}
{"level":"warn","message":"Access denied","method":"POST","path":"/api/super-admin/plans","requiredRoles":["SUPER_ADMIN"],"role":"CASHIER","timestamp":"2026-08-17 15:39:39","userId":704}
{"level":"warn","message":"Access denied","method":"PUT","path":"/api/super-admin/subscriptions/306/plan","requiredRoles":["SUPER_ADMIN"],"role":"ADMIN","timestamp":"2026-08-17 15:39:39","userId":702}
{"level":"warn","message":"Access denied","method":"PUT","path":"/api/super-admin/payments/gateway","requiredRoles":["SUPER_ADMIN"],"role":"CASHIER","timestamp":"2026-08-17 15:39:39","userId":704}
{"level":"warn","message":"Access denied","method":"GET","path":"/api/super-admin/profile","requiredRoles":["SUPER_ADMIN"],"role":"ADMIN","timestamp":"2026-08-17 15:39:39","userId":702}
{"level":"warn","message":"Access denied","method":"PUT","path":"/api/super-admin/settings","requiredRoles":["SUPER_ADMIN"],"role":"ADMIN","timestamp":"2026-08-17 15:39:39","userId":702}
{"level":"warn","message":"Access denied","method":"PUT","path":"/api/super-admin/settings","requiredRoles":["SUPER_ADMIN"],"role":"CASHIER","timestamp":"2026-08-17 15:39:39","userId":704}
{"endpoint":"full","level":"info","message":"Dashboard Request","queryRestaurantId":null,"restaurantId":9,"role":"ADMIN","timestamp":"2026-08-17 15:47:57","userId":52}
{"endpoint":"full","level":"info","message":"Dashboard Request","queryRestaurantId":null,"restaurantId":9,"role":"ADMIN","timestamp":"2026-08-17 15:48:29","userId":52}
{"endpoint":"full","level":"info","message":"Dashboard Request","queryRestaurantId":null,"restaurantId":1,"role":"ADMIN","timestamp":"2026-08-17 15:57:58","userId":31}
{"endpoint":"full","level":"info","message":"Dashboard Request","queryRestaurantId":null,"restaurantId":1,"role":"ADMIN","timestamp":"2026-08-17 15:58:12","userId":31}
{"endpoint":"full","level":"info","message":"Dashboard Request","queryRestaurantId":null,"restaurantId":1,"role":"ADMIN","timestamp":"2026-08-17 15:58:16","userId":31}
{"endpoint":"full","level":"info","message":"Dashboard Request","queryRestaurantId":null,"restaurantId":1,"role":"ADMIN","timestamp":"2026-08-17 15:58:35","userId":31}
{"endpoint":"full","level":"info","message":"Dashboard Request","queryRestaurantId":null,"restaurantId":1,"role":"ADMIN","timestamp":"2026-08-17 15:58:57","userId":31}
{"endpoint":"full","level":"info","message":"Dashboard Request","queryRestaurantId":null,"restaurantId":1,"role":"ADMIN","timestamp":"2026-08-17 15:59:24","userId":31}
{"endpoint":"full","level":"info","message":"Dashboard Request","queryRestaurantId":null,"restaurantId":1,"role":"ADMIN","timestamp":"2026-08-17 15:59:38","userId":31}
{"endpoint":"full","level":"info","message":"Dashboard Request","queryRestaurantId":null,"restaurantId":1,"role":"ADMIN","timestamp":"2026-08-17 15:59:42","userId":31}
{"endpoint":"full","level":"info","message":"Dashboard Request","queryRestaurantId":null,"restaurantId":1,"role":"ADMIN","timestamp":"2026-08-17 16:00:05","userId":31}
{"endpoint":"full","level":"info","message":"Dashboard Request","queryRestaurantId":null,"restaurantId":1,"role":"ADMIN","timestamp":"2026-08-17 16:00:22","userId":31}
{"endpoint":"full","level":"info","message":"Dashboard Request","queryRestaurantId":null,"restaurantId":1,"role":"ADMIN","timestamp":"2026-08-17 16:00:42","userId":31}
{"endpoint":"full","level":"info","message":"Dashboard Request","queryRestaurantId":null,"restaurantId":1,"role":"ADMIN","timestamp":"2026-08-17 16:02:49","userId":31}
{"endpoint":"full","level":"info","message":"Dashboard Request","queryRestaurantId":null,"restaurantId":112,"role":"ADMIN","timestamp":"2026-08-17 16:09:13","userId":377}
{"endpoint":"full","level":"info","message":"Dashboard Request","queryRestaurantId":null,"restaurantId":112,"role":"ADMIN","timestamp":"2026-08-17 16:09:52","userId":377}
{"endpoint":"full","level":"info","message":"Dashboard Request","queryRestaurantId":null,"restaurantId":112,"role":"ADMIN","timestamp":"2026-08-17 16:10:05","userId":377}
{"endpoint":"full","level":"info","message":"Dashboard Request","queryRestaurantId":null,"restaurantId":112,"role":"ADMIN","timestamp":"2026-08-17 16:10:11","userId":377}
{"endpoint":"full","level":"info","message":"Dashboard Request","queryRestaurantId":null,"restaurantId":1,"role":"ADMIN","timestamp":"2026-08-17 16:10:35","userId":31}
{"endpoint":"full","level":"info","message":"Dashboard Request","queryRestaurantId":null,"restaurantId":1,"role":"ADMIN","timestamp":"2026-08-17 16:10:52","userId":31}
{"endpoint":"full","level":"info","message":"Dashboard Request","queryRestaurantId":null,"restaurantId":1,"role":"ADMIN","timestamp":"2026-08-17 16:11:05","userId":31}
{"level":"warn","message":"Access denied","method":"DELETE","path":"/api/orders/999999","requiredRoles":["ADMIN"],"role":"WAITER","timestamp":"2026-08-17 16:13:51","userId":39}
{"level":"warn","message":"Access denied","method":"POST","path":"/api/orders","requiredRoles":["ADMIN","MANAGER","CASHIER","WAITER"],"role":"KITCHEN","timestamp":"2026-08-17 16:13:51","userId":44}
{"endpoint":"full","level":"info","message":"Dashboard Request","queryRestaurantId":null,"restaurantId":1,"role":"ADMIN","timestamp":"2026-08-17 16:13:52","userId":31}
{"level":"warn","message":"Access denied","method":"POST","path":"/api/users","requiredRoles":["ADMIN"],"role":"CASHIER","timestamp":"2026-08-17 16:13:56","userId":706}
{"level":"warn","message":"Access denied","method":"GET","path":"/api/super-admin/restaurants","requiredRoles":["SUPER_ADMIN"],"role":"ADMIN","timestamp":"2026-08-17 16:13:57","userId":31}
{"endpoint":"full","level":"info","message":"Dashboard Request","queryRestaurantId":null,"restaurantId":307,"role":"ADMIN","timestamp":"2026-08-17 16:13:57","userId":709}
{"level":"error","message":"Expected property name or '}' in JSON at position 1 (line 1 column 2)","method":"POST","path":"/api/orders","role":null,"stack":"SyntaxError: Expected property name or '}' in JSON at position 1 (line 1 column 2)\n    at JSON.parse (<anonymous>)\n    at parse (C:\\POS System\\restaurant-pos-backend\\node_modules\\body-parser\\lib\\types\\json.js:91:21)\n    at C:\\POS System\\restaurant-pos-backend\\node_modules\\body-parser\\lib\\read.js:162:18\n    at AsyncResource.runInAsyncScope (node:async_hooks:227:14)\n    at invokeCallback (C:\\POS System\\restaurant-pos-backend\\node_modules\\raw-body\\index.js:238:16)\n    at done (C:\\POS System\\restaurant-pos-backend\\node_modules\\raw-body\\index.js:227:7)\n    at IncomingMessage.onEnd (C:\\POS System\\restaurant-pos-backend\\node_modules\\raw-body\\index.js:287:7)\n    at IncomingMessage.emit (node:events:509:28)\n    at endReadableNT (node:internal/streams/readable:1729:12)\n    at process.processTicksAndRejections (node:internal/process/task_queues:90:21)","timestamp":"2026-08-17 16:13:57","userId":null}
{"level":"warn","message":"Access denied","method":"POST","path":"/api/subscriptions/checkout","requiredRoles":["ADMIN"],"role":"CASHIER","timestamp":"2026-08-17 16:14:05","userId":715}
{"level":"warn","message":"Access denied","method":"POST","path":"/api/subscriptions/verify","requiredRoles":["ADMIN"],"role":"CASHIER","timestamp":"2026-08-17 16:14:05","userId":715}
{"level":"warn","message":"Access denied","method":"POST","path":"/api/subscriptions/downgrade","requiredRoles":["ADMIN"],"role":"CASHIER","timestamp":"2026-08-17 16:14:05","userId":715}
{"level":"warn","message":"Access denied","method":"DELETE","path":"/api/subscriptions/downgrade","requiredRoles":["ADMIN"],"role":"CASHIER","timestamp":"2026-08-17 16:14:05","userId":715}
{"level":"warn","message":"Access denied","method":"GET","path":"/api/super-admin/payments/gateway","requiredRoles":["SUPER_ADMIN"],"role":"ADMIN","timestamp":"2026-08-17 16:14:05","userId":714}
{"level":"warn","message":"Access denied","method":"PUT","path":"/api/super-admin/payments/gateway","requiredRoles":["SUPER_ADMIN"],"role":"ADMIN","timestamp":"2026-08-17 16:14:05","userId":714}
{"level":"warn","message":"Access denied","method":"GET","path":"/api/super-admin/subscriptions","requiredRoles":["SUPER_ADMIN"],"role":"ADMIN","timestamp":"2026-08-17 16:14:05","userId":714}
{"level":"info","message":"36 subscription(s) expiring within 7 days checked.","timestamp":"2026-08-17 16:14:07"}
{"level":"info","message":"1 expired subscription(s) found.","timestamp":"2026-08-17 16:14:07"}
{"level":"info","message":"Restaurant 312 marked EXPIRED (renewable).","timestamp":"2026-08-17 16:14:07"}
{"level":"info","message":"36 subscription(s) expiring within 7 days checked.","timestamp":"2026-08-17 16:14:07"}
{"level":"info","message":"0 expired subscription(s) found.","timestamp":"2026-08-17 16:14:07"}
{"level":"info","message":"36 subscription(s) expiring within 7 days checked.","timestamp":"2026-08-17 16:14:07"}
{"level":"info","message":"0 expired subscription(s) found.","timestamp":"2026-08-17 16:14:07"}
{"level":"info","message":"36 subscription(s) expiring within 7 days checked.","timestamp":"2026-08-17 16:14:07"}
{"level":"info","message":"0 expired subscription(s) found.","timestamp":"2026-08-17 16:14:07"}
{"level":"info","message":"37 subscription(s) expiring within 7 days checked.","timestamp":"2026-08-17 16:14:07"}
{"level":"info","message":"0 expired subscription(s) found.","timestamp":"2026-08-17 16:14:07"}
{"level":"info","message":"37 subscription(s) expiring within 7 days checked.","timestamp":"2026-08-17 16:14:07"}
{"level":"info","message":"37 subscription(s) expiring within 7 days checked.","timestamp":"2026-08-17 16:14:07"}
{"level":"info","message":"0 expired subscription(s) found.","timestamp":"2026-08-17 16:14:07"}
{"level":"info","message":"0 expired subscription(s) found.","timestamp":"2026-08-17 16:14:07"}
{"level":"warn","message":"Access denied","method":"POST","path":"/api/subscriptions/checkout","requiredRoles":["ADMIN"],"role":"CASHIER","timestamp":"2026-08-17 16:14:15","userId":719}
{"level":"warn","message":"Access denied","method":"POST","path":"/api/subscriptions/verify","requiredRoles":["ADMIN"],"role":"CASHIER","timestamp":"2026-08-17 16:14:15","userId":719}
{"level":"warn","message":"Access denied","method":"POST","path":"/api/subscriptions/downgrade","requiredRoles":["ADMIN"],"role":"CASHIER","timestamp":"2026-08-17 16:14:15","userId":719}
{"level":"warn","message":"Access denied","method":"DELETE","path":"/api/subscriptions/downgrade","requiredRoles":["ADMIN"],"role":"CASHIER","timestamp":"2026-08-17 16:14:15","userId":719}
{"level":"warn","message":"Access denied","method":"GET","path":"/api/super-admin/payments/gateway","requiredRoles":["SUPER_ADMIN"],"role":"ADMIN","timestamp":"2026-08-17 16:14:15","userId":718}
{"level":"warn","message":"Access denied","method":"PUT","path":"/api/super-admin/payments/gateway","requiredRoles":["SUPER_ADMIN"],"role":"ADMIN","timestamp":"2026-08-17 16:14:15","userId":718}
{"level":"warn","message":"Access denied","method":"GET","path":"/api/super-admin/subscriptions","requiredRoles":["SUPER_ADMIN"],"role":"ADMIN","timestamp":"2026-08-17 16:14:15","userId":718}
{"level":"info","message":"37 subscription(s) expiring within 7 days checked.","timestamp":"2026-08-17 16:14:16"}
{"level":"info","message":"1 expired subscription(s) found.","timestamp":"2026-08-17 16:14:16"}
{"level":"info","message":"Restaurant 314 marked EXPIRED (renewable).","timestamp":"2026-08-17 16:14:16"}
{"level":"info","message":"37 subscription(s) expiring within 7 days checked.","timestamp":"2026-08-17 16:14:16"}
{"level":"info","message":"0 expired subscription(s) found.","timestamp":"2026-08-17 16:14:16"}
{"level":"info","message":"37 subscription(s) expiring within 7 days checked.","timestamp":"2026-08-17 16:14:16"}
{"level":"info","message":"0 expired subscription(s) found.","timestamp":"2026-08-17 16:14:16"}
{"level":"info","message":"37 subscription(s) expiring within 7 days checked.","timestamp":"2026-08-17 16:14:16"}
{"level":"info","message":"0 expired subscription(s) found.","timestamp":"2026-08-17 16:14:16"}
{"level":"info","message":"38 subscription(s) expiring within 7 days checked.","timestamp":"2026-08-17 16:14:16"}
{"level":"info","message":"0 expired subscription(s) found.","timestamp":"2026-08-17 16:14:16"}
{"level":"info","message":"38 subscription(s) expiring within 7 days checked.","timestamp":"2026-08-17 16:14:16"}
{"level":"info","message":"38 subscription(s) expiring within 7 days checked.","timestamp":"2026-08-17 16:14:16"}
{"level":"info","message":"0 expired subscription(s) found.","timestamp":"2026-08-17 16:14:16"}
{"level":"info","message":"0 expired subscription(s) found.","timestamp":"2026-08-17 16:14:16"}
{"level":"info","message":"Server running on http://localhost:5001","timestamp":"2026-08-17 16:14:37"}
{"level":"warn","message":"Access denied","method":"POST","path":"/api/subscriptions/checkout","requiredRoles":["ADMIN"],"role":"CASHIER","timestamp":"2026-08-17 16:14:40","userId":723}
{"level":"warn","message":"Access denied","method":"POST","path":"/api/subscriptions/verify","requiredRoles":["ADMIN"],"role":"CASHIER","timestamp":"2026-08-17 16:14:40","userId":723}
{"level":"warn","message":"Access denied","method":"POST","path":"/api/subscriptions/downgrade","requiredRoles":["ADMIN"],"role":"CASHIER","timestamp":"2026-08-17 16:14:40","userId":723}
{"level":"warn","message":"Access denied","method":"DELETE","path":"/api/subscriptions/downgrade","requiredRoles":["ADMIN"],"role":"CASHIER","timestamp":"2026-08-17 16:14:40","userId":723}
{"level":"warn","message":"Access denied","method":"GET","path":"/api/super-admin/payments/gateway","requiredRoles":["SUPER_ADMIN"],"role":"ADMIN","timestamp":"2026-08-17 16:14:40","userId":722}
{"level":"warn","message":"Access denied","method":"PUT","path":"/api/super-admin/payments/gateway","requiredRoles":["SUPER_ADMIN"],"role":"ADMIN","timestamp":"2026-08-17 16:14:40","userId":722}
{"level":"warn","message":"Access denied","method":"GET","path":"/api/super-admin/subscriptions","requiredRoles":["SUPER_ADMIN"],"role":"ADMIN","timestamp":"2026-08-17 16:14:40","userId":722}
{"level":"info","message":"38 subscription(s) expiring within 7 days checked.","timestamp":"2026-08-17 16:14:42"}
{"level":"info","message":"1 expired subscription(s) found.","timestamp":"2026-08-17 16:14:42"}
{"level":"info","message":"Restaurant 316 marked EXPIRED (renewable).","timestamp":"2026-08-17 16:14:42"}
{"level":"info","message":"38 subscription(s) expiring within 7 days checked.","timestamp":"2026-08-17 16:14:42"}
{"level":"info","message":"0 expired subscription(s) found.","timestamp":"2026-08-17 16:14:42"}
{"level":"info","message":"38 subscription(s) expiring within 7 days checked.","timestamp":"2026-08-17 16:14:42"}
{"level":"info","message":"0 expired subscription(s) found.","timestamp":"2026-08-17 16:14:42"}
{"level":"info","message":"38 subscription(s) expiring within 7 days checked.","timestamp":"2026-08-17 16:14:42"}
{"level":"info","message":"0 expired subscription(s) found.","timestamp":"2026-08-17 16:14:42"}
{"level":"info","message":"39 subscription(s) expiring within 7 days checked.","timestamp":"2026-08-17 16:14:42"}
{"level":"info","message":"0 expired subscription(s) found.","timestamp":"2026-08-17 16:14:42"}
{"level":"info","message":"39 subscription(s) expiring within 7 days checked.","timestamp":"2026-08-17 16:14:42"}
{"level":"info","message":"39 subscription(s) expiring within 7 days checked.","timestamp":"2026-08-17 16:14:42"}
{"level":"info","message":"0 expired subscription(s) found.","timestamp":"2026-08-17 16:14:42"}
{"level":"info","message":"0 expired subscription(s) found.","timestamp":"2026-08-17 16:14:42"}
{"level":"warn","message":"Access denied","method":"POST","path":"/api/subscriptions/checkout","requiredRoles":["ADMIN"],"role":"CASHIER","timestamp":"2026-08-17 16:14:50","userId":727}
{"level":"warn","message":"Access denied","method":"POST","path":"/api/subscriptions/verify","requiredRoles":["ADMIN"],"role":"CASHIER","timestamp":"2026-08-17 16:14:50","userId":727}
{"level":"warn","message":"Access denied","method":"POST","path":"/api/subscriptions/downgrade","requiredRoles":["ADMIN"],"role":"CASHIER","timestamp":"2026-08-17 16:14:50","userId":727}
{"level":"warn","message":"Access denied","method":"DELETE","path":"/api/subscriptions/downgrade","requiredRoles":["ADMIN"],"role":"CASHIER","timestamp":"2026-08-17 16:14:50","userId":727}
{"level":"warn","message":"Access denied","method":"GET","path":"/api/super-admin/payments/gateway","requiredRoles":["SUPER_ADMIN"],"role":"ADMIN","timestamp":"2026-08-17 16:14:50","userId":726}
{"level":"warn","message":"Access denied","method":"PUT","path":"/api/super-admin/payments/gateway","requiredRoles":["SUPER_ADMIN"],"role":"ADMIN","timestamp":"2026-08-17 16:14:50","userId":726}
{"level":"warn","message":"Access denied","method":"GET","path":"/api/super-admin/subscriptions","requiredRoles":["SUPER_ADMIN"],"role":"ADMIN","timestamp":"2026-08-17 16:14:50","userId":726}
{"level":"info","message":"39 subscription(s) expiring within 7 days checked.","timestamp":"2026-08-17 16:14:51"}
{"level":"info","message":"1 expired subscription(s) found.","timestamp":"2026-08-17 16:14:51"}
{"level":"info","message":"Restaurant 318 marked EXPIRED (renewable).","timestamp":"2026-08-17 16:14:51"}
{"level":"info","message":"39 subscription(s) expiring within 7 days checked.","timestamp":"2026-08-17 16:14:51"}
{"level":"info","message":"0 expired subscription(s) found.","timestamp":"2026-08-17 16:14:51"}
{"level":"info","message":"39 subscription(s) expiring within 7 days checked.","timestamp":"2026-08-17 16:14:51"}
{"level":"info","message":"0 expired subscription(s) found.","timestamp":"2026-08-17 16:14:51"}
{"level":"info","message":"39 subscription(s) expiring within 7 days checked.","timestamp":"2026-08-17 16:14:51"}
{"level":"info","message":"0 expired subscription(s) found.","timestamp":"2026-08-17 16:14:51"}
{"level":"info","message":"40 subscription(s) expiring within 7 days checked.","timestamp":"2026-08-17 16:14:51"}
{"level":"info","message":"0 expired subscription(s) found.","timestamp":"2026-08-17 16:14:51"}
{"level":"info","message":"40 subscription(s) expiring within 7 days checked.","timestamp":"2026-08-17 16:14:52"}
{"level":"info","message":"40 subscription(s) expiring within 7 days checked.","timestamp":"2026-08-17 16:14:52"}
{"level":"info","message":"0 expired subscription(s) found.","timestamp":"2026-08-17 16:14:52"}
{"level":"info","message":"0 expired subscription(s) found.","timestamp":"2026-08-17 16:14:52"}
{"endpoint":"full","level":"info","message":"Dashboard Request","queryRestaurantId":null,"restaurantId":9,"role":"ADMIN","timestamp":"2026-08-17 16:15:15","userId":52}
{"level":"info","message":"Server running on http://localhost:5001","timestamp":"2026-08-17 16:17:43"}
{"level":"warn","message":"Access denied","method":"POST","path":"/api/subscriptions/checkout","requiredRoles":["ADMIN"],"role":"CASHIER","timestamp":"2026-08-17 16:17:47","userId":732}
{"level":"warn","message":"Access denied","method":"POST","path":"/api/subscriptions/verify","requiredRoles":["ADMIN"],"role":"CASHIER","timestamp":"2026-08-17 16:17:47","userId":732}
{"level":"warn","message":"Access denied","method":"POST","path":"/api/subscriptions/downgrade","requiredRoles":["ADMIN"],"role":"CASHIER","timestamp":"2026-08-17 16:17:47","userId":732}
{"level":"warn","message":"Access denied","method":"DELETE","path":"/api/subscriptions/downgrade","requiredRoles":["ADMIN"],"role":"CASHIER","timestamp":"2026-08-17 16:17:47","userId":732}
{"level":"warn","message":"Access denied","method":"GET","path":"/api/super-admin/payments/gateway","requiredRoles":["SUPER_ADMIN"],"role":"ADMIN","timestamp":"2026-08-17 16:17:47","userId":731}
{"level":"warn","message":"Access denied","method":"PUT","path":"/api/super-admin/payments/gateway","requiredRoles":["SUPER_ADMIN"],"role":"ADMIN","timestamp":"2026-08-17 16:17:47","userId":731}
{"level":"warn","message":"Access denied","method":"GET","path":"/api/super-admin/subscriptions","requiredRoles":["SUPER_ADMIN"],"role":"ADMIN","timestamp":"2026-08-17 16:17:47","userId":731}
{"level":"info","message":"36 subscription(s) expiring within 7 days checked.","timestamp":"2026-08-17 16:17:48"}
{"level":"info","message":"1 expired subscription(s) found.","timestamp":"2026-08-17 16:17:48"}
{"level":"info","message":"Restaurant 321 marked EXPIRED (renewable).","timestamp":"2026-08-17 16:17:48"}
{"level":"info","message":"36 subscription(s) expiring within 7 days checked.","timestamp":"2026-08-17 16:17:48"}
{"level":"info","message":"0 expired subscription(s) found.","timestamp":"2026-08-17 16:17:48"}
{"level":"info","message":"36 subscription(s) expiring within 7 days checked.","timestamp":"2026-08-17 16:17:48"}
{"level":"info","message":"0 expired subscription(s) found.","timestamp":"2026-08-17 16:17:48"}
{"level":"info","message":"36 subscription(s) expiring within 7 days checked.","timestamp":"2026-08-17 16:17:48"}
{"level":"info","message":"0 expired subscription(s) found.","timestamp":"2026-08-17 16:17:48"}
{"level":"info","message":"37 subscription(s) expiring within 7 days checked.","timestamp":"2026-08-17 16:17:48"}
{"level":"info","message":"0 expired subscription(s) found.","timestamp":"2026-08-17 16:17:48"}
{"level":"info","message":"37 subscription(s) expiring within 7 days checked.","timestamp":"2026-08-17 16:17:49"}
{"level":"info","message":"37 subscription(s) expiring within 7 days checked.","timestamp":"2026-08-17 16:17:49"}
{"level":"info","message":"0 expired subscription(s) found.","timestamp":"2026-08-17 16:17:49"}
{"level":"info","message":"0 expired subscription(s) found.","timestamp":"2026-08-17 16:17:49"}
{"level":"warn","message":"Access denied","method":"DELETE","path":"/api/orders/999999","requiredRoles":["ADMIN"],"role":"WAITER","timestamp":"2026-08-17 16:17:50","userId":39}
{"level":"warn","message":"Access denied","method":"POST","path":"/api/orders","requiredRoles":["ADMIN","MANAGER","CASHIER","WAITER"],"role":"KITCHEN","timestamp":"2026-08-17 16:17:50","userId":44}
{"endpoint":"full","level":"info","message":"Dashboard Request","queryRestaurantId":null,"restaurantId":1,"role":"ADMIN","timestamp":"2026-08-17 16:17:52","userId":31}
{"level":"warn","message":"Access denied","method":"POST","path":"/api/users","requiredRoles":["ADMIN"],"role":"CASHIER","timestamp":"2026-08-17 16:17:56","userId":736}
{"level":"warn","message":"Access denied","method":"GET","path":"/api/super-admin/restaurants","requiredRoles":["SUPER_ADMIN"],"role":"ADMIN","timestamp":"2026-08-17 16:17:57","userId":31}
{"endpoint":"full","level":"info","message":"Dashboard Request","queryRestaurantId":null,"restaurantId":322,"role":"ADMIN","timestamp":"2026-08-17 16:17:57","userId":739}
{"level":"error","message":"Expected property name or '}' in JSON at position 1 (line 1 column 2)","method":"POST","path":"/api/orders","role":null,"stack":"SyntaxError: Expected property name or '}' in JSON at position 1 (line 1 column 2)\n    at JSON.parse (<anonymous>)\n    at parse (C:\\POS System\\restaurant-pos-backend\\node_modules\\body-parser\\lib\\types\\json.js:91:21)\n    at C:\\POS System\\restaurant-pos-backend\\node_modules\\body-parser\\lib\\read.js:162:18\n    at AsyncResource.runInAsyncScope (node:async_hooks:227:14)\n    at invokeCallback (C:\\POS System\\restaurant-pos-backend\\node_modules\\raw-body\\index.js:238:16)\n    at done (C:\\POS System\\restaurant-pos-backend\\node_modules\\raw-body\\index.js:227:7)\n    at IncomingMessage.onEnd (C:\\POS System\\restaurant-pos-backend\\node_modules\\raw-body\\index.js:287:7)\n    at IncomingMessage.emit (node:events:509:28)\n    at endReadableNT (node:internal/streams/readable:1729:12)\n    at process.processTicksAndRejections (node:internal/process/task_queues:90:21)","timestamp":"2026-08-17 16:17:57","userId":null}
{"level":"warn","message":"Access denied","method":"DELETE","path":"/api/orders/999999","requiredRoles":["ADMIN"],"role":"WAITER","timestamp":"2026-08-17 16:18:07","userId":39}
{"level":"warn","message":"Access denied","method":"POST","path":"/api/orders","requiredRoles":["ADMIN","MANAGER","CASHIER","WAITER"],"role":"KITCHEN","timestamp":"2026-08-17 16:18:07","userId":44}
{"endpoint":"full","level":"info","message":"Dashboard Request","queryRestaurantId":null,"restaurantId":1,"role":"ADMIN","timestamp":"2026-08-17 16:18:08","userId":31}
{"level":"warn","message":"Access denied","method":"POST","path":"/api/users","requiredRoles":["ADMIN"],"role":"CASHIER","timestamp":"2026-08-17 16:18:12","userId":741}
{"level":"warn","message":"Access denied","method":"GET","path":"/api/super-admin/restaurants","requiredRoles":["SUPER_ADMIN"],"role":"ADMIN","timestamp":"2026-08-17 16:18:12","userId":31}
{"endpoint":"full","level":"info","message":"Dashboard Request","queryRestaurantId":null,"restaurantId":323,"role":"ADMIN","timestamp":"2026-08-17 16:18:13","userId":744}
{"level":"error","message":"Expected property name or '}' in JSON at position 1 (line 1 column 2)","method":"POST","path":"/api/orders","role":null,"stack":"SyntaxError: Expected property name or '}' in JSON at position 1 (line 1 column 2)\n    at JSON.parse (<anonymous>)\n    at parse (C:\\POS System\\restaurant-pos-backend\\node_modules\\body-parser\\lib\\types\\json.js:91:21)\n    at C:\\POS System\\restaurant-pos-backend\\node_modules\\body-parser\\lib\\read.js:162:18\n    at AsyncResource.runInAsyncScope (node:async_hooks:227:14)\n    at invokeCallback (C:\\POS System\\restaurant-pos-backend\\node_modules\\raw-body\\index.js:238:16)\n    at done (C:\\POS System\\restaurant-pos-backend\\node_modules\\raw-body\\index.js:227:7)\n    at IncomingMessage.onEnd (C:\\POS System\\restaurant-pos-backend\\node_modules\\raw-body\\index.js:287:7)\n    at IncomingMessage.emit (node:events:509:28)\n    at endReadableNT (node:internal/streams/readable:1729:12)\n    at process.processTicksAndRejections (node:internal/process/task_queues:90:21)","timestamp":"2026-08-17 16:18:13","userId":null}
{"level":"warn","message":"Access denied","method":"GET","path":"/api/super-admin/profile","requiredRoles":["SUPER_ADMIN"],"role":"ADMIN","timestamp":"2026-08-17 16:18:23","userId":752}
{"level":"warn","message":"Access denied","method":"GET","path":"/api/super-admin/profile","requiredRoles":["SUPER_ADMIN"],"role":"CASHIER","timestamp":"2026-08-17 16:18:23","userId":753}
{"level":"warn","message":"Access denied","method":"PUT","path":"/api/super-admin/profile","requiredRoles":["SUPER_ADMIN"],"role":"ADMIN","timestamp":"2026-08-17 16:18:23","userId":752}
{"level":"warn","message":"Access denied","method":"PUT","path":"/api/super-admin/profile","requiredRoles":["SUPER_ADMIN"],"role":"ADMIN","timestamp":"2026-08-17 16:18:41","userId":757}
{"level":"warn","message":"Access denied","method":"PUT","path":"/api/super-admin/profile","requiredRoles":["SUPER_ADMIN"],"role":"CASHIER","timestamp":"2026-08-17 16:18:41","userId":759}
{"level":"warn","message":"Access denied","method":"POST","path":"/api/super-admin/restaurants","requiredRoles":["SUPER_ADMIN"],"role":"ADMIN","timestamp":"2026-08-17 16:18:41","userId":757}
{"level":"warn","message":"Access denied","method":"POST","path":"/api/super-admin/plans","requiredRoles":["SUPER_ADMIN"],"role":"CASHIER","timestamp":"2026-08-17 16:18:41","userId":759}
{"level":"warn","message":"Access denied","method":"PUT","path":"/api/super-admin/subscriptions/334/plan","requiredRoles":["SUPER_ADMIN"],"role":"ADMIN","timestamp":"2026-08-17 16:18:41","userId":757}
{"level":"warn","message":"Access denied","method":"PUT","path":"/api/super-admin/payments/gateway","requiredRoles":["SUPER_ADMIN"],"role":"CASHIER","timestamp":"2026-08-17 16:18:41","userId":759}
{"level":"warn","message":"Access denied","method":"GET","path":"/api/super-admin/profile","requiredRoles":["SUPER_ADMIN"],"role":"ADMIN","timestamp":"2026-08-17 16:18:41","userId":757}
{"level":"warn","message":"Access denied","method":"PUT","path":"/api/super-admin/settings","requiredRoles":["SUPER_ADMIN"],"role":"ADMIN","timestamp":"2026-08-17 16:18:41","userId":757}
{"level":"warn","message":"Access denied","method":"PUT","path":"/api/super-admin/settings","requiredRoles":["SUPER_ADMIN"],"role":"CASHIER","timestamp":"2026-08-17 16:18:41","userId":759}
{"endpoint":"full","level":"info","message":"Dashboard Request","queryRestaurantId":null,"restaurantId":1,"role":"ADMIN","timestamp":"2026-08-17 16:19:37","userId":31}
{"endpoint":"full","level":"info","message":"Dashboard Request","queryRestaurantId":null,"restaurantId":1,"role":"ADMIN","timestamp":"2026-08-17 16:19:55","userId":31}
{"endpoint":"full","level":"info","message":"Dashboard Request","queryRestaurantId":null,"restaurantId":335,"role":"ADMIN","timestamp":"2026-08-17 16:20:46","userId":760}
{"endpoint":"full","level":"info","message":"Dashboard Request","queryRestaurantId":null,"restaurantId":1,"role":"ADMIN","timestamp":"2026-08-17 16:25:30","userId":31}
{"endpoint":"full","level":"info","message":"Dashboard Request","queryRestaurantId":null,"restaurantId":112,"role":"ADMIN","timestamp":"2026-08-17 16:25:58","userId":377}
{"endpoint":"full","level":"info","message":"Dashboard Request","queryRestaurantId":null,"restaurantId":112,"role":"ADMIN","timestamp":"2026-08-17 16:26:47","userId":377}
{"endpoint":"full","level":"info","message":"Dashboard Request","queryRestaurantId":null,"restaurantId":112,"role":"ADMIN","timestamp":"2026-08-17 16:27:00","userId":377}
{"endpoint":"full","level":"info","message":"Dashboard Request","queryRestaurantId":null,"restaurantId":112,"role":"ADMIN","timestamp":"2026-08-17 16:27:07","userId":377}
{"endpoint":"full","level":"info","message":"Dashboard Request","queryRestaurantId":null,"restaurantId":1,"role":"ADMIN","timestamp":"2026-08-17 16:29:17","userId":31}
{"endpoint":"full","level":"info","message":"Dashboard Request","queryRestaurantId":null,"restaurantId":1,"role":"ADMIN","timestamp":"2026-08-17 16:29:34","userId":31}
{"endpoint":"full","level":"info","message":"Dashboard Request","queryRestaurantId":null,"restaurantId":9,"role":"ADMIN","timestamp":"2026-08-17 16:35:28","userId":52}
{"endpoint":"full","level":"info","message":"Dashboard Request","queryRestaurantId":null,"restaurantId":9,"role":"ADMIN","timestamp":"2026-08-17 16:37:02","userId":52}
{"endpoint":"full","level":"info","message":"Dashboard Request","queryRestaurantId":null,"restaurantId":9,"role":"ADMIN","timestamp":"2026-08-17 16:41:49","userId":52}
{"endpoint":"full","level":"info","message":"Dashboard Request","queryRestaurantId":null,"restaurantId":9,"role":"ADMIN","timestamp":"2026-08-17 16:42:08","userId":52}
{"endpoint":"full","level":"info","message":"Dashboard Request","queryRestaurantId":null,"restaurantId":9,"role":"ADMIN","timestamp":"2026-08-17 16:42:19","userId":52}
{"endpoint":"full","level":"info","message":"Dashboard Request","queryRestaurantId":null,"restaurantId":9,"role":"ADMIN","timestamp":"2026-08-17 17:30:44","userId":52}
{"endpoint":"full","level":"info","message":"Dashboard Request","queryRestaurantId":null,"restaurantId":9,"role":"ADMIN","timestamp":"2026-08-17 17:31:14","userId":52}
{"endpoint":"full","level":"info","message":"Dashboard Request","queryRestaurantId":null,"restaurantId":9,"role":"ADMIN","timestamp":"2026-08-17 18:23:52","userId":52}
{"endpoint":"full","level":"info","message":"Dashboard Request","queryRestaurantId":null,"restaurantId":1,"role":"ADMIN","timestamp":"2026-08-17 18:30:12","userId":31}
{"level":"warn","message":"Access denied","method":"POST","path":"/api/settings","requiredRoles":["ADMIN"],"role":"CASHIER","timestamp":"2026-08-17 18:31:51","userId":35}
{"endpoint":"full","level":"info","message":"Dashboard Request","queryRestaurantId":null,"restaurantId":1,"role":"ADMIN","timestamp":"2026-08-17 18:31:56","userId":31}
{"level":"warn","message":"Access denied","method":"DELETE","path":"/api/orders/999999","requiredRoles":["ADMIN"],"role":"WAITER","timestamp":"2026-08-17 18:33:08","userId":39}
{"level":"warn","message":"Access denied","method":"POST","path":"/api/orders","requiredRoles":["ADMIN","MANAGER","CASHIER","WAITER"],"role":"KITCHEN","timestamp":"2026-08-17 18:33:08","userId":44}
{"endpoint":"full","level":"info","message":"Dashboard Request","queryRestaurantId":null,"restaurantId":1,"role":"ADMIN","timestamp":"2026-08-17 18:33:09","userId":31}
{"level":"warn","message":"Access denied","method":"POST","path":"/api/users","requiredRoles":["ADMIN"],"role":"CASHIER","timestamp":"2026-08-17 18:33:13","userId":764}
{"level":"warn","message":"Access denied","method":"GET","path":"/api/super-admin/restaurants","requiredRoles":["SUPER_ADMIN"],"role":"ADMIN","timestamp":"2026-08-17 18:33:14","userId":31}
{"endpoint":"full","level":"info","message":"Dashboard Request","queryRestaurantId":null,"restaurantId":338,"role":"ADMIN","timestamp":"2026-08-17 18:33:14","userId":767}
{"level":"error","message":"Expected property name or '}' in JSON at position 1 (line 1 column 2)","method":"POST","path":"/api/orders","role":null,"stack":"SyntaxError: Expected property name or '}' in JSON at position 1 (line 1 column 2)\n    at JSON.parse (<anonymous>)\n    at parse (C:\\POS System\\restaurant-pos-backend\\node_modules\\body-parser\\lib\\types\\json.js:91:21)\n    at C:\\POS System\\restaurant-pos-backend\\node_modules\\body-parser\\lib\\read.js:162:18\n    at AsyncResource.runInAsyncScope (node:async_hooks:227:14)\n    at invokeCallback (C:\\POS System\\restaurant-pos-backend\\node_modules\\raw-body\\index.js:238:16)\n    at done (C:\\POS System\\restaurant-pos-backend\\node_modules\\raw-body\\index.js:227:7)\n    at IncomingMessage.onEnd (C:\\POS System\\restaurant-pos-backend\\node_modules\\raw-body\\index.js:287:7)\n    at IncomingMessage.emit (node:events:509:28)\n    at endReadableNT (node:internal/streams/readable:1729:12)\n    at process.processTicksAndRejections (node:internal/process/task_queues:90:21)","timestamp":"2026-08-17 18:33:15","userId":null}
{"level":"warn","message":"Access denied","method":"POST","path":"/api/subscriptions/checkout","requiredRoles":["ADMIN"],"role":"CASHIER","timestamp":"2026-08-17 18:33:28","userId":773}
{"level":"warn","message":"Access denied","method":"POST","path":"/api/subscriptions/verify","requiredRoles":["ADMIN"],"role":"CASHIER","timestamp":"2026-08-17 18:33:28","userId":773}
{"level":"warn","message":"Access denied","method":"POST","path":"/api/subscriptions/downgrade","requiredRoles":["ADMIN"],"role":"CASHIER","timestamp":"2026-08-17 18:33:28","userId":773}
{"level":"warn","message":"Access denied","method":"DELETE","path":"/api/subscriptions/downgrade","requiredRoles":["ADMIN"],"role":"CASHIER","timestamp":"2026-08-17 18:33:28","userId":773}
{"level":"warn","message":"Access denied","method":"GET","path":"/api/super-admin/payments/gateway","requiredRoles":["SUPER_ADMIN"],"role":"ADMIN","timestamp":"2026-08-17 18:33:28","userId":772}
{"level":"warn","message":"Access denied","method":"PUT","path":"/api/super-admin/payments/gateway","requiredRoles":["SUPER_ADMIN"],"role":"ADMIN","timestamp":"2026-08-17 18:33:28","userId":772}
{"level":"warn","message":"Access denied","method":"GET","path":"/api/super-admin/subscriptions","requiredRoles":["SUPER_ADMIN"],"role":"ADMIN","timestamp":"2026-08-17 18:33:29","userId":772}
{"level":"info","message":"38 subscription(s) expiring within 7 days checked.","timestamp":"2026-08-17 18:33:30"}
{"level":"info","message":"1 expired subscription(s) found.","timestamp":"2026-08-17 18:33:30"}
{"level":"info","message":"Restaurant 343 marked EXPIRED (renewable).","timestamp":"2026-08-17 18:33:30"}
{"level":"info","message":"38 subscription(s) expiring within 7 days checked.","timestamp":"2026-08-17 18:33:30"}
{"level":"info","message":"0 expired subscription(s) found.","timestamp":"2026-08-17 18:33:30"}
{"level":"info","message":"38 subscription(s) expiring within 7 days checked.","timestamp":"2026-08-17 18:33:30"}
{"level":"info","message":"0 expired subscription(s) found.","timestamp":"2026-08-17 18:33:30"}
{"level":"info","message":"38 subscription(s) expiring within 7 days checked.","timestamp":"2026-08-17 18:33:30"}
{"level":"info","message":"0 expired subscription(s) found.","timestamp":"2026-08-17 18:33:30"}
{"level":"info","message":"39 subscription(s) expiring within 7 days checked.","timestamp":"2026-08-17 18:33:30"}
{"level":"info","message":"0 expired subscription(s) found.","timestamp":"2026-08-17 18:33:30"}
{"level":"info","message":"39 subscription(s) expiring within 7 days checked.","timestamp":"2026-08-17 18:33:30"}
{"level":"info","message":"0 expired subscription(s) found.","timestamp":"2026-08-17 18:33:30"}
{"level":"info","message":"39 subscription(s) expiring within 7 days checked.","timestamp":"2026-08-17 18:33:31"}
{"level":"info","message":"0 expired subscription(s) found.","timestamp":"2026-08-17 18:33:31"}
{"level":"warn","message":"Access denied","method":"GET","path":"/api/super-admin/profile","requiredRoles":["SUPER_ADMIN"],"role":"ADMIN","timestamp":"2026-08-17 18:33:52","userId":781}
{"level":"warn","message":"Access denied","method":"GET","path":"/api/super-admin/profile","requiredRoles":["SUPER_ADMIN"],"role":"CASHIER","timestamp":"2026-08-17 18:33:52","userId":782}
{"level":"warn","message":"Access denied","method":"PUT","path":"/api/super-admin/profile","requiredRoles":["SUPER_ADMIN"],"role":"ADMIN","timestamp":"2026-08-17 18:33:52","userId":781}
{"level":"warn","message":"Access denied","method":"PUT","path":"/api/super-admin/profile","requiredRoles":["SUPER_ADMIN"],"role":"ADMIN","timestamp":"2026-08-17 18:34:01","userId":785}
{"level":"warn","message":"Access denied","method":"PUT","path":"/api/super-admin/profile","requiredRoles":["SUPER_ADMIN"],"role":"CASHIER","timestamp":"2026-08-17 18:34:01","userId":787}
{"level":"warn","message":"Access denied","method":"POST","path":"/api/super-admin/restaurants","requiredRoles":["SUPER_ADMIN"],"role":"ADMIN","timestamp":"2026-08-17 18:34:01","userId":785}
{"level":"warn","message":"Access denied","method":"POST","path":"/api/super-admin/plans","requiredRoles":["SUPER_ADMIN"],"role":"CASHIER","timestamp":"2026-08-17 18:34:01","userId":787}
{"level":"warn","message":"Access denied","method":"PUT","path":"/api/super-admin/subscriptions/352/plan","requiredRoles":["SUPER_ADMIN"],"role":"ADMIN","timestamp":"2026-08-17 18:34:01","userId":785}
{"level":"warn","message":"Access denied","method":"PUT","path":"/api/super-admin/payments/gateway","requiredRoles":["SUPER_ADMIN"],"role":"CASHIER","timestamp":"2026-08-17 18:34:01","userId":787}
{"level":"warn","message":"Access denied","method":"GET","path":"/api/super-admin/profile","requiredRoles":["SUPER_ADMIN"],"role":"ADMIN","timestamp":"2026-08-17 18:34:01","userId":785}
{"level":"warn","message":"Access denied","method":"PUT","path":"/api/super-admin/settings","requiredRoles":["SUPER_ADMIN"],"role":"ADMIN","timestamp":"2026-08-17 18:34:01","userId":785}
{"level":"warn","message":"Access denied","method":"PUT","path":"/api/super-admin/settings","requiredRoles":["SUPER_ADMIN"],"role":"CASHIER","timestamp":"2026-08-17 18:34:01","userId":787}
{"level":"warn","message":"Access denied","method":"POST","path":"/api/settings","requiredRoles":["ADMIN"],"role":"CASHIER","timestamp":"2026-08-17 18:34:02","userId":35}
{"endpoint":"full","level":"info","message":"Dashboard Request","queryRestaurantId":null,"restaurantId":1,"role":"ADMIN","timestamp":"2026-08-17 18:34:07","userId":31}
{"endpoint":"full","level":"info","message":"Dashboard Request","queryRestaurantId":null,"restaurantId":1,"role":"ADMIN","timestamp":"2026-08-17 18:34:46","userId":31}
{"endpoint":"full","level":"info","message":"Dashboard Request","queryRestaurantId":null,"restaurantId":1,"role":"ADMIN","timestamp":"2026-08-17 18:35:04","userId":31}
{"endpoint":"full","level":"info","message":"Dashboard Request","queryRestaurantId":null,"restaurantId":1,"role":"ADMIN","timestamp":"2026-08-17 18:37:48","userId":31}
{"endpoint":"full","level":"info","message":"Dashboard Request","queryRestaurantId":null,"restaurantId":112,"role":"ADMIN","timestamp":"2026-08-17 18:41:54","userId":377}
{"endpoint":"full","level":"info","message":"Dashboard Request","queryRestaurantId":null,"restaurantId":112,"role":"ADMIN","timestamp":"2026-08-17 18:42:33","userId":377}
{"endpoint":"full","level":"info","message":"Dashboard Request","queryRestaurantId":null,"restaurantId":112,"role":"ADMIN","timestamp":"2026-08-17 18:42:46","userId":377}
{"endpoint":"full","level":"info","message":"Dashboard Request","queryRestaurantId":null,"restaurantId":112,"role":"ADMIN","timestamp":"2026-08-17 18:42:52","userId":377}
{"endpoint":"full","level":"info","message":"Dashboard Request","queryRestaurantId":null,"restaurantId":353,"role":"ADMIN","timestamp":"2026-08-17 18:43:56","userId":788}
{"level":"warn","message":"Access denied","method":"POST","path":"/api/settings","requiredRoles":["ADMIN"],"role":"CASHIER","timestamp":"2026-08-17 18:50:38","userId":35}
{"endpoint":"full","level":"info","message":"Dashboard Request","queryRestaurantId":null,"restaurantId":1,"role":"ADMIN","timestamp":"2026-08-17 18:50:44","userId":31}
{"endpoint":"full","level":"info","message":"Dashboard Request","queryRestaurantId":null,"restaurantId":9,"role":"ADMIN","timestamp":"2026-08-17 18:53:08","userId":52}
{"endpoint":"full","level":"info","message":"Dashboard Request","queryRestaurantId":null,"restaurantId":1,"role":"ADMIN","timestamp":"2026-08-17 18:57:46","userId":31}
{"endpoint":"full","level":"info","message":"Dashboard Request","queryRestaurantId":null,"restaurantId":1,"role":"ADMIN","timestamp":"2026-08-17 18:58:04","userId":31}
{"endpoint":"full","level":"info","message":"Dashboard Request","queryRestaurantId":null,"restaurantId":1,"role":"ADMIN","timestamp":"2026-08-17 18:58:38","userId":31}
{"endpoint":"full","level":"info","message":"Dashboard Request","queryRestaurantId":null,"restaurantId":1,"role":"ADMIN","timestamp":"2026-08-17 18:58:46","userId":31}
{"endpoint":"full","level":"info","message":"Dashboard Request","queryRestaurantId":null,"restaurantId":1,"role":"ADMIN","timestamp":"2026-08-17 18:59:18","userId":31}
{"endpoint":"full","level":"info","message":"Dashboard Request","queryRestaurantId":null,"restaurantId":1,"role":"ADMIN","timestamp":"2026-08-17 18:59:35","userId":31}
{"level":"warn","message":"Access denied","method":"POST","path":"/api/settings","requiredRoles":["ADMIN"],"role":"CASHIER","timestamp":"2026-08-17 19:00:05","userId":35}
{"endpoint":"full","level":"info","message":"Dashboard Request","queryRestaurantId":null,"restaurantId":1,"role":"ADMIN","timestamp":"2026-08-17 19:00:14","userId":31}
{"endpoint":"full","level":"info","message":"Dashboard Request","queryRestaurantId":null,"restaurantId":1,"role":"ADMIN","timestamp":"2026-08-17 19:00:46","userId":31}
{"endpoint":"full","level":"info","message":"Dashboard Request","queryRestaurantId":null,"restaurantId":1,"role":"ADMIN","timestamp":"2026-08-17 19:01:03","userId":31}
{"level":"warn","message":"Access denied","method":"DELETE","path":"/api/orders/999999","requiredRoles":["ADMIN"],"role":"WAITER","timestamp":"2026-08-17 19:01:21","userId":39}
{"level":"warn","message":"Access denied","method":"POST","path":"/api/orders","requiredRoles":["ADMIN","MANAGER","CASHIER","WAITER"],"role":"KITCHEN","timestamp":"2026-08-17 19:01:21","userId":44}
{"endpoint":"full","level":"info","message":"Dashboard Request","queryRestaurantId":null,"restaurantId":1,"role":"ADMIN","timestamp":"2026-08-17 19:01:23","userId":31}
{"level":"warn","message":"Access denied","method":"POST","path":"/api/users","requiredRoles":["ADMIN"],"role":"CASHIER","timestamp":"2026-08-17 19:01:28","userId":791}
{"level":"warn","message":"Access denied","method":"GET","path":"/api/super-admin/restaurants","requiredRoles":["SUPER_ADMIN"],"role":"ADMIN","timestamp":"2026-08-17 19:01:29","userId":31}
{"endpoint":"full","level":"info","message":"Dashboard Request","queryRestaurantId":null,"restaurantId":355,"role":"ADMIN","timestamp":"2026-08-17 19:01:30","userId":794}
{"level":"error","message":"Expected property name or '}' in JSON at position 1 (line 1 column 2)","method":"POST","path":"/api/orders","role":null,"stack":"SyntaxError: Expected property name or '}' in JSON at position 1 (line 1 column 2)\n    at JSON.parse (<anonymous>)\n    at parse (C:\\POS System\\restaurant-pos-backend\\node_modules\\body-parser\\lib\\types\\json.js:91:21)\n    at C:\\POS System\\restaurant-pos-backend\\node_modules\\body-parser\\lib\\read.js:162:18\n    at AsyncResource.runInAsyncScope (node:async_hooks:227:14)\n    at invokeCallback (C:\\POS System\\restaurant-pos-backend\\node_modules\\raw-body\\index.js:238:16)\n    at done (C:\\POS System\\restaurant-pos-backend\\node_modules\\raw-body\\index.js:227:7)\n    at IncomingMessage.onEnd (C:\\POS System\\restaurant-pos-backend\\node_modules\\raw-body\\index.js:287:7)\n    at IncomingMessage.emit (node:events:509:28)\n    at endReadableNT (node:internal/streams/readable:1729:12)\n    at process.processTicksAndRejections (node:internal/process/task_queues:90:21)","timestamp":"2026-08-17 19:01:30","userId":null}
{"endpoint":"full","level":"info","message":"Dashboard Request","queryRestaurantId":null,"restaurantId":1,"role":"ADMIN","timestamp":"2026-08-17 19:01:38","userId":31}
{"endpoint":"full","level":"info","message":"Dashboard Request","queryRestaurantId":null,"restaurantId":1,"role":"ADMIN","timestamp":"2026-08-17 19:01:56","userId":31}
{"endpoint":"full","level":"info","message":"Dashboard Request","queryRestaurantId":null,"restaurantId":112,"role":"ADMIN","timestamp":"2026-08-17 19:02:09","userId":377}
{"endpoint":"full","level":"info","message":"Dashboard Request","queryRestaurantId":null,"restaurantId":112,"role":"ADMIN","timestamp":"2026-08-17 19:02:22","userId":377}
{"endpoint":"full","level":"info","message":"Dashboard Request","queryRestaurantId":null,"restaurantId":112,"role":"ADMIN","timestamp":"2026-08-17 19:02:29","userId":377}
{"endpoint":"full","level":"info","message":"Dashboard Request","queryRestaurantId":null,"restaurantId":112,"role":"ADMIN","timestamp":"2026-08-17 19:02:42","userId":377}
{"level":"warn","message":"Access denied","method":"POST","path":"/api/subscriptions/checkout","requiredRoles":["ADMIN"],"role":"CASHIER","timestamp":"2026-08-17 19:03:30","userId":800}
{"level":"warn","message":"Access denied","method":"POST","path":"/api/subscriptions/verify","requiredRoles":["ADMIN"],"role":"CASHIER","timestamp":"2026-08-17 19:03:30","userId":800}
{"level":"warn","message":"Access denied","method":"POST","path":"/api/subscriptions/downgrade","requiredRoles":["ADMIN"],"role":"CASHIER","timestamp":"2026-08-17 19:03:30","userId":800}
{"level":"warn","message":"Access denied","method":"DELETE","path":"/api/subscriptions/downgrade","requiredRoles":["ADMIN"],"role":"CASHIER","timestamp":"2026-08-17 19:03:30","userId":800}
{"level":"warn","message":"Access denied","method":"GET","path":"/api/super-admin/payments/gateway","requiredRoles":["SUPER_ADMIN"],"role":"ADMIN","timestamp":"2026-08-17 19:03:30","userId":799}
{"level":"warn","message":"Access denied","method":"PUT","path":"/api/super-admin/payments/gateway","requiredRoles":["SUPER_ADMIN"],"role":"ADMIN","timestamp":"2026-08-17 19:03:30","userId":799}
{"level":"warn","message":"Access denied","method":"GET","path":"/api/super-admin/subscriptions","requiredRoles":["SUPER_ADMIN"],"role":"ADMIN","timestamp":"2026-08-17 19:03:30","userId":799}
{"level":"info","message":"41 subscription(s) expiring within 7 days checked.","timestamp":"2026-08-17 19:03:32"}
{"level":"info","message":"2 expired subscription(s) found.","timestamp":"2026-08-17 19:03:32"}
{"level":"info","message":"Restaurant 108 marked EXPIRED (renewable).","timestamp":"2026-08-17 19:03:32"}
{"level":"info","message":"Restaurant 360 marked EXPIRED (renewable).","timestamp":"2026-08-17 19:03:32"}
{"level":"info","message":"41 subscription(s) expiring within 7 days checked.","timestamp":"2026-08-17 19:03:32"}
{"level":"info","message":"0 expired subscription(s) found.","timestamp":"2026-08-17 19:03:32"}
{"level":"info","message":"41 subscription(s) expiring within 7 days checked.","timestamp":"2026-08-17 19:03:32"}
{"level":"info","message":"0 expired subscription(s) found.","timestamp":"2026-08-17 19:03:32"}
{"level":"info","message":"41 subscription(s) expiring within 7 days checked.","timestamp":"2026-08-17 19:03:32"}
{"level":"info","message":"0 expired subscription(s) found.","timestamp":"2026-08-17 19:03:32"}
{"level":"info","message":"42 subscription(s) expiring within 7 days checked.","timestamp":"2026-08-17 19:03:32"}
{"level":"info","message":"0 expired subscription(s) found.","timestamp":"2026-08-17 19:03:32"}
{"level":"info","message":"42 subscription(s) expiring within 7 days checked.","timestamp":"2026-08-17 19:03:32"}
{"level":"info","message":"42 subscription(s) expiring within 7 days checked.","timestamp":"2026-08-17 19:03:32"}
{"level":"info","message":"0 expired subscription(s) found.","timestamp":"2026-08-17 19:03:32"}
{"level":"info","message":"0 expired subscription(s) found.","timestamp":"2026-08-17 19:03:32"}
{"level":"warn","message":"Access denied","method":"GET","path":"/api/super-admin/profile","requiredRoles":["SUPER_ADMIN"],"role":"ADMIN","timestamp":"2026-08-17 19:03:37","userId":806}
{"level":"warn","message":"Access denied","method":"GET","path":"/api/super-admin/profile","requiredRoles":["SUPER_ADMIN"],"role":"CASHIER","timestamp":"2026-08-17 19:03:37","userId":807}
{"level":"warn","message":"Access denied","method":"PUT","path":"/api/super-admin/profile","requiredRoles":["SUPER_ADMIN"],"role":"ADMIN","timestamp":"2026-08-17 19:03:37","userId":806}
{"level":"warn","message":"Access denied","method":"PUT","path":"/api/super-admin/profile","requiredRoles":["SUPER_ADMIN"],"role":"ADMIN","timestamp":"2026-08-17 19:03:49","userId":810}
{"level":"warn","message":"Access denied","method":"PUT","path":"/api/super-admin/profile","requiredRoles":["SUPER_ADMIN"],"role":"CASHIER","timestamp":"2026-08-17 19:03:49","userId":812}
{"level":"warn","message":"Access denied","method":"POST","path":"/api/super-admin/restaurants","requiredRoles":["SUPER_ADMIN"],"role":"ADMIN","timestamp":"2026-08-17 19:03:49","userId":810}
{"level":"warn","message":"Access denied","method":"POST","path":"/api/super-admin/plans","requiredRoles":["SUPER_ADMIN"],"role":"CASHIER","timestamp":"2026-08-17 19:03:49","userId":812}
{"level":"warn","message":"Access denied","method":"PUT","path":"/api/super-admin/subscriptions/367/plan","requiredRoles":["SUPER_ADMIN"],"role":"ADMIN","timestamp":"2026-08-17 19:03:49","userId":810}
{"level":"warn","message":"Access denied","method":"PUT","path":"/api/super-admin/payments/gateway","requiredRoles":["SUPER_ADMIN"],"role":"CASHIER","timestamp":"2026-08-17 19:03:49","userId":812}
{"level":"warn","message":"Access denied","method":"GET","path":"/api/super-admin/profile","requiredRoles":["SUPER_ADMIN"],"role":"ADMIN","timestamp":"2026-08-17 19:03:49","userId":810}
{"level":"warn","message":"Access denied","method":"PUT","path":"/api/super-admin/settings","requiredRoles":["SUPER_ADMIN"],"role":"ADMIN","timestamp":"2026-08-17 19:03:49","userId":810}
{"level":"warn","message":"Access denied","method":"PUT","path":"/api/super-admin/settings","requiredRoles":["SUPER_ADMIN"],"role":"CASHIER","timestamp":"2026-08-17 19:03:49","userId":812}
{"level":"warn","message":"Access denied","method":"GET","path":"/api/super-admin/profile","requiredRoles":["SUPER_ADMIN"],"role":"ADMIN","timestamp":"2026-08-17 19:03:56","userId":813}
{"level":"warn","message":"Access denied","method":"GET","path":"/api/super-admin/profile","requiredRoles":["SUPER_ADMIN"],"role":"CASHIER","timestamp":"2026-08-17 19:03:56","userId":814}
{"level":"warn","message":"Access denied","method":"PUT","path":"/api/super-admin/profile","requiredRoles":["SUPER_ADMIN"],"role":"ADMIN","timestamp":"2026-08-17 19:03:56","userId":813}
{"level":"warn","message":"Access denied","method":"PUT","path":"/api/super-admin/profile","requiredRoles":["SUPER_ADMIN"],"role":"ADMIN","timestamp":"2026-08-17 19:04:07","userId":817}
{"level":"warn","message":"Access denied","method":"PUT","path":"/api/super-admin/profile","requiredRoles":["SUPER_ADMIN"],"role":"CASHIER","timestamp":"2026-08-17 19:04:07","userId":819}
{"level":"warn","message":"Access denied","method":"POST","path":"/api/super-admin/restaurants","requiredRoles":["SUPER_ADMIN"],"role":"ADMIN","timestamp":"2026-08-17 19:04:07","userId":817}
{"level":"warn","message":"Access denied","method":"POST","path":"/api/super-admin/plans","requiredRoles":["SUPER_ADMIN"],"role":"CASHIER","timestamp":"2026-08-17 19:04:07","userId":819}
{"level":"warn","message":"Access denied","method":"PUT","path":"/api/super-admin/subscriptions/371/plan","requiredRoles":["SUPER_ADMIN"],"role":"ADMIN","timestamp":"2026-08-17 19:04:07","userId":817}
{"level":"warn","message":"Access denied","method":"PUT","path":"/api/super-admin/payments/gateway","requiredRoles":["SUPER_ADMIN"],"role":"CASHIER","timestamp":"2026-08-17 19:04:07","userId":819}
{"level":"warn","message":"Access denied","method":"GET","path":"/api/super-admin/profile","requiredRoles":["SUPER_ADMIN"],"role":"ADMIN","timestamp":"2026-08-17 19:04:07","userId":817}
{"level":"warn","message":"Access denied","method":"PUT","path":"/api/super-admin/settings","requiredRoles":["SUPER_ADMIN"],"role":"ADMIN","timestamp":"2026-08-17 19:04:07","userId":817}
{"level":"warn","message":"Access denied","method":"PUT","path":"/api/super-admin/settings","requiredRoles":["SUPER_ADMIN"],"role":"CASHIER","timestamp":"2026-08-17 19:04:07","userId":819}
{"endpoint":"full","level":"info","message":"Dashboard Request","queryRestaurantId":null,"restaurantId":9,"role":"ADMIN","timestamp":"2026-08-17 19:21:09","userId":52}
{"endpoint":"full","level":"info","message":"Dashboard Request","queryRestaurantId":null,"restaurantId":9,"role":"ADMIN","timestamp":"2026-08-17 19:21:57","userId":52}
{"endpoint":"full","level":"info","message":"Dashboard Request","queryRestaurantId":null,"restaurantId":9,"role":"ADMIN","timestamp":"2026-08-18 10:51:19","userId":52}
{"endpoint":"full","level":"info","message":"Dashboard Request","queryRestaurantId":null,"restaurantId":1,"role":"ADMIN","timestamp":"2026-08-18 10:54:09","userId":31}
{"endpoint":"full","level":"info","message":"Dashboard Request","queryRestaurantId":null,"restaurantId":1,"role":"ADMIN","timestamp":"2026-08-18 10:54:26","userId":31}
{"endpoint":"full","level":"info","message":"Dashboard Request","queryRestaurantId":null,"restaurantId":1,"role":"ADMIN","timestamp":"2026-08-18 10:54:38","userId":31}
{"endpoint":"full","level":"info","message":"Dashboard Request","queryRestaurantId":null,"restaurantId":1,"role":"ADMIN","timestamp":"2026-08-18 10:54:42","userId":31}
{"endpoint":"full","level":"info","message":"Dashboard Request","queryRestaurantId":null,"restaurantId":1,"role":"ADMIN","timestamp":"2026-08-18 10:54:46","userId":31}
{"endpoint":"full","level":"info","message":"Dashboard Request","queryRestaurantId":null,"restaurantId":1,"role":"ADMIN","timestamp":"2026-08-18 10:54:50","userId":31}
{"endpoint":"full","level":"info","message":"Dashboard Request","queryRestaurantId":null,"restaurantId":1,"role":"ADMIN","timestamp":"2026-08-18 10:54:54","userId":31}
{"endpoint":"full","level":"info","message":"Dashboard Request","queryRestaurantId":null,"restaurantId":1,"role":"ADMIN","timestamp":"2026-08-18 10:56:26","userId":31}
{"endpoint":"full","level":"info","message":"Dashboard Request","queryRestaurantId":null,"restaurantId":1,"role":"ADMIN","timestamp":"2026-08-18 10:57:25","userId":31}
{"endpoint":"full","level":"info","message":"Dashboard Request","queryRestaurantId":null,"restaurantId":1,"role":"ADMIN","timestamp":"2026-08-18 10:57:42","userId":31}
{"endpoint":"full","level":"info","message":"Dashboard Request","queryRestaurantId":null,"restaurantId":1,"role":"ADMIN","timestamp":"2026-08-18 10:57:54","userId":31}
{"endpoint":"full","level":"info","message":"Dashboard Request","queryRestaurantId":null,"restaurantId":1,"role":"ADMIN","timestamp":"2026-08-18 10:57:58","userId":31}
{"endpoint":"full","level":"info","message":"Dashboard Request","queryRestaurantId":null,"restaurantId":1,"role":"ADMIN","timestamp":"2026-08-18 10:58:02","userId":31}
{"endpoint":"full","level":"info","message":"Dashboard Request","queryRestaurantId":null,"restaurantId":1,"role":"ADMIN","timestamp":"2026-08-18 10:58:06","userId":31}
{"endpoint":"full","level":"info","message":"Dashboard Request","queryRestaurantId":null,"restaurantId":1,"role":"ADMIN","timestamp":"2026-08-18 10:58:10","userId":31}
{"level":"warn","message":"Access denied","method":"DELETE","path":"/api/orders/999999","requiredRoles":["ADMIN"],"role":"WAITER","timestamp":"2026-08-18 10:58:50","userId":39}
{"level":"warn","message":"Access denied","method":"POST","path":"/api/orders","requiredRoles":["ADMIN","MANAGER","CASHIER","WAITER"],"role":"KITCHEN","timestamp":"2026-08-18 10:58:50","userId":44}
{"endpoint":"full","level":"info","message":"Dashboard Request","queryRestaurantId":null,"restaurantId":1,"role":"ADMIN","timestamp":"2026-08-18 10:58:52","userId":31}
{"level":"warn","message":"Access denied","method":"POST","path":"/api/users","requiredRoles":["ADMIN"],"role":"CASHIER","timestamp":"2026-08-18 10:59:00","userId":822}
{"level":"warn","message":"Access denied","method":"GET","path":"/api/super-admin/restaurants","requiredRoles":["SUPER_ADMIN"],"role":"ADMIN","timestamp":"2026-08-18 10:59:02","userId":31}
{"endpoint":"full","level":"info","message":"Dashboard Request","queryRestaurantId":null,"restaurantId":373,"role":"ADMIN","timestamp":"2026-08-18 10:59:04","userId":825}
{"level":"error","message":"Expected property name or '}' in JSON at position 1 (line 1 column 2)","method":"POST","path":"/api/orders","role":null,"stack":"SyntaxError: Expected property name or '}' in JSON at position 1 (line 1 column 2)\n    at JSON.parse (<anonymous>)\n    at parse (C:\\POS System\\restaurant-pos-backend\\node_modules\\body-parser\\lib\\types\\json.js:91:21)\n    at C:\\POS System\\restaurant-pos-backend\\node_modules\\body-parser\\lib\\read.js:162:18\n    at AsyncResource.runInAsyncScope (node:async_hooks:227:14)\n    at invokeCallback (C:\\POS System\\restaurant-pos-backend\\node_modules\\raw-body\\index.js:238:16)\n    at done (C:\\POS System\\restaurant-pos-backend\\node_modules\\raw-body\\index.js:227:7)\n    at IncomingMessage.onEnd (C:\\POS System\\restaurant-pos-backend\\node_modules\\raw-body\\index.js:287:7)\n    at IncomingMessage.emit (node:events:509:28)\n    at endReadableNT (node:internal/streams/readable:1729:12)\n    at process.processTicksAndRejections (node:internal/process/task_queues:90:21)","timestamp":"2026-08-18 10:59:05","userId":null}
{"level":"warn","message":"Access denied","method":"POST","path":"/api/subscriptions/checkout","requiredRoles":["ADMIN"],"role":"CASHIER","timestamp":"2026-08-18 10:59:25","userId":831}
{"level":"warn","message":"Access denied","method":"POST","path":"/api/subscriptions/verify","requiredRoles":["ADMIN"],"role":"CASHIER","timestamp":"2026-08-18 10:59:25","userId":831}
{"level":"warn","message":"Access denied","method":"POST","path":"/api/subscriptions/downgrade","requiredRoles":["ADMIN"],"role":"CASHIER","timestamp":"2026-08-18 10:59:25","userId":831}
{"level":"warn","message":"Access denied","method":"DELETE","path":"/api/subscriptions/downgrade","requiredRoles":["ADMIN"],"role":"CASHIER","timestamp":"2026-08-18 10:59:25","userId":831}
{"level":"warn","message":"Access denied","method":"GET","path":"/api/super-admin/payments/gateway","requiredRoles":["SUPER_ADMIN"],"role":"ADMIN","timestamp":"2026-08-18 10:59:25","userId":830}
{"level":"warn","message":"Access denied","method":"PUT","path":"/api/super-admin/payments/gateway","requiredRoles":["SUPER_ADMIN"],"role":"ADMIN","timestamp":"2026-08-18 10:59:25","userId":830}
{"level":"warn","message":"Access denied","method":"GET","path":"/api/super-admin/subscriptions","requiredRoles":["SUPER_ADMIN"],"role":"ADMIN","timestamp":"2026-08-18 10:59:25","userId":830}
{"level":"info","message":"43 subscription(s) expiring within 7 days checked.","timestamp":"2026-08-18 10:59:28"}
{"level":"info","message":"1 expired subscription(s) found.","timestamp":"2026-08-18 10:59:28"}
{"level":"info","message":"Restaurant 378 marked EXPIRED (renewable).","timestamp":"2026-08-18 10:59:28"}
{"level":"info","message":"43 subscription(s) expiring within 7 days checked.","timestamp":"2026-08-18 10:59:29"}
{"level":"info","message":"0 expired subscription(s) found.","timestamp":"2026-08-18 10:59:29"}
{"level":"info","message":"43 subscription(s) expiring within 7 days checked.","timestamp":"2026-08-18 10:59:29"}
{"level":"info","message":"0 expired subscription(s) found.","timestamp":"2026-08-18 10:59:29"}
{"level":"info","message":"43 subscription(s) expiring within 7 days checked.","timestamp":"2026-08-18 10:59:29"}
{"level":"info","message":"0 expired subscription(s) found.","timestamp":"2026-08-18 10:59:29"}
{"level":"info","message":"44 subscription(s) expiring within 7 days checked.","timestamp":"2026-08-18 10:59:29"}
{"level":"info","message":"0 expired subscription(s) found.","timestamp":"2026-08-18 10:59:29"}
{"level":"info","message":"44 subscription(s) expiring within 7 days checked.","timestamp":"2026-08-18 10:59:30"}
{"level":"info","message":"44 subscription(s) expiring within 7 days checked.","timestamp":"2026-08-18 10:59:30"}
{"level":"info","message":"0 expired subscription(s) found.","timestamp":"2026-08-18 10:59:30"}
{"level":"info","message":"0 expired subscription(s) found.","timestamp":"2026-08-18 10:59:30"}
{"level":"warn","message":"Access denied","method":"GET","path":"/api/super-admin/profile","requiredRoles":["SUPER_ADMIN"],"role":"ADMIN","timestamp":"2026-08-18 10:59:46","userId":838}
{"level":"warn","message":"Access denied","method":"GET","path":"/api/super-admin/profile","requiredRoles":["SUPER_ADMIN"],"role":"CASHIER","timestamp":"2026-08-18 10:59:46","userId":839}
{"level":"warn","message":"Access denied","method":"PUT","path":"/api/super-admin/profile","requiredRoles":["SUPER_ADMIN"],"role":"ADMIN","timestamp":"2026-08-18 10:59:46","userId":838}
{"level":"warn","message":"Access denied","method":"POST","path":"/api/settings","requiredRoles":["ADMIN"],"role":"CASHIER","timestamp":"2026-08-18 10:59:57","userId":35}
{"endpoint":"full","level":"info","message":"Dashboard Request","queryRestaurantId":null,"restaurantId":1,"role":"ADMIN","timestamp":"2026-08-18 11:00:05","userId":31}
{"endpoint":"full","level":"info","message":"Dashboard Request","queryRestaurantId":null,"restaurantId":1,"role":"ADMIN","timestamp":"2026-08-18 11:00:51","userId":31}
{"endpoint":"full","level":"info","message":"Dashboard Request","queryRestaurantId":null,"restaurantId":1,"role":"ADMIN","timestamp":"2026-08-18 11:01:09","userId":31}
{"endpoint":"full","level":"info","message":"Dashboard Request","queryRestaurantId":null,"restaurantId":1,"role":"ADMIN","timestamp":"2026-08-18 11:01:32","userId":31}
{"endpoint":"full","level":"info","message":"Dashboard Request","queryRestaurantId":null,"restaurantId":1,"role":"ADMIN","timestamp":"2026-08-18 11:01:49","userId":31}
{"endpoint":"full","level":"info","message":"Dashboard Request","queryRestaurantId":null,"restaurantId":1,"role":"ADMIN","timestamp":"2026-08-18 11:02:02","userId":31}
{"endpoint":"full","level":"info","message":"Dashboard Request","queryRestaurantId":null,"restaurantId":1,"role":"ADMIN","timestamp":"2026-08-18 11:02:07","userId":31}
{"endpoint":"full","level":"info","message":"Dashboard Request","queryRestaurantId":null,"restaurantId":1,"role":"ADMIN","timestamp":"2026-08-18 11:02:10","userId":31}
{"endpoint":"full","level":"info","message":"Dashboard Request","queryRestaurantId":null,"restaurantId":1,"role":"ADMIN","timestamp":"2026-08-18 11:02:14","userId":31}
{"endpoint":"full","level":"info","message":"Dashboard Request","queryRestaurantId":null,"restaurantId":1,"role":"ADMIN","timestamp":"2026-08-18 11:02:18","userId":31}
{"level":"warn","message":"Access denied","method":"PUT","path":"/api/super-admin/profile","requiredRoles":["SUPER_ADMIN"],"role":"ADMIN","timestamp":"2026-08-18 11:02:44","userId":842}
{"level":"warn","message":"Access denied","method":"PUT","path":"/api/super-admin/profile","requiredRoles":["SUPER_ADMIN"],"role":"CASHIER","timestamp":"2026-08-18 11:02:44","userId":844}
{"level":"warn","message":"Access denied","method":"POST","path":"/api/super-admin/restaurants","requiredRoles":["SUPER_ADMIN"],"role":"ADMIN","timestamp":"2026-08-18 11:02:44","userId":842}
{"level":"warn","message":"Access denied","method":"POST","path":"/api/super-admin/plans","requiredRoles":["SUPER_ADMIN"],"role":"CASHIER","timestamp":"2026-08-18 11:02:44","userId":844}
{"level":"warn","message":"Access denied","method":"PUT","path":"/api/super-admin/subscriptions/386/plan","requiredRoles":["SUPER_ADMIN"],"role":"ADMIN","timestamp":"2026-08-18 11:02:44","userId":842}
{"level":"warn","message":"Access denied","method":"PUT","path":"/api/super-admin/payments/gateway","requiredRoles":["SUPER_ADMIN"],"role":"CASHIER","timestamp":"2026-08-18 11:02:44","userId":844}
{"level":"warn","message":"Access denied","method":"GET","path":"/api/super-admin/profile","requiredRoles":["SUPER_ADMIN"],"role":"ADMIN","timestamp":"2026-08-18 11:02:44","userId":842}
{"level":"warn","message":"Access denied","method":"PUT","path":"/api/super-admin/settings","requiredRoles":["SUPER_ADMIN"],"role":"ADMIN","timestamp":"2026-08-18 11:02:44","userId":842}
{"level":"warn","message":"Access denied","method":"PUT","path":"/api/super-admin/settings","requiredRoles":["SUPER_ADMIN"],"role":"CASHIER","timestamp":"2026-08-18 11:02:45","userId":844}
{"endpoint":"full","level":"info","message":"Dashboard Request","queryRestaurantId":null,"restaurantId":1,"role":"ADMIN","timestamp":"2026-08-18 11:07:59","userId":31}
{"endpoint":"full","level":"info","message":"Dashboard Request","queryRestaurantId":null,"restaurantId":1,"role":"ADMIN","timestamp":"2026-08-18 11:08:17","userId":31}
{"endpoint":"full","level":"info","message":"Dashboard Request","queryRestaurantId":null,"restaurantId":112,"role":"ADMIN","timestamp":"2026-08-18 11:08:29","userId":377}
{"endpoint":"full","level":"info","message":"Dashboard Request","queryRestaurantId":null,"restaurantId":112,"role":"ADMIN","timestamp":"2026-08-18 11:09:24","userId":377}
{"endpoint":"full","level":"info","message":"Dashboard Request","queryRestaurantId":null,"restaurantId":112,"role":"ADMIN","timestamp":"2026-08-18 11:09:38","userId":377}
{"endpoint":"full","level":"info","message":"Dashboard Request","queryRestaurantId":null,"restaurantId":112,"role":"ADMIN","timestamp":"2026-08-18 11:09:45","userId":377}
{"endpoint":"full","level":"info","message":"Dashboard Request","queryRestaurantId":null,"restaurantId":1,"role":"ADMIN","timestamp":"2026-08-18 11:11:08","userId":31}
{"endpoint":"full","level":"info","message":"Dashboard Request","queryRestaurantId":null,"restaurantId":388,"role":"ADMIN","timestamp":"2026-08-18 11:12:22","userId":846}
{"endpoint":"full","level":"info","message":"Dashboard Request","queryRestaurantId":null,"restaurantId":389,"role":"ADMIN","timestamp":"2026-08-18 11:14:01","userId":847}
{"endpoint":"full","level":"info","message":"Dashboard Request","queryRestaurantId":null,"restaurantId":390,"role":"ADMIN","timestamp":"2026-08-18 11:16:00","userId":848}
{"endpoint":"full","level":"info","message":"Dashboard Request","queryRestaurantId":null,"restaurantId":9,"role":"ADMIN","timestamp":"2026-08-18 11:51:40","userId":52}
{"endpoint":"full","level":"info","message":"Dashboard Request","queryRestaurantId":null,"restaurantId":9,"role":"ADMIN","timestamp":"2026-08-18 12:34:02","userId":52}
{"endpoint":"full","level":"info","message":"Dashboard Request","queryRestaurantId":null,"restaurantId":9,"role":"ADMIN","timestamp":"2026-08-18 12:34:32","userId":52}
{"endpoint":"full","level":"info","message":"Dashboard Request","queryRestaurantId":null,"restaurantId":9,"role":"ADMIN","timestamp":"2026-08-18 12:34:56","userId":52}
{"endpoint":"full","level":"info","message":"Dashboard Request","queryRestaurantId":null,"restaurantId":9,"role":"ADMIN","timestamp":"2026-08-18 12:35:26","userId":52}
{"endpoint":"full","level":"info","message":"Dashboard Request","queryRestaurantId":null,"restaurantId":9,"role":"ADMIN","timestamp":"2026-08-18 12:35:56","userId":52}
{"endpoint":"full","level":"info","message":"Dashboard Request","queryRestaurantId":null,"restaurantId":9,"role":"ADMIN","timestamp":"2026-08-18 12:36:26","userId":52}
{"endpoint":"full","level":"info","message":"Dashboard Request","queryRestaurantId":null,"restaurantId":9,"role":"ADMIN","timestamp":"2026-08-18 12:36:29","userId":52}
{"endpoint":"full","level":"info","message":"Dashboard Request","queryRestaurantId":null,"restaurantId":9,"role":"ADMIN","timestamp":"2026-08-18 12:37:30","userId":52}
{"endpoint":"full","level":"info","message":"Dashboard Request","queryRestaurantId":null,"restaurantId":9,"role":"ADMIN","timestamp":"2026-08-18 12:37:36","userId":52}
{"endpoint":"full","level":"info","message":"Dashboard Request","queryRestaurantId":null,"restaurantId":9,"role":"ADMIN","timestamp":"2026-08-18 12:37:51","userId":52}
{"endpoint":"full","level":"info","message":"Dashboard Request","queryRestaurantId":null,"restaurantId":9,"role":"ADMIN","timestamp":"2026-08-18 12:39:20","userId":52}
{"endpoint":"full","level":"info","message":"Dashboard Request","queryRestaurantId":null,"restaurantId":9,"role":"ADMIN","timestamp":"2026-08-18 12:40:01","userId":52}
{"endpoint":"full","level":"info","message":"Dashboard Request","queryRestaurantId":null,"restaurantId":9,"role":"ADMIN","timestamp":"2026-08-18 12:40:41","userId":52}
{"endpoint":"full","level":"info","message":"Dashboard Request","queryRestaurantId":null,"restaurantId":9,"role":"ADMIN","timestamp":"2026-08-18 12:41:12","userId":52}
{"endpoint":"full","level":"info","message":"Dashboard Request","queryRestaurantId":null,"restaurantId":9,"role":"ADMIN","timestamp":"2026-08-18 12:41:42","userId":52}
{"endpoint":"full","level":"info","message":"Dashboard Request","queryRestaurantId":null,"restaurantId":9,"role":"ADMIN","timestamp":"2026-08-18 12:42:12","userId":52}
{"endpoint":"full","level":"info","message":"Dashboard Request","queryRestaurantId":null,"restaurantId":9,"role":"ADMIN","timestamp":"2026-08-18 12:42:42","userId":52}
{"endpoint":"full","level":"info","message":"Dashboard Request","queryRestaurantId":null,"restaurantId":9,"role":"ADMIN","timestamp":"2026-08-18 12:43:12","userId":52}
{"endpoint":"full","level":"info","message":"Dashboard Request","queryRestaurantId":null,"restaurantId":9,"role":"ADMIN","timestamp":"2026-08-18 12:43:43","userId":52}
{"endpoint":"full","level":"info","message":"Dashboard Request","queryRestaurantId":null,"restaurantId":9,"role":"ADMIN","timestamp":"2026-08-18 12:44:13","userId":52}
{"endpoint":"full","level":"info","message":"Dashboard Request","queryRestaurantId":null,"restaurantId":9,"role":"ADMIN","timestamp":"2026-08-18 12:44:43","userId":52}
{"endpoint":"full","level":"info","message":"Dashboard Request","queryRestaurantId":null,"restaurantId":9,"role":"ADMIN","timestamp":"2026-08-18 12:50:44","userId":52}
{"endpoint":"full","level":"info","message":"Dashboard Request","queryRestaurantId":null,"restaurantId":9,"role":"ADMIN","timestamp":"2026-08-18 13:25:44","userId":52}
{"endpoint":"full","level":"info","message":"Dashboard Request","queryRestaurantId":null,"restaurantId":9,"role":"ADMIN","timestamp":"2026-08-18 13:26:13","userId":52}
{"endpoint":"full","level":"info","message":"Dashboard Request","queryRestaurantId":null,"restaurantId":9,"role":"ADMIN","timestamp":"2026-08-18 13:26:43","userId":52}
{"endpoint":"full","level":"info","message":"Dashboard Request","queryRestaurantId":null,"restaurantId":9,"role":"ADMIN","timestamp":"2026-08-18 13:27:14","userId":52}
{"endpoint":"full","level":"info","message":"Dashboard Request","queryRestaurantId":null,"restaurantId":9,"role":"ADMIN","timestamp":"2026-08-18 13:27:44","userId":52}
{"endpoint":"full","level":"info","message":"Dashboard Request","queryRestaurantId":null,"restaurantId":9,"role":"ADMIN","timestamp":"2026-08-18 13:28:14","userId":52}
{"endpoint":"full","level":"info","message":"Dashboard Request","queryRestaurantId":null,"restaurantId":9,"role":"ADMIN","timestamp":"2026-08-18 13:28:45","userId":52}
{"endpoint":"full","level":"info","message":"Dashboard Request","queryRestaurantId":null,"restaurantId":9,"role":"ADMIN","timestamp":"2026-08-18 13:29:15","userId":52}
{"endpoint":"full","level":"info","message":"Dashboard Request","queryRestaurantId":null,"restaurantId":9,"role":"ADMIN","timestamp":"2026-08-18 13:29:45","userId":52}
{"endpoint":"full","level":"info","message":"Dashboard Request","queryRestaurantId":null,"restaurantId":9,"role":"ADMIN","timestamp":"2026-08-18 13:30:16","userId":52}
{"endpoint":"full","level":"info","message":"Dashboard Request","queryRestaurantId":null,"restaurantId":9,"role":"ADMIN","timestamp":"2026-08-18 13:30:46","userId":52}
{"endpoint":"full","level":"info","message":"Dashboard Request","queryRestaurantId":null,"restaurantId":9,"role":"ADMIN","timestamp":"2026-08-18 13:31:16","userId":52}
{"endpoint":"full","level":"info","message":"Dashboard Request","queryRestaurantId":null,"restaurantId":9,"role":"ADMIN","timestamp":"2026-08-18 13:31:47","userId":52}
{"endpoint":"full","level":"info","message":"Dashboard Request","queryRestaurantId":null,"restaurantId":9,"role":"ADMIN","timestamp":"2026-08-18 13:32:18","userId":52}
{"endpoint":"full","level":"info","message":"Dashboard Request","queryRestaurantId":null,"restaurantId":9,"role":"ADMIN","timestamp":"2026-08-18 13:32:48","userId":52}
{"endpoint":"full","level":"info","message":"Dashboard Request","queryRestaurantId":null,"restaurantId":9,"role":"ADMIN","timestamp":"2026-08-18 13:33:19","userId":52}
{"endpoint":"full","level":"info","message":"Dashboard Request","queryRestaurantId":null,"restaurantId":9,"role":"ADMIN","timestamp":"2026-08-18 13:33:49","userId":52}
{"endpoint":"full","level":"info","message":"Dashboard Request","queryRestaurantId":null,"restaurantId":9,"role":"ADMIN","timestamp":"2026-08-18 13:34:19","userId":52}
{"endpoint":"full","level":"info","message":"Dashboard Request","queryRestaurantId":null,"restaurantId":9,"role":"ADMIN","timestamp":"2026-08-18 13:34:49","userId":52}
{"endpoint":"full","level":"info","message":"Dashboard Request","queryRestaurantId":null,"restaurantId":9,"role":"ADMIN","timestamp":"2026-08-18 13:35:20","userId":52}
{"endpoint":"full","level":"info","message":"Dashboard Request","queryRestaurantId":null,"restaurantId":9,"role":"ADMIN","timestamp":"2026-08-18 13:35:50","userId":52}
{"endpoint":"full","level":"info","message":"Dashboard Request","queryRestaurantId":null,"restaurantId":9,"role":"ADMIN","timestamp":"2026-08-18 13:36:21","userId":52}
{"endpoint":"full","level":"info","message":"Dashboard Request","queryRestaurantId":null,"restaurantId":9,"role":"ADMIN","timestamp":"2026-08-18 13:36:52","userId":52}
{"endpoint":"full","level":"info","message":"Dashboard Request","queryRestaurantId":null,"restaurantId":9,"role":"ADMIN","timestamp":"2026-08-18 13:37:21","userId":52}
{"endpoint":"full","level":"info","message":"Dashboard Request","queryRestaurantId":null,"restaurantId":9,"role":"ADMIN","timestamp":"2026-08-18 13:44:52","userId":52}
{"endpoint":"full","level":"info","message":"Dashboard Request","queryRestaurantId":null,"restaurantId":9,"role":"ADMIN","timestamp":"2026-08-18 13:45:00","userId":52}
{"endpoint":"full","level":"info","message":"Dashboard Request","queryRestaurantId":null,"restaurantId":9,"role":"ADMIN","timestamp":"2026-08-18 13:45:30","userId":52}
{"endpoint":"full","level":"info","message":"Dashboard Request","queryRestaurantId":null,"restaurantId":9,"role":"ADMIN","timestamp":"2026-08-18 13:46:00","userId":52}
{"endpoint":"full","level":"info","message":"Dashboard Request","queryRestaurantId":null,"restaurantId":9,"role":"ADMIN","timestamp":"2026-08-18 13:46:30","userId":52}
{"endpoint":"full","level":"info","message":"Dashboard Request","queryRestaurantId":null,"restaurantId":9,"role":"ADMIN","timestamp":"2026-08-18 13:47:00","userId":52}
{"endpoint":"full","level":"info","message":"Dashboard Request","queryRestaurantId":null,"restaurantId":9,"role":"ADMIN","timestamp":"2026-08-18 13:47:30","userId":52}
{"endpoint":"full","level":"info","message":"Dashboard Request","queryRestaurantId":null,"restaurantId":9,"role":"ADMIN","timestamp":"2026-08-18 13:48:00","userId":52}
{"endpoint":"full","level":"info","message":"Dashboard Request","queryRestaurantId":null,"restaurantId":9,"role":"ADMIN","timestamp":"2026-08-18 13:48:30","userId":52}
{"endpoint":"full","level":"info","message":"Dashboard Request","queryRestaurantId":null,"restaurantId":9,"role":"ADMIN","timestamp":"2026-08-18 13:49:00","userId":52}
{"endpoint":"full","level":"info","message":"Dashboard Request","queryRestaurantId":null,"restaurantId":9,"role":"ADMIN","timestamp":"2026-08-18 13:49:30","userId":52}
{"endpoint":"full","level":"info","message":"Dashboard Request","queryRestaurantId":null,"restaurantId":9,"role":"ADMIN","timestamp":"2026-08-18 13:50:00","userId":52}
{"endpoint":"full","level":"info","message":"Dashboard Request","queryRestaurantId":null,"restaurantId":9,"role":"ADMIN","timestamp":"2026-08-18 13:50:31","userId":52}
{"endpoint":"full","level":"info","message":"Dashboard Request","queryRestaurantId":null,"restaurantId":9,"role":"ADMIN","timestamp":"2026-08-18 13:51:02","userId":52}
{"endpoint":"full","level":"info","message":"Dashboard Request","queryRestaurantId":null,"restaurantId":9,"role":"ADMIN","timestamp":"2026-08-18 13:51:32","userId":52}
{"endpoint":"full","level":"info","message":"Dashboard Request","queryRestaurantId":null,"restaurantId":9,"role":"ADMIN","timestamp":"2026-08-18 13:52:02","userId":52}
{"endpoint":"full","level":"info","message":"Dashboard Request","queryRestaurantId":null,"restaurantId":9,"role":"ADMIN","timestamp":"2026-08-18 13:52:33","userId":52}
{"endpoint":"full","level":"info","message":"Dashboard Request","queryRestaurantId":null,"restaurantId":9,"role":"ADMIN","timestamp":"2026-08-18 13:53:03","userId":52}
{"endpoint":"full","level":"info","message":"Dashboard Request","queryRestaurantId":null,"restaurantId":9,"role":"ADMIN","timestamp":"2026-08-18 13:53:29","userId":52}
{"endpoint":"full","level":"info","message":"Dashboard Request","queryRestaurantId":null,"restaurantId":9,"role":"ADMIN","timestamp":"2026-08-18 13:53:59","userId":52}
{"endpoint":"full","level":"info","message":"Dashboard Request","queryRestaurantId":null,"restaurantId":9,"role":"ADMIN","timestamp":"2026-08-18 13:54:30","userId":52}
{"endpoint":"full","level":"info","message":"Dashboard Request","queryRestaurantId":null,"restaurantId":9,"role":"ADMIN","timestamp":"2026-08-18 13:55:00","userId":52}
{"endpoint":"full","level":"info","message":"Dashboard Request","queryRestaurantId":null,"restaurantId":9,"role":"ADMIN","timestamp":"2026-08-18 13:55:30","userId":52}
{"endpoint":"full","level":"info","message":"Dashboard Request","queryRestaurantId":null,"restaurantId":9,"role":"ADMIN","timestamp":"2026-08-18 13:56:00","userId":52}
{"endpoint":"full","level":"info","message":"Dashboard Request","queryRestaurantId":null,"restaurantId":9,"role":"ADMIN","timestamp":"2026-08-18 13:58:57","userId":52}
{"endpoint":"full","level":"info","message":"Dashboard Request","queryRestaurantId":null,"restaurantId":9,"role":"ADMIN","timestamp":"2026-08-18 13:59:27","userId":52}
{"endpoint":"full","level":"info","message":"Dashboard Request","queryRestaurantId":null,"restaurantId":9,"role":"ADMIN","timestamp":"2026-08-18 13:59:46","userId":52}
{"endpoint":"full","level":"info","message":"Dashboard Request","queryRestaurantId":null,"restaurantId":9,"role":"ADMIN","timestamp":"2026-08-18 14:00:16","userId":52}
{"endpoint":"full","level":"info","message":"Dashboard Request","queryRestaurantId":null,"restaurantId":9,"role":"ADMIN","timestamp":"2026-08-18 14:00:46","userId":52}
{"endpoint":"full","level":"info","message":"Dashboard Request","queryRestaurantId":null,"restaurantId":9,"role":"ADMIN","timestamp":"2026-08-18 14:01:16","userId":52}
{"endpoint":"full","level":"info","message":"Dashboard Request","queryRestaurantId":null,"restaurantId":9,"role":"ADMIN","timestamp":"2026-08-18 14:01:46","userId":52}
{"endpoint":"full","level":"info","message":"Dashboard Request","queryRestaurantId":null,"restaurantId":9,"role":"ADMIN","timestamp":"2026-08-18 14:02:16","userId":52}
{"endpoint":"full","level":"info","message":"Dashboard Request","queryRestaurantId":null,"restaurantId":9,"role":"ADMIN","timestamp":"2026-08-18 14:02:46","userId":52}
{"endpoint":"full","level":"info","message":"Dashboard Request","queryRestaurantId":null,"restaurantId":9,"role":"ADMIN","timestamp":"2026-08-18 14:03:16","userId":52}
{"endpoint":"full","level":"info","message":"Dashboard Request","queryRestaurantId":null,"restaurantId":9,"role":"ADMIN","timestamp":"2026-08-18 14:03:46","userId":52}
{"endpoint":"full","level":"info","message":"Dashboard Request","queryRestaurantId":null,"restaurantId":9,"role":"ADMIN","timestamp":"2026-08-18 14:04:16","userId":52}
{"endpoint":"full","level":"info","message":"Dashboard Request","queryRestaurantId":null,"restaurantId":9,"role":"ADMIN","timestamp":"2026-08-18 14:04:46","userId":52}
{"endpoint":"full","level":"info","message":"Dashboard Request","queryRestaurantId":null,"restaurantId":9,"role":"ADMIN","timestamp":"2026-08-18 14:05:17","userId":52}
{"endpoint":"full","level":"info","message":"Dashboard Request","queryRestaurantId":null,"restaurantId":9,"role":"ADMIN","timestamp":"2026-08-18 14:05:47","userId":52}
{"endpoint":"full","level":"info","message":"Dashboard Request","queryRestaurantId":null,"restaurantId":9,"role":"ADMIN","timestamp":"2026-08-18 14:06:18","userId":52}
{"endpoint":"full","level":"info","message":"Dashboard Request","queryRestaurantId":null,"restaurantId":9,"role":"ADMIN","timestamp":"2026-08-18 14:06:49","userId":52}
{"endpoint":"full","level":"info","message":"Dashboard Request","queryRestaurantId":null,"restaurantId":9,"role":"ADMIN","timestamp":"2026-08-18 14:07:19","userId":52}
{"endpoint":"full","level":"info","message":"Dashboard Request","queryRestaurantId":null,"restaurantId":9,"role":"ADMIN","timestamp":"2026-08-18 14:07:49","userId":52}
{"endpoint":"full","level":"info","message":"Dashboard Request","queryRestaurantId":null,"restaurantId":9,"role":"ADMIN","timestamp":"2026-08-18 14:08:19","userId":52}
{"endpoint":"full","level":"info","message":"Dashboard Request","queryRestaurantId":null,"restaurantId":9,"role":"ADMIN","timestamp":"2026-08-18 14:08:50","userId":52}
{"endpoint":"full","level":"info","message":"Dashboard Request","queryRestaurantId":null,"restaurantId":9,"role":"ADMIN","timestamp":"2026-08-18 14:09:20","userId":52}
{"endpoint":"full","level":"info","message":"Dashboard Request","queryRestaurantId":null,"restaurantId":9,"role":"ADMIN","timestamp":"2026-08-18 14:09:50","userId":52}
{"endpoint":"full","level":"info","message":"Dashboard Request","queryRestaurantId":null,"restaurantId":9,"role":"ADMIN","timestamp":"2026-08-18 14:10:21","userId":52}
{"endpoint":"full","level":"info","message":"Dashboard Request","queryRestaurantId":null,"restaurantId":9,"role":"ADMIN","timestamp":"2026-08-18 14:10:51","userId":52}
{"endpoint":"full","level":"info","message":"Dashboard Request","queryRestaurantId":null,"restaurantId":9,"role":"ADMIN","timestamp":"2026-08-18 14:11:22","userId":52}
{"endpoint":"full","level":"info","message":"Dashboard Request","queryRestaurantId":null,"restaurantId":9,"role":"ADMIN","timestamp":"2026-08-18 14:11:52","userId":52}
{"endpoint":"full","level":"info","message":"Dashboard Request","queryRestaurantId":null,"restaurantId":9,"role":"ADMIN","timestamp":"2026-08-18 14:12:22","userId":52}
{"endpoint":"full","level":"info","message":"Dashboard Request","queryRestaurantId":null,"restaurantId":9,"role":"ADMIN","timestamp":"2026-08-18 14:12:53","userId":52}
{"endpoint":"full","level":"info","message":"Dashboard Request","queryRestaurantId":null,"restaurantId":393,"role":"ADMIN","timestamp":"2026-08-18 14:13:10","userId":851}
{"endpoint":"full","level":"info","message":"Dashboard Request","queryRestaurantId":null,"restaurantId":9,"role":"ADMIN","timestamp":"2026-08-18 14:13:23","userId":52}
{"endpoint":"full","level":"info","message":"Dashboard Request","queryRestaurantId":null,"restaurantId":9,"role":"ADMIN","timestamp":"2026-08-18 14:13:54","userId":52}
{"endpoint":"full","level":"info","message":"Dashboard Request","queryRestaurantId":null,"restaurantId":9,"role":"ADMIN","timestamp":"2026-08-18 14:14:24","userId":52}
{"endpoint":"full","level":"info","message":"Dashboard Request","queryRestaurantId":null,"restaurantId":9,"role":"ADMIN","timestamp":"2026-08-18 14:14:55","userId":52}
{"endpoint":"full","level":"info","message":"Dashboard Request","queryRestaurantId":null,"restaurantId":401,"role":"ADMIN","timestamp":"2026-08-18 14:15:05","userId":859}
{"endpoint":"full","level":"info","message":"Dashboard Request","queryRestaurantId":null,"restaurantId":9,"role":"ADMIN","timestamp":"2026-08-18 14:15:25","userId":52}
{"level":"info","message":"Server running on http://localhost:5001","timestamp":"2026-08-18 14:15:33"}
{"endpoint":"full","level":"info","message":"Dashboard Request","queryRestaurantId":null,"restaurantId":null,"role":"SUPER_ADMIN","timestamp":"2026-08-18 14:15:43","userId":1}
{"endpoint":"full","level":"info","message":"Dashboard Request","queryRestaurantId":null,"restaurantId":9,"role":"ADMIN","timestamp":"2026-08-18 14:15:56","userId":52}
{"endpoint":"full","level":"info","message":"Dashboard Request","queryRestaurantId":null,"restaurantId":402,"role":"ADMIN","timestamp":"2026-08-18 14:15:58","userId":860}
{"endpoint":"full","level":"info","message":"Dashboard Request","queryRestaurantId":null,"restaurantId":403,"role":"ADMIN","timestamp":"2026-08-18 14:15:59","userId":861}
{"endpoint":"full","level":"info","message":"Dashboard Request","queryRestaurantId":null,"restaurantId":9,"role":"ADMIN","timestamp":"2026-08-18 14:16:26","userId":52}
{"endpoint":"full","level":"info","message":"Dashboard Request","queryRestaurantId":null,"restaurantId":9,"role":"ADMIN","timestamp":"2026-08-18 14:16:56","userId":52}
{"level":"info","message":"Server running on http://localhost:5001","timestamp":"2026-08-18 14:17:11"}
{"endpoint":"full","level":"info","message":"Dashboard Request","queryRestaurantId":null,"restaurantId":9,"role":"ADMIN","timestamp":"2026-08-18 14:17:27","userId":52}
{"endpoint":"full","level":"info","message":"Dashboard Request","queryRestaurantId":null,"restaurantId":9,"role":"ADMIN","timestamp":"2026-08-18 14:17:57","userId":52}
{"level":"warn","message":"Access denied","method":"DELETE","path":"/api/orders/999999","requiredRoles":["ADMIN"],"role":"WAITER","timestamp":"2026-08-18 14:18:09","userId":39}
{"level":"warn","message":"Access denied","method":"POST","path":"/api/orders","requiredRoles":["ADMIN","MANAGER","CASHIER","WAITER"],"role":"KITCHEN","timestamp":"2026-08-18 14:18:09","userId":44}
{"endpoint":"full","level":"info","message":"Dashboard Request","queryRestaurantId":null,"restaurantId":1,"role":"ADMIN","timestamp":"2026-08-18 14:18:13","userId":31}
{"level":"warn","message":"Access denied","method":"POST","path":"/api/users","requiredRoles":["ADMIN"],"role":"CASHIER","timestamp":"2026-08-18 14:18:22","userId":871}
{"level":"warn","message":"Access denied","method":"GET","path":"/api/super-admin/restaurants","requiredRoles":["SUPER_ADMIN"],"role":"ADMIN","timestamp":"2026-08-18 14:18:25","userId":31}
{"endpoint":"full","level":"info","message":"Dashboard Request","queryRestaurantId":null,"restaurantId":412,"role":"ADMIN","timestamp":"2026-08-18 14:18:26","userId":874}
{"level":"error","message":"Expected property name or '}' in JSON at position 1 (line 1 column 2)","method":"POST","path":"/api/orders","role":null,"stack":"SyntaxError: Expected property name or '}' in JSON at position 1 (line 1 column 2)\n    at JSON.parse (<anonymous>)\n    at parse (C:\\POS System\\restaurant-pos-backend\\node_modules\\body-parser\\lib\\types\\json.js:91:21)\n    at C:\\POS System\\restaurant-pos-backend\\node_modules\\body-parser\\lib\\read.js:162:18\n    at AsyncResource.runInAsyncScope (node:async_hooks:227:14)\n    at invokeCallback (C:\\POS System\\restaurant-pos-backend\\node_modules\\raw-body\\index.js:238:16)\n    at done (C:\\POS System\\restaurant-pos-backend\\node_modules\\raw-body\\index.js:227:7)\n    at IncomingMessage.onEnd (C:\\POS System\\restaurant-pos-backend\\node_modules\\raw-body\\index.js:287:7)\n    at IncomingMessage.emit (node:events:509:28)\n    at endReadableNT (node:internal/streams/readable:1729:12)\n    at process.processTicksAndRejections (node:internal/process/task_queues:90:21)","timestamp":"2026-08-18 14:18:27","userId":null}
{"endpoint":"full","level":"info","message":"Dashboard Request","queryRestaurantId":null,"restaurantId":9,"role":"ADMIN","timestamp":"2026-08-18 14:18:28","userId":52}
{"endpoint":"full","level":"info","message":"Dashboard Request","queryRestaurantId":null,"restaurantId":9,"role":"ADMIN","timestamp":"2026-08-18 14:18:58","userId":52}
{"level":"info","message":"Server running on http://localhost:5001","timestamp":"2026-08-18 14:19:30"}
{"endpoint":"full","level":"info","message":"Dashboard Request","queryRestaurantId":null,"restaurantId":9,"role":"ADMIN","timestamp":"2026-08-18 14:19:30","userId":52}
{"level":"warn","message":"Access denied","method":"POST","path":"/api/subscriptions/checkout","requiredRoles":["ADMIN"],"role":"CASHIER","timestamp":"2026-08-18 14:19:50","userId":884}
{"level":"warn","message":"Access denied","method":"POST","path":"/api/subscriptions/verify","requiredRoles":["ADMIN"],"role":"CASHIER","timestamp":"2026-08-18 14:19:50","userId":884}
{"level":"warn","message":"Access denied","method":"POST","path":"/api/subscriptions/downgrade","requiredRoles":["ADMIN"],"role":"CASHIER","timestamp":"2026-08-18 14:19:50","userId":884}
{"level":"warn","message":"Access denied","method":"DELETE","path":"/api/subscriptions/downgrade","requiredRoles":["ADMIN"],"role":"CASHIER","timestamp":"2026-08-18 14:19:50","userId":884}
{"level":"warn","message":"Access denied","method":"GET","path":"/api/super-admin/payments/gateway","requiredRoles":["SUPER_ADMIN"],"role":"ADMIN","timestamp":"2026-08-18 14:19:50","userId":883}
{"level":"warn","message":"Access denied","method":"PUT","path":"/api/super-admin/payments/gateway","requiredRoles":["SUPER_ADMIN"],"role":"ADMIN","timestamp":"2026-08-18 14:19:50","userId":883}
{"level":"warn","message":"Access denied","method":"GET","path":"/api/super-admin/subscriptions","requiredRoles":["SUPER_ADMIN"],"role":"ADMIN","timestamp":"2026-08-18 14:19:50","userId":883}
{"level":"info","message":"43 subscription(s) expiring within 7 days checked.","timestamp":"2026-08-18 14:19:56"}
{"level":"info","message":"1 expired subscription(s) found.","timestamp":"2026-08-18 14:19:56"}
{"level":"info","message":"Restaurant 421 marked EXPIRED (renewable).","timestamp":"2026-08-18 14:19:56"}
{"level":"info","message":"43 subscription(s) expiring within 7 days checked.","timestamp":"2026-08-18 14:19:56"}
{"level":"info","message":"0 expired subscription(s) found.","timestamp":"2026-08-18 14:19:56"}
{"level":"info","message":"43 subscription(s) expiring within 7 days checked.","timestamp":"2026-08-18 14:19:57"}
{"level":"info","message":"0 expired subscription(s) found.","timestamp":"2026-08-18 14:19:57"}
{"level":"info","message":"43 subscription(s) expiring within 7 days checked.","timestamp":"2026-08-18 14:19:57"}
{"level":"info","message":"0 expired subscription(s) found.","timestamp":"2026-08-18 14:19:57"}
{"level":"info","message":"44 subscription(s) expiring within 7 days checked.","timestamp":"2026-08-18 14:19:57"}
{"level":"info","message":"0 expired subscription(s) found.","timestamp":"2026-08-18 14:19:57"}
{"level":"info","message":"44 subscription(s) expiring within 7 days checked.","timestamp":"2026-08-18 14:19:57"}
{"level":"info","message":"0 expired subscription(s) found.","timestamp":"2026-08-18 14:19:57"}
{"level":"info","message":"44 subscription(s) expiring within 7 days checked.","timestamp":"2026-08-18 14:19:57"}
{"level":"info","message":"0 expired subscription(s) found.","timestamp":"2026-08-18 14:19:57"}
{"endpoint":"full","level":"info","message":"Dashboard Request","queryRestaurantId":null,"restaurantId":9,"role":"ADMIN","timestamp":"2026-08-18 14:19:59","userId":52}
{"level":"warn","message":"Access denied","method":"GET","path":"/api/super-admin/profile","requiredRoles":["SUPER_ADMIN"],"role":"ADMIN","timestamp":"2026-08-18 14:20:11","userId":890}
{"level":"warn","message":"Access denied","method":"GET","path":"/api/super-admin/profile","requiredRoles":["SUPER_ADMIN"],"role":"CASHIER","timestamp":"2026-08-18 14:20:11","userId":891}
{"level":"warn","message":"Access denied","method":"PUT","path":"/api/super-admin/profile","requiredRoles":["SUPER_ADMIN"],"role":"ADMIN","timestamp":"2026-08-18 14:20:11","userId":890}
{"level":"warn","message":"Access denied","method":"PUT","path":"/api/super-admin/profile","requiredRoles":["SUPER_ADMIN"],"role":"ADMIN","timestamp":"2026-08-18 14:20:27","userId":894}
{"level":"warn","message":"Access denied","method":"PUT","path":"/api/super-admin/profile","requiredRoles":["SUPER_ADMIN"],"role":"CASHIER","timestamp":"2026-08-18 14:20:28","userId":896}
{"level":"warn","message":"Access denied","method":"POST","path":"/api/super-admin/restaurants","requiredRoles":["SUPER_ADMIN"],"role":"ADMIN","timestamp":"2026-08-18 14:20:28","userId":894}
{"level":"warn","message":"Access denied","method":"POST","path":"/api/super-admin/plans","requiredRoles":["SUPER_ADMIN"],"role":"CASHIER","timestamp":"2026-08-18 14:20:28","userId":896}
{"level":"warn","message":"Access denied","method":"PUT","path":"/api/super-admin/subscriptions/428/plan","requiredRoles":["SUPER_ADMIN"],"role":"ADMIN","timestamp":"2026-08-18 14:20:28","userId":894}
{"level":"warn","message":"Access denied","method":"PUT","path":"/api/super-admin/payments/gateway","requiredRoles":["SUPER_ADMIN"],"role":"CASHIER","timestamp":"2026-08-18 14:20:28","userId":896}
{"level":"warn","message":"Access denied","method":"GET","path":"/api/super-admin/profile","requiredRoles":["SUPER_ADMIN"],"role":"ADMIN","timestamp":"2026-08-18 14:20:28","userId":894}
{"level":"warn","message":"Access denied","method":"PUT","path":"/api/super-admin/settings","requiredRoles":["SUPER_ADMIN"],"role":"ADMIN","timestamp":"2026-08-18 14:20:28","userId":894}
{"level":"warn","message":"Access denied","method":"PUT","path":"/api/super-admin/settings","requiredRoles":["SUPER_ADMIN"],"role":"CASHIER","timestamp":"2026-08-18 14:20:28","userId":896}
{"endpoint":"full","level":"info","message":"Dashboard Request","queryRestaurantId":null,"restaurantId":9,"role":"ADMIN","timestamp":"2026-08-18 14:20:29","userId":52}
{"endpoint":"full","level":"info","message":"Dashboard Request","queryRestaurantId":null,"restaurantId":430,"role":"ADMIN","timestamp":"2026-08-18 14:20:38","userId":898}
{"endpoint":"full","level":"info","message":"Dashboard Request","queryRestaurantId":null,"restaurantId":431,"role":"ADMIN","timestamp":"2026-08-18 14:20:38","userId":899}
{"endpoint":"full","level":"info","message":"Dashboard Request","queryRestaurantId":null,"restaurantId":9,"role":"ADMIN","timestamp":"2026-08-18 14:21:00","userId":52}
{"level":"warn","message":"Access denied","method":"POST","path":"/api/settings","requiredRoles":["ADMIN"],"role":"CASHIER","timestamp":"2026-08-18 14:21:10","userId":35}
{"endpoint":"full","level":"info","message":"Dashboard Request","queryRestaurantId":null,"restaurantId":1,"role":"ADMIN","timestamp":"2026-08-18 14:21:19","userId":31}
{"endpoint":"full","level":"info","message":"Dashboard Request","queryRestaurantId":null,"restaurantId":9,"role":"ADMIN","timestamp":"2026-08-18 14:21:30","userId":52}
{"endpoint":"full","level":"info","message":"Dashboard Request","queryRestaurantId":null,"restaurantId":1,"role":"ADMIN","timestamp":"2026-08-18 14:21:59","userId":31}
{"endpoint":"full","level":"info","message":"Dashboard Request","queryRestaurantId":null,"restaurantId":9,"role":"ADMIN","timestamp":"2026-08-18 14:22:01","userId":52}
{"endpoint":"full","level":"info","message":"Dashboard Request","queryRestaurantId":null,"restaurantId":1,"role":"ADMIN","timestamp":"2026-08-18 14:22:16","userId":31}
{"endpoint":"full","level":"info","message":"Dashboard Request","queryRestaurantId":null,"restaurantId":9,"role":"ADMIN","timestamp":"2026-08-18 14:22:31","userId":52}
{"endpoint":"full","level":"info","message":"Dashboard Request","queryRestaurantId":null,"restaurantId":9,"role":"ADMIN","timestamp":"2026-08-18 14:23:02","userId":52}
{"endpoint":"full","level":"info","message":"Dashboard Request","queryRestaurantId":null,"restaurantId":9,"role":"ADMIN","timestamp":"2026-08-18 14:23:32","userId":52}
{"endpoint":"full","level":"info","message":"Dashboard Request","queryRestaurantId":null,"restaurantId":9,"role":"ADMIN","timestamp":"2026-08-18 14:24:02","userId":52}
{"endpoint":"full","level":"info","message":"Dashboard Request","queryRestaurantId":null,"restaurantId":112,"role":"ADMIN","timestamp":"2026-08-18 14:24:11","userId":377}
{"endpoint":"full","level":"info","message":"Dashboard Request","queryRestaurantId":null,"restaurantId":9,"role":"ADMIN","timestamp":"2026-08-18 14:24:33","userId":52}
{"endpoint":"full","level":"info","message":"Dashboard Request","queryRestaurantId":null,"restaurantId":9,"role":"ADMIN","timestamp":"2026-08-18 14:25:03","userId":52}
{"endpoint":"full","level":"info","message":"Dashboard Request","queryRestaurantId":null,"restaurantId":112,"role":"ADMIN","timestamp":"2026-08-18 14:25:07","userId":377}
{"endpoint":"full","level":"info","message":"Dashboard Request","queryRestaurantId":null,"restaurantId":112,"role":"ADMIN","timestamp":"2026-08-18 14:25:21","userId":377}
{"endpoint":"full","level":"info","message":"Dashboard Request","queryRestaurantId":null,"restaurantId":112,"role":"ADMIN","timestamp":"2026-08-18 14:25:27","userId":377}
{"endpoint":"full","level":"info","message":"Dashboard Request","queryRestaurantId":null,"restaurantId":9,"role":"ADMIN","timestamp":"2026-08-18 14:25:33","userId":52}
{"endpoint":"full","level":"info","message":"Dashboard Request","queryRestaurantId":null,"restaurantId":1,"role":"ADMIN","timestamp":"2026-08-18 14:25:52","userId":31}
{"endpoint":"full","level":"info","message":"Dashboard Request","queryRestaurantId":null,"restaurantId":9,"role":"ADMIN","timestamp":"2026-08-18 14:26:04","userId":52}
{"endpoint":"full","level":"info","message":"Dashboard Request","queryRestaurantId":null,"restaurantId":9,"role":"ADMIN","timestamp":"2026-08-18 14:26:34","userId":52}
{"endpoint":"full","level":"info","message":"Dashboard Request","queryRestaurantId":null,"restaurantId":9,"role":"ADMIN","timestamp":"2026-08-18 14:27:05","userId":52}
{"endpoint":"full","level":"info","message":"Dashboard Request","queryRestaurantId":null,"restaurantId":9,"role":"ADMIN","timestamp":"2026-08-18 14:27:35","userId":52}
{"endpoint":"full","level":"info","message":"Dashboard Request","queryRestaurantId":null,"restaurantId":9,"role":"ADMIN","timestamp":"2026-08-18 14:28:05","userId":52}
{"endpoint":"full","level":"info","message":"Dashboard Request","queryRestaurantId":null,"restaurantId":9,"role":"ADMIN","timestamp":"2026-08-18 14:28:36","userId":52}
{"endpoint":"full","level":"info","message":"Dashboard Request","queryRestaurantId":null,"restaurantId":9,"role":"ADMIN","timestamp":"2026-08-18 14:29:06","userId":52}
{"endpoint":"full","level":"info","message":"Dashboard Request","queryRestaurantId":null,"restaurantId":9,"role":"ADMIN","timestamp":"2026-08-18 14:29:36","userId":52}
{"endpoint":"full","level":"info","message":"Dashboard Request","queryRestaurantId":null,"restaurantId":9,"role":"ADMIN","timestamp":"2026-08-18 14:30:07","userId":52}
{"endpoint":"full","level":"info","message":"Dashboard Request","queryRestaurantId":null,"restaurantId":9,"role":"ADMIN","timestamp":"2026-08-18 14:30:37","userId":52}
{"endpoint":"full","level":"info","message":"Dashboard Request","queryRestaurantId":null,"restaurantId":9,"role":"ADMIN","timestamp":"2026-08-18 14:31:08","userId":52}
{"endpoint":"full","level":"info","message":"Dashboard Request","queryRestaurantId":null,"restaurantId":9,"role":"ADMIN","timestamp":"2026-08-18 14:31:38","userId":52}
{"endpoint":"full","level":"info","message":"Dashboard Request","queryRestaurantId":null,"restaurantId":435,"role":"ADMIN","timestamp":"2026-08-18 14:31:59","userId":903}
{"endpoint":"full","level":"info","message":"Dashboard Request","queryRestaurantId":null,"restaurantId":9,"role":"ADMIN","timestamp":"2026-08-18 14:32:09","userId":52}
{"endpoint":"full","level":"info","message":"Dashboard Request","queryRestaurantId":null,"restaurantId":9,"role":"ADMIN","timestamp":"2026-08-18 14:32:39","userId":52}
{"endpoint":"full","level":"info","message":"Dashboard Request","queryRestaurantId":null,"restaurantId":9,"role":"ADMIN","timestamp":"2026-08-18 14:33:10","userId":52}
{"endpoint":"full","level":"info","message":"Dashboard Request","queryRestaurantId":null,"restaurantId":1,"role":"ADMIN","timestamp":"2026-08-18 14:33:12","userId":31}
{"endpoint":"full","level":"info","message":"Dashboard Request","queryRestaurantId":null,"restaurantId":1,"role":"ADMIN","timestamp":"2026-08-18 14:33:30","userId":31}
{"endpoint":"full","level":"info","message":"Dashboard Request","queryRestaurantId":null,"restaurantId":9,"role":"ADMIN","timestamp":"2026-08-18 14:33:41","userId":52}
{"endpoint":"full","level":"info","message":"Dashboard Request","queryRestaurantId":null,"restaurantId":9,"role":"ADMIN","timestamp":"2026-08-18 14:34:11","userId":52}
{"endpoint":"full","level":"info","message":"Dashboard Request","queryRestaurantId":null,"restaurantId":1,"role":"ADMIN","timestamp":"2026-08-18 14:34:30","userId":31}
{"endpoint":"full","level":"info","message":"Dashboard Request","queryRestaurantId":null,"restaurantId":9,"role":"ADMIN","timestamp":"2026-08-18 14:34:42","userId":52}
{"endpoint":"full","level":"info","message":"Dashboard Request","queryRestaurantId":null,"restaurantId":1,"role":"ADMIN","timestamp":"2026-08-18 14:34:48","userId":31}
{"endpoint":"full","level":"info","message":"Dashboard Request","queryRestaurantId":null,"restaurantId":1,"role":"ADMIN","timestamp":"2026-08-18 14:35:00","userId":31}
{"endpoint":"full","level":"info","message":"Dashboard Request","queryRestaurantId":null,"restaurantId":1,"role":"ADMIN","timestamp":"2026-08-18 14:35:05","userId":31}
{"endpoint":"full","level":"info","message":"Dashboard Request","queryRestaurantId":null,"restaurantId":1,"role":"ADMIN","timestamp":"2026-08-18 14:35:09","userId":31}
{"endpoint":"full","level":"info","message":"Dashboard Request","queryRestaurantId":null,"restaurantId":9,"role":"ADMIN","timestamp":"2026-08-18 14:35:12","userId":52}
{"endpoint":"full","level":"info","message":"Dashboard Request","queryRestaurantId":null,"restaurantId":1,"role":"ADMIN","timestamp":"2026-08-18 14:35:13","userId":31}
{"endpoint":"full","level":"info","message":"Dashboard Request","queryRestaurantId":null,"restaurantId":1,"role":"ADMIN","timestamp":"2026-08-18 14:35:17","userId":31}
{"endpoint":"full","level":"info","message":"Dashboard Request","queryRestaurantId":null,"restaurantId":9,"role":"ADMIN","timestamp":"2026-08-18 14:35:43","userId":52}
{"endpoint":"full","level":"info","message":"Dashboard Request","queryRestaurantId":null,"restaurantId":9,"role":"ADMIN","timestamp":"2026-08-18 14:36:13","userId":52}
{"endpoint":"full","level":"info","message":"Dashboard Request","queryRestaurantId":null,"restaurantId":9,"role":"ADMIN","timestamp":"2026-08-18 14:36:43","userId":52}
{"endpoint":"full","level":"info","message":"Dashboard Request","queryRestaurantId":null,"restaurantId":9,"role":"ADMIN","timestamp":"2026-08-18 14:37:14","userId":52}
{"endpoint":"full","level":"info","message":"Dashboard Request","queryRestaurantId":null,"restaurantId":9,"role":"ADMIN","timestamp":"2026-08-18 14:37:44","userId":52}
{"endpoint":"full","level":"info","message":"Dashboard Request","queryRestaurantId":null,"restaurantId":9,"role":"ADMIN","timestamp":"2026-08-18 14:38:15","userId":52}
{"endpoint":"full","level":"info","message":"Dashboard Request","queryRestaurantId":null,"restaurantId":9,"role":"ADMIN","timestamp":"2026-08-18 14:38:46","userId":52}
{"endpoint":"full","level":"info","message":"Dashboard Request","queryRestaurantId":null,"restaurantId":9,"role":"ADMIN","timestamp":"2026-08-18 14:39:16","userId":52}
{"endpoint":"full","level":"info","message":"Dashboard Request","queryRestaurantId":null,"restaurantId":9,"role":"ADMIN","timestamp":"2026-08-18 14:39:47","userId":52}
{"endpoint":"full","level":"info","message":"Dashboard Request","queryRestaurantId":null,"restaurantId":9,"role":"ADMIN","timestamp":"2026-08-18 14:40:17","userId":52}
{"endpoint":"full","level":"info","message":"Dashboard Request","queryRestaurantId":null,"restaurantId":9,"role":"ADMIN","timestamp":"2026-08-18 14:40:47","userId":52}
{"endpoint":"full","level":"info","message":"Dashboard Request","queryRestaurantId":null,"restaurantId":9,"role":"ADMIN","timestamp":"2026-08-18 14:41:17","userId":52}
{"endpoint":"full","level":"info","message":"Dashboard Request","queryRestaurantId":null,"restaurantId":9,"role":"ADMIN","timestamp":"2026-08-18 14:41:48","userId":52}
{"endpoint":"full","level":"info","message":"Dashboard Request","queryRestaurantId":null,"restaurantId":9,"role":"ADMIN","timestamp":"2026-08-18 14:42:18","userId":52}
{"endpoint":"full","level":"info","message":"Dashboard Request","queryRestaurantId":null,"restaurantId":9,"role":"ADMIN","timestamp":"2026-08-18 14:42:49","userId":52}
{"endpoint":"full","level":"info","message":"Dashboard Request","queryRestaurantId":null,"restaurantId":9,"role":"ADMIN","timestamp":"2026-08-18 14:43:19","userId":52}
{"endpoint":"full","level":"info","message":"Dashboard Request","queryRestaurantId":null,"restaurantId":9,"role":"ADMIN","timestamp":"2026-08-18 14:43:49","userId":52}
{"endpoint":"full","level":"info","message":"Dashboard Request","queryRestaurantId":null,"restaurantId":9,"role":"ADMIN","timestamp":"2026-08-18 14:44:20","userId":52}
{"endpoint":"full","level":"info","message":"Dashboard Request","queryRestaurantId":null,"restaurantId":9,"role":"ADMIN","timestamp":"2026-08-18 14:44:50","userId":52}
{"endpoint":"full","level":"info","message":"Dashboard Request","queryRestaurantId":null,"restaurantId":9,"role":"ADMIN","timestamp":"2026-08-18 14:45:21","userId":52}
{"endpoint":"full","level":"info","message":"Dashboard Request","queryRestaurantId":null,"restaurantId":9,"role":"ADMIN","timestamp":"2026-08-18 14:45:26","userId":52}
{"endpoint":"full","level":"info","message":"Dashboard Request","queryRestaurantId":null,"restaurantId":9,"role":"ADMIN","timestamp":"2026-08-18 14:46:02","userId":52}
{"endpoint":"full","level":"info","message":"Dashboard Request","queryRestaurantId":null,"restaurantId":9,"role":"ADMIN","timestamp":"2026-08-18 14:46:40","userId":52}
{"endpoint":"full","level":"info","message":"Dashboard Request","queryRestaurantId":null,"restaurantId":9,"role":"ADMIN","timestamp":"2026-08-18 14:47:09","userId":52}
{"endpoint":"full","level":"info","message":"Dashboard Request","queryRestaurantId":null,"restaurantId":9,"role":"ADMIN","timestamp":"2026-08-18 14:47:40","userId":52}
{"endpoint":"full","level":"info","message":"Dashboard Request","queryRestaurantId":null,"restaurantId":9,"role":"ADMIN","timestamp":"2026-08-18 14:48:11","userId":52}
{"endpoint":"full","level":"info","message":"Dashboard Request","queryRestaurantId":null,"restaurantId":9,"role":"ADMIN","timestamp":"2026-08-18 14:49:22","userId":52}
{"endpoint":"full","level":"info","message":"Dashboard Request","queryRestaurantId":null,"restaurantId":9,"role":"ADMIN","timestamp":"2026-08-18 14:49:53","userId":52}
{"endpoint":"full","level":"info","message":"Dashboard Request","queryRestaurantId":null,"restaurantId":9,"role":"ADMIN","timestamp":"2026-08-18 14:50:23","userId":52}
{"endpoint":"full","level":"info","message":"Dashboard Request","queryRestaurantId":null,"restaurantId":9,"role":"ADMIN","timestamp":"2026-08-18 14:50:54","userId":52}
{"endpoint":"full","level":"info","message":"Dashboard Request","queryRestaurantId":null,"restaurantId":9,"role":"ADMIN","timestamp":"2026-08-18 14:51:24","userId":52}
{"endpoint":"full","level":"info","message":"Dashboard Request","queryRestaurantId":null,"restaurantId":9,"role":"ADMIN","timestamp":"2026-08-18 14:51:54","userId":52}
{"endpoint":"full","level":"info","message":"Dashboard Request","queryRestaurantId":null,"restaurantId":9,"role":"ADMIN","timestamp":"2026-08-18 14:52:25","userId":52}
{"endpoint":"full","level":"info","message":"Dashboard Request","queryRestaurantId":null,"restaurantId":9,"role":"ADMIN","timestamp":"2026-08-18 14:52:55","userId":52}
{"endpoint":"full","level":"info","message":"Dashboard Request","queryRestaurantId":null,"restaurantId":9,"role":"ADMIN","timestamp":"2026-08-18 14:53:25","userId":52}
{"endpoint":"full","level":"info","message":"Dashboard Request","queryRestaurantId":null,"restaurantId":9,"role":"ADMIN","timestamp":"2026-08-18 14:53:56","userId":52}
{"endpoint":"full","level":"info","message":"Dashboard Request","queryRestaurantId":null,"restaurantId":9,"role":"ADMIN","timestamp":"2026-08-18 14:54:26","userId":52}
{"endpoint":"full","level":"info","message":"Dashboard Request","queryRestaurantId":null,"restaurantId":9,"role":"ADMIN","timestamp":"2026-08-18 14:54:56","userId":52}
{"endpoint":"full","level":"info","message":"Dashboard Request","queryRestaurantId":null,"restaurantId":9,"role":"ADMIN","timestamp":"2026-08-18 14:55:27","userId":52}
{"endpoint":"full","level":"info","message":"Dashboard Request","queryRestaurantId":null,"restaurantId":9,"role":"ADMIN","timestamp":"2026-08-18 14:55:57","userId":52}
{"endpoint":"full","level":"info","message":"Dashboard Request","queryRestaurantId":null,"restaurantId":9,"role":"ADMIN","timestamp":"2026-08-18 14:56:28","userId":52}
{"endpoint":"full","level":"info","message":"Dashboard Request","queryRestaurantId":null,"restaurantId":9,"role":"ADMIN","timestamp":"2026-08-18 14:56:58","userId":52}
{"endpoint":"full","level":"info","message":"Dashboard Request","queryRestaurantId":null,"restaurantId":9,"role":"ADMIN","timestamp":"2026-08-18 14:57:29","userId":52}
{"endpoint":"full","level":"info","message":"Dashboard Request","queryRestaurantId":null,"restaurantId":9,"role":"ADMIN","timestamp":"2026-08-18 14:57:59","userId":52}
{"endpoint":"full","level":"info","message":"Dashboard Request","queryRestaurantId":null,"restaurantId":9,"role":"ADMIN","timestamp":"2026-08-18 14:58:29","userId":52}
{"endpoint":"full","level":"info","message":"Dashboard Request","queryRestaurantId":null,"restaurantId":9,"role":"ADMIN","timestamp":"2026-08-18 14:58:59","userId":52}
{"endpoint":"full","level":"info","message":"Dashboard Request","queryRestaurantId":null,"restaurantId":9,"role":"ADMIN","timestamp":"2026-08-18 14:59:30","userId":52}
{"level":"info","message":"Server running on http://localhost:5001","timestamp":"2026-08-18 14:59:39"}
{"endpoint":"full","level":"info","message":"Dashboard Request","queryRestaurantId":null,"restaurantId":9,"role":"ADMIN","timestamp":"2026-08-18 15:00:00","userId":52}
{"endpoint":"full","level":"info","message":"Dashboard Request","queryRestaurantId":null,"restaurantId":9,"role":"ADMIN","timestamp":"2026-08-18 15:00:33","userId":52}
{"endpoint":"full","level":"info","message":"Dashboard Request","queryRestaurantId":null,"restaurantId":1,"role":"ADMIN","timestamp":"2026-08-18 15:00:51","userId":31}
{"endpoint":"full","level":"info","message":"Dashboard Request","queryRestaurantId":null,"restaurantId":9,"role":"ADMIN","timestamp":"2026-08-18 15:01:06","userId":52}
{"endpoint":"full","level":"info","message":"Dashboard Request","queryRestaurantId":null,"restaurantId":9,"role":"ADMIN","timestamp":"2026-08-18 15:01:39","userId":52}
{"endpoint":"full","level":"info","message":"Dashboard Request","queryRestaurantId":null,"restaurantId":9,"role":"ADMIN","timestamp":"2026-08-18 15:02:11","userId":52}
{"endpoint":"full","level":"info","message":"Dashboard Request","queryRestaurantId":null,"restaurantId":9,"role":"ADMIN","timestamp":"2026-08-18 15:02:41","userId":52}
{"endpoint":"full","level":"info","message":"Dashboard Request","queryRestaurantId":null,"restaurantId":9,"role":"ADMIN","timestamp":"2026-08-18 15:03:11","userId":52}
{"endpoint":"full","level":"info","message":"Dashboard Request","queryRestaurantId":null,"restaurantId":9,"role":"ADMIN","timestamp":"2026-08-18 15:03:44","userId":52}
{"endpoint":"full","level":"info","message":"Dashboard Request","queryRestaurantId":null,"restaurantId":9,"role":"ADMIN","timestamp":"2026-08-18 15:04:16","userId":52}
{"endpoint":"full","level":"info","message":"Dashboard Request","queryRestaurantId":null,"restaurantId":9,"role":"ADMIN","timestamp":"2026-08-18 15:04:49","userId":52}
{"endpoint":"full","level":"info","message":"Dashboard Request","queryRestaurantId":null,"restaurantId":436,"role":"ADMIN","timestamp":"2026-08-18 15:05:11","userId":904}
{"endpoint":"full","level":"info","message":"Dashboard Request","queryRestaurantId":null,"restaurantId":436,"role":"ADMIN","timestamp":"2026-08-18 15:05:11","userId":904}
{"endpoint":"full","level":"info","message":"Dashboard Request","queryRestaurantId":null,"restaurantId":437,"role":"ADMIN","timestamp":"2026-08-18 15:05:11","userId":905}
{"endpoint":"full","level":"info","message":"Dashboard Request","queryRestaurantId":null,"restaurantId":9,"role":"ADMIN","timestamp":"2026-08-18 15:05:19","userId":52}
{"endpoint":"full","level":"info","message":"Dashboard Request","queryRestaurantId":null,"restaurantId":438,"role":"ADMIN","timestamp":"2026-08-18 15:05:45","userId":906}
{"endpoint":"full","level":"info","message":"Dashboard Request","queryRestaurantId":null,"restaurantId":438,"role":"ADMIN","timestamp":"2026-08-18 15:05:45","userId":906}
{"endpoint":"full","level":"info","message":"Dashboard Request","queryRestaurantId":null,"restaurantId":439,"role":"ADMIN","timestamp":"2026-08-18 15:05:45","userId":907}
{"endpoint":"full","level":"info","message":"Dashboard Request","queryRestaurantId":null,"restaurantId":9,"role":"ADMIN","timestamp":"2026-08-18 15:05:52","userId":52}
{"endpoint":"full","level":"info","message":"Dashboard Request","queryRestaurantId":null,"restaurantId":9,"role":"ADMIN","timestamp":"2026-08-18 15:06:24","userId":52}
{"level":"warn","message":"Access denied","method":"DELETE","path":"/api/orders/999999","requiredRoles":["ADMIN"],"role":"WAITER","timestamp":"2026-08-18 15:06:40","userId":39}
{"level":"warn","message":"Access denied","method":"POST","path":"/api/orders","requiredRoles":["ADMIN","MANAGER","CASHIER","WAITER"],"role":"KITCHEN","timestamp":"2026-08-18 15:06:40","userId":44}
{"endpoint":"full","level":"info","message":"Dashboard Request","queryRestaurantId":null,"restaurantId":1,"role":"ADMIN","timestamp":"2026-08-18 15:06:42","userId":31}
{"level":"warn","message":"Access denied","method":"POST","path":"/api/users","requiredRoles":["ADMIN"],"role":"CASHIER","timestamp":"2026-08-18 15:06:45","userId":909}
{"level":"warn","message":"Access denied","method":"GET","path":"/api/super-admin/restaurants","requiredRoles":["SUPER_ADMIN"],"role":"ADMIN","timestamp":"2026-08-18 15:06:46","userId":31}
{"endpoint":"full","level":"info","message":"Dashboard Request","queryRestaurantId":null,"restaurantId":440,"role":"ADMIN","timestamp":"2026-08-18 15:06:47","userId":912}
{"level":"error","message":"Expected property name or '}' in JSON at position 1 (line 1 column 2)","method":"POST","path":"/api/orders","role":null,"stack":"SyntaxError: Expected property name or '}' in JSON at position 1 (line 1 column 2)\n    at JSON.parse (<anonymous>)\n    at parse (C:\\POS System\\restaurant-pos-backend\\node_modules\\body-parser\\lib\\types\\json.js:91:21)\n    at C:\\POS System\\restaurant-pos-backend\\node_modules\\body-parser\\lib\\read.js:162:18\n    at AsyncResource.runInAsyncScope (node:async_hooks:227:14)\n    at invokeCallback (C:\\POS System\\restaurant-pos-backend\\node_modules\\raw-body\\index.js:238:16)\n    at done (C:\\POS System\\restaurant-pos-backend\\node_modules\\raw-body\\index.js:227:7)\n    at IncomingMessage.onEnd (C:\\POS System\\restaurant-pos-backend\\node_modules\\raw-body\\index.js:287:7)\n    at IncomingMessage.emit (node:events:509:28)\n    at endReadableNT (node:internal/streams/readable:1729:12)\n    at process.processTicksAndRejections (node:internal/process/task_queues:90:21)","timestamp":"2026-08-18 15:06:47","userId":null}
{"endpoint":"full","level":"info","message":"Dashboard Request","queryRestaurantId":null,"restaurantId":9,"role":"ADMIN","timestamp":"2026-08-18 15:06:58","userId":52}
{"level":"warn","message":"Access denied","method":"POST","path":"/api/subscriptions/checkout","requiredRoles":["ADMIN"],"role":"CASHIER","timestamp":"2026-08-18 15:07:10","userId":918}
{"level":"warn","message":"Access denied","method":"POST","path":"/api/subscriptions/verify","requiredRoles":["ADMIN"],"role":"CASHIER","timestamp":"2026-08-18 15:07:10","userId":918}
{"level":"warn","message":"Access denied","method":"POST","path":"/api/subscriptions/downgrade","requiredRoles":["ADMIN"],"role":"CASHIER","timestamp":"2026-08-18 15:07:10","userId":918}
{"level":"warn","message":"Access denied","method":"DELETE","path":"/api/subscriptions/downgrade","requiredRoles":["ADMIN"],"role":"CASHIER","timestamp":"2026-08-18 15:07:10","userId":918}
{"level":"warn","message":"Access denied","method":"GET","path":"/api/super-admin/payments/gateway","requiredRoles":["SUPER_ADMIN"],"role":"ADMIN","timestamp":"2026-08-18 15:07:10","userId":917}
{"level":"warn","message":"Access denied","method":"PUT","path":"/api/super-admin/payments/gateway","requiredRoles":["SUPER_ADMIN"],"role":"ADMIN","timestamp":"2026-08-18 15:07:10","userId":917}
{"level":"warn","message":"Access denied","method":"GET","path":"/api/super-admin/subscriptions","requiredRoles":["SUPER_ADMIN"],"role":"ADMIN","timestamp":"2026-08-18 15:07:10","userId":917}
{"level":"info","message":"46 subscription(s) expiring within 7 days checked.","timestamp":"2026-08-18 15:07:13"}
{"level":"info","message":"2 expired subscription(s) found.","timestamp":"2026-08-18 15:07:13"}
{"level":"info","message":"Restaurant 108 marked EXPIRED (renewable).","timestamp":"2026-08-18 15:07:13"}
{"level":"info","message":"Restaurant 445 marked EXPIRED (renewable).","timestamp":"2026-08-18 15:07:13"}
{"level":"info","message":"46 subscription(s) expiring within 7 days checked.","timestamp":"2026-08-18 15:07:13"}
{"level":"info","message":"0 expired subscription(s) found.","timestamp":"2026-08-18 15:07:13"}
{"level":"info","message":"46 subscription(s) expiring within 7 days checked.","timestamp":"2026-08-18 15:07:13"}
{"level":"info","message":"0 expired subscription(s) found.","timestamp":"2026-08-18 15:07:13"}
{"level":"info","message":"46 subscription(s) expiring within 7 days checked.","timestamp":"2026-08-18 15:07:13"}
{"level":"info","message":"0 expired subscription(s) found.","timestamp":"2026-08-18 15:07:13"}
{"level":"info","message":"47 subscription(s) expiring within 7 days checked.","timestamp":"2026-08-18 15:07:13"}
{"level":"info","message":"0 expired subscription(s) found.","timestamp":"2026-08-18 15:07:13"}
{"level":"info","message":"47 subscription(s) expiring within 7 days checked.","timestamp":"2026-08-18 15:07:13"}
{"level":"info","message":"47 subscription(s) expiring within 7 days checked.","timestamp":"2026-08-18 15:07:13"}
{"level":"info","message":"0 expired subscription(s) found.","timestamp":"2026-08-18 15:07:13"}
{"level":"info","message":"0 expired subscription(s) found.","timestamp":"2026-08-18 15:07:13"}
{"endpoint":"full","level":"info","message":"Dashboard Request","queryRestaurantId":null,"restaurantId":449,"role":"ADMIN","timestamp":"2026-08-18 15:07:18","userId":924}
{"endpoint":"full","level":"info","message":"Dashboard Request","queryRestaurantId":null,"restaurantId":450,"role":"ADMIN","timestamp":"2026-08-18 15:07:18","userId":925}
{"endpoint":"full","level":"info","message":"Dashboard Request","queryRestaurantId":null,"restaurantId":453,"role":"ADMIN","timestamp":"2026-08-18 15:07:21","userId":928}
{"endpoint":"full","level":"info","message":"Dashboard Request","queryRestaurantId":null,"restaurantId":453,"role":"ADMIN","timestamp":"2026-08-18 15:07:21","userId":928}
{"endpoint":"full","level":"info","message":"Dashboard Request","queryRestaurantId":null,"restaurantId":454,"role":"ADMIN","timestamp":"2026-08-18 15:07:21","userId":929}
{"endpoint":"full","level":"info","message":"Dashboard Request","queryRestaurantId":null,"restaurantId":9,"role":"ADMIN","timestamp":"2026-08-18 15:07:31","userId":52}
{"endpoint":"full","level":"info","message":"Dashboard Request","queryRestaurantId":null,"restaurantId":112,"role":"ADMIN","timestamp":"2026-08-18 15:07:46","userId":377}
{"endpoint":"full","level":"info","message":"Dashboard Request","queryRestaurantId":null,"restaurantId":9,"role":"ADMIN","timestamp":"2026-08-18 15:08:03","userId":52}
{"endpoint":"full","level":"info","message":"Dashboard Request","queryRestaurantId":null,"restaurantId":112,"role":"ADMIN","timestamp":"2026-08-18 15:08:25","userId":377}
{"endpoint":"full","level":"info","message":"Dashboard Request","queryRestaurantId":null,"restaurantId":9,"role":"ADMIN","timestamp":"2026-08-18 15:08:36","userId":52}
{"endpoint":"full","level":"info","message":"Dashboard Request","queryRestaurantId":null,"restaurantId":112,"role":"ADMIN","timestamp":"2026-08-18 15:08:38","userId":377}
{"endpoint":"full","level":"info","message":"Dashboard Request","queryRestaurantId":null,"restaurantId":112,"role":"ADMIN","timestamp":"2026-08-18 15:08:45","userId":377}
{"endpoint":"full","level":"info","message":"Dashboard Request","queryRestaurantId":null,"restaurantId":1,"role":"ADMIN","timestamp":"2026-08-18 15:09:01","userId":31}
{"endpoint":"full","level":"info","message":"Dashboard Request","queryRestaurantId":null,"restaurantId":9,"role":"ADMIN","timestamp":"2026-08-18 15:09:09","userId":52}
{"endpoint":"full","level":"info","message":"Dashboard Request","queryRestaurantId":null,"restaurantId":9,"role":"ADMIN","timestamp":"2026-08-18 15:09:42","userId":52}
{"endpoint":"full","level":"info","message":"Dashboard Request","queryRestaurantId":null,"restaurantId":9,"role":"ADMIN","timestamp":"2026-08-18 15:10:15","userId":52}
{"endpoint":"full","level":"info","message":"Dashboard Request","queryRestaurantId":null,"restaurantId":9,"role":"ADMIN","timestamp":"2026-08-18 15:10:48","userId":52}
{"endpoint":"full","level":"info","message":"Dashboard Request","queryRestaurantId":null,"restaurantId":9,"role":"ADMIN","timestamp":"2026-08-18 15:11:20","userId":52}
{"endpoint":"full","level":"info","message":"Dashboard Request","queryRestaurantId":null,"restaurantId":9,"role":"ADMIN","timestamp":"2026-08-18 15:11:53","userId":52}
{"endpoint":"full","level":"info","message":"Dashboard Request","queryRestaurantId":null,"restaurantId":9,"role":"ADMIN","timestamp":"2026-08-18 15:12:26","userId":52}
{"endpoint":"full","level":"info","message":"Dashboard Request","queryRestaurantId":null,"restaurantId":9,"role":"ADMIN","timestamp":"2026-08-18 15:12:59","userId":52}
{"endpoint":"full","level":"info","message":"Dashboard Request","queryRestaurantId":null,"restaurantId":9,"role":"ADMIN","timestamp":"2026-08-18 15:13:32","userId":52}
{"endpoint":"full","level":"info","message":"Dashboard Request","queryRestaurantId":null,"restaurantId":9,"role":"ADMIN","timestamp":"2026-08-18 15:14:05","userId":52}
{"endpoint":"full","level":"info","message":"Dashboard Request","queryRestaurantId":null,"restaurantId":9,"role":"ADMIN","timestamp":"2026-08-18 15:14:35","userId":52}
{"endpoint":"full","level":"info","message":"Dashboard Request","queryRestaurantId":null,"restaurantId":9,"role":"ADMIN","timestamp":"2026-08-18 15:15:24","userId":52}
{"endpoint":"full","level":"info","message":"Dashboard Request","queryRestaurantId":null,"restaurantId":9,"role":"ADMIN","timestamp":"2026-08-18 15:15:56","userId":52}
{"endpoint":"full","level":"info","message":"Dashboard Request","queryRestaurantId":null,"restaurantId":9,"role":"ADMIN","timestamp":"2026-08-18 15:16:28","userId":52}
{"endpoint":"full","level":"info","message":"Dashboard Request","queryRestaurantId":null,"restaurantId":9,"role":"ADMIN","timestamp":"2026-08-18 15:17:00","userId":52}
{"endpoint":"full","level":"info","message":"Dashboard Request","queryRestaurantId":null,"restaurantId":9,"role":"ADMIN","timestamp":"2026-08-18 15:17:33","userId":52}
{"endpoint":"full","level":"info","message":"Dashboard Request","queryRestaurantId":null,"restaurantId":9,"role":"ADMIN","timestamp":"2026-08-18 15:18:06","userId":52}
{"endpoint":"full","level":"info","message":"Dashboard Request","queryRestaurantId":null,"restaurantId":9,"role":"ADMIN","timestamp":"2026-08-18 15:18:39","userId":52}
{"endpoint":"full","level":"info","message":"Dashboard Request","queryRestaurantId":null,"restaurantId":9,"role":"ADMIN","timestamp":"2026-08-18 15:19:11","userId":52}
{"endpoint":"full","level":"info","message":"Dashboard Request","queryRestaurantId":null,"restaurantId":9,"role":"ADMIN","timestamp":"2026-08-18 15:19:44","userId":52}
{"endpoint":"full","level":"info","message":"Dashboard Request","queryRestaurantId":null,"restaurantId":9,"role":"ADMIN","timestamp":"2026-08-18 15:20:17","userId":52}
{"endpoint":"full","level":"info","message":"Dashboard Request","queryRestaurantId":null,"restaurantId":9,"role":"ADMIN","timestamp":"2026-08-18 15:20:50","userId":52}
{"endpoint":"full","level":"info","message":"Dashboard Request","queryRestaurantId":null,"restaurantId":9,"role":"ADMIN","timestamp":"2026-08-18 15:21:23","userId":52}
{"endpoint":"full","level":"info","message":"Dashboard Request","queryRestaurantId":null,"restaurantId":9,"role":"ADMIN","timestamp":"2026-08-18 15:21:56","userId":52}
{"endpoint":"full","level":"info","message":"Dashboard Request","queryRestaurantId":null,"restaurantId":9,"role":"ADMIN","timestamp":"2026-08-18 15:22:28","userId":52}
{"endpoint":"full","level":"info","message":"Dashboard Request","queryRestaurantId":null,"restaurantId":9,"role":"ADMIN","timestamp":"2026-08-18 15:28:14","userId":52}
{"endpoint":"full","level":"info","message":"Dashboard Request","queryRestaurantId":null,"restaurantId":9,"role":"ADMIN","timestamp":"2026-08-18 15:29:58","userId":52}
{"endpoint":"full","level":"info","message":"Dashboard Request","queryRestaurantId":null,"restaurantId":9,"role":"ADMIN","timestamp":"2026-08-18 15:30:54","userId":52}
{"endpoint":"full","level":"info","message":"Dashboard Request","queryRestaurantId":null,"restaurantId":9,"role":"ADMIN","timestamp":"2026-08-18 15:34:19","userId":52}
{"endpoint":"full","level":"info","message":"Dashboard Request","queryRestaurantId":null,"restaurantId":9,"role":"ADMIN","timestamp":"2026-08-18 15:34:42","userId":52}
{"endpoint":"full","level":"info","message":"Dashboard Request","queryRestaurantId":null,"restaurantId":9,"role":"ADMIN","timestamp":"2026-08-18 15:38:58","userId":52}
{"endpoint":"full","level":"info","message":"Dashboard Request","queryRestaurantId":null,"restaurantId":1,"role":"ADMIN","timestamp":"2026-08-18 15:39:40","userId":31}
{"endpoint":"full","level":"info","message":"Dashboard Request","queryRestaurantId":null,"restaurantId":9,"role":"ADMIN","timestamp":"2026-08-18 15:39:53","userId":52}
{"endpoint":"full","level":"info","message":"Dashboard Request","queryRestaurantId":null,"restaurantId":9,"role":"ADMIN","timestamp":"2026-08-18 15:59:59","userId":52}
{"endpoint":"full","level":"info","message":"Dashboard Request","queryRestaurantId":null,"restaurantId":9,"role":"ADMIN","timestamp":"2026-08-18 16:00:30","userId":52}
{"endpoint":"full","level":"info","message":"Dashboard Request","queryRestaurantId":null,"restaurantId":9,"role":"ADMIN","timestamp":"2026-08-18 16:01:02","userId":52}
{"endpoint":"full","level":"info","message":"Dashboard Request","queryRestaurantId":null,"restaurantId":9,"role":"ADMIN","timestamp":"2026-08-18 16:01:34","userId":52}
{"endpoint":"full","level":"info","message":"Dashboard Request","queryRestaurantId":null,"restaurantId":9,"role":"ADMIN","timestamp":"2026-08-18 16:02:06","userId":52}
{"endpoint":"full","level":"info","message":"Dashboard Request","queryRestaurantId":null,"restaurantId":9,"role":"ADMIN","timestamp":"2026-08-18 16:06:28","userId":52}
{"level":"warn","message":"Access denied","method":"GET","path":"/api/super-admin/dashboard","requiredRoles":["SUPER_ADMIN"],"role":"ADMIN","timestamp":"2026-08-18 16:45:53","userId":52}
{"level":"warn","message":"Access denied","method":"GET","path":"/api/super-admin/plans","requiredRoles":["SUPER_ADMIN"],"role":"ADMIN","timestamp":"2026-08-18 16:45:58","userId":52}
{"level":"warn","message":"Access denied","method":"GET","path":"/api/super-admin/restaurants?page=1&limit=15","requiredRoles":["SUPER_ADMIN"],"role":"ADMIN","timestamp":"2026-08-18 16:45:58","userId":52}
{"level":"warn","message":"Access denied","method":"GET","path":"/api/super-admin/restaurants?page=1&limit=15","requiredRoles":["SUPER_ADMIN"],"role":"ADMIN","timestamp":"2026-08-18 16:45:58","userId":52}
{"level":"warn","message":"Access denied","method":"GET","path":"/api/super-admin/plans","requiredRoles":["SUPER_ADMIN"],"role":"ADMIN","timestamp":"2026-08-18 16:46:00","userId":52}
{"level":"warn","message":"Access denied","method":"GET","path":"/api/super-admin/subscriptions?page=1&limit=20","requiredRoles":["SUPER_ADMIN"],"role":"ADMIN","timestamp":"2026-08-18 16:46:00","userId":52}
{"level":"warn","message":"Access denied","method":"GET","path":"/api/super-admin/dashboard","requiredRoles":["SUPER_ADMIN"],"role":"ADMIN","timestamp":"2026-08-18 16:46:03","userId":52}
{"endpoint":"full","level":"info","message":"Dashboard Request","queryRestaurantId":null,"restaurantId":9,"role":"ADMIN","timestamp":"2026-08-18 16:46:06","userId":52}
{"endpoint":"full","level":"info","message":"Dashboard Request","queryRestaurantId":null,"restaurantId":9,"role":"ADMIN","timestamp":"2026-08-18 16:46:54","userId":52}
{"endpoint":"full","level":"info","message":"Dashboard Request","queryRestaurantId":null,"restaurantId":9,"role":"ADMIN","timestamp":"2026-08-18 17:06:29","userId":52}
{"endpoint":"full","level":"info","message":"Dashboard Request","queryRestaurantId":null,"restaurantId":9,"role":"ADMIN","timestamp":"2026-08-18 17:08:55","userId":52}
{"endpoint":"full","level":"info","message":"Dashboard Request","queryRestaurantId":null,"restaurantId":9,"role":"ADMIN","timestamp":"2026-08-18 17:13:44","userId":52}
{"level":"info","message":"Server running on http://localhost:5001","timestamp":"2026-08-18 18:37:53"}
{"endpoint":"full","level":"info","message":"Dashboard Request","queryRestaurantId":null,"restaurantId":9,"role":"ADMIN","timestamp":"2026-08-18 18:40:03","userId":52}
{"level":"info","message":"Server running on http://localhost:5001","timestamp":"2026-08-18 18:42:38"}
{"level":"info","message":"Server running on http://localhost:5001","timestamp":"2026-08-18 18:47:02"}
{"endpoint":"full","level":"info","message":"Dashboard Request","queryRestaurantId":null,"restaurantId":9,"role":"ADMIN","timestamp":"2026-08-18 18:55:54","userId":52}
{"level":"warn","message":"Access denied","method":"GET","path":"/api/reports/sales?from=2026-01-01&to=2026-12-31","requiredRoles":["ADMIN","MANAGER","SUPER_ADMIN"],"role":"KITCHEN","timestamp":"2026-08-18 18:58:57","userId":44}
{"level":"warn","message":"Access denied","method":"DELETE","path":"/api/orders/999999","requiredRoles":["ADMIN"],"role":"WAITER","timestamp":"2026-08-18 19:01:06","userId":39}
{"level":"warn","message":"Access denied","method":"POST","path":"/api/orders","requiredRoles":["ADMIN","MANAGER","CASHIER","WAITER"],"role":"KITCHEN","timestamp":"2026-08-18 19:01:06","userId":44}
{"endpoint":"full","level":"info","message":"Dashboard Request","queryRestaurantId":null,"restaurantId":1,"role":"ADMIN","timestamp":"2026-08-18 19:01:08","userId":31}
{"level":"warn","message":"Access denied","method":"POST","path":"/api/users","requiredRoles":["ADMIN"],"role":"CASHIER","timestamp":"2026-08-18 19:01:11","userId":931}
{"level":"warn","message":"Access denied","method":"GET","path":"/api/super-admin/restaurants","requiredRoles":["SUPER_ADMIN"],"role":"ADMIN","timestamp":"2026-08-18 19:01:12","userId":31}
{"endpoint":"full","level":"info","message":"Dashboard Request","queryRestaurantId":null,"restaurantId":455,"role":"ADMIN","timestamp":"2026-08-18 19:01:13","userId":934}
{"level":"error","message":"Expected property name or '}' in JSON at position 1 (line 1 column 2)","method":"POST","path":"/api/orders","role":null,"stack":"SyntaxError: Expected property name or '}' in JSON at position 1 (line 1 column 2)\n    at JSON.parse (<anonymous>)\n    at parse (C:\\POS System\\restaurant-pos-backend\\node_modules\\body-parser\\lib\\types\\json.js:91:21)\n    at C:\\POS System\\restaurant-pos-backend\\node_modules\\body-parser\\lib\\read.js:162:18\n    at AsyncResource.runInAsyncScope (node:async_hooks:227:14)\n    at invokeCallback (C:\\POS System\\restaurant-pos-backend\\node_modules\\raw-body\\index.js:238:16)\n    at done (C:\\POS System\\restaurant-pos-backend\\node_modules\\raw-body\\index.js:227:7)\n    at IncomingMessage.onEnd (C:\\POS System\\restaurant-pos-backend\\node_modules\\raw-body\\index.js:287:7)\n    at IncomingMessage.emit (node:events:509:28)\n    at endReadableNT (node:internal/streams/readable:1729:12)\n    at process.processTicksAndRejections (node:internal/process/task_queues:90:21)","timestamp":"2026-08-18 19:01:13","userId":null}
{"endpoint":"full","level":"info","message":"Dashboard Request","queryRestaurantId":null,"restaurantId":9,"role":"ADMIN","timestamp":"2026-08-18 19:02:23","userId":52}
{"level":"warn","message":"Access denied","method":"GET","path":"/api/reports/sales?from=2026-01-01&to=2026-12-31","requiredRoles":["ADMIN","MANAGER","SUPER_ADMIN"],"role":"KITCHEN","timestamp":"2026-08-18 19:02:25","userId":44}
{"endpoint":"full","level":"info","message":"Dashboard Request","queryRestaurantId":null,"restaurantId":9,"role":"ADMIN","timestamp":"2026-08-18 19:02:54","userId":52}
{"endpoint":"full","level":"info","message":"Dashboard Request","queryRestaurantId":null,"restaurantId":9,"role":"ADMIN","timestamp":"2026-08-18 19:03:25","userId":52}
{"endpoint":"full","level":"info","message":"Dashboard Request","queryRestaurantId":null,"restaurantId":9,"role":"ADMIN","timestamp":"2026-08-18 19:03:58","userId":52}
{"endpoint":"full","level":"info","message":"Dashboard Request","queryRestaurantId":null,"restaurantId":9,"role":"ADMIN","timestamp":"2026-08-18 19:04:30","userId":52}
{"endpoint":"full","level":"info","message":"Dashboard Request","queryRestaurantId":null,"restaurantId":9,"role":"ADMIN","timestamp":"2026-08-18 19:05:04","userId":52}
{"endpoint":"full","level":"info","message":"Dashboard Request","queryRestaurantId":null,"restaurantId":9,"role":"ADMIN","timestamp":"2026-08-18 19:05:35","userId":52}
{"endpoint":"full","level":"info","message":"Dashboard Request","queryRestaurantId":null,"restaurantId":9,"role":"ADMIN","timestamp":"2026-08-18 19:06:07","userId":52}
{"endpoint":"full","level":"info","message":"Dashboard Request","queryRestaurantId":null,"restaurantId":9,"role":"ADMIN","timestamp":"2026-08-18 19:06:38","userId":52}
{"endpoint":"full","level":"info","message":"Dashboard Request","queryRestaurantId":null,"restaurantId":9,"role":"ADMIN","timestamp":"2026-08-18 19:07:11","userId":52}
{"endpoint":"full","level":"info","message":"Dashboard Request","queryRestaurantId":null,"restaurantId":9,"role":"ADMIN","timestamp":"2026-08-18 19:07:41","userId":52}
{"endpoint":"full","level":"info","message":"Dashboard Request","queryRestaurantId":null,"restaurantId":9,"role":"ADMIN","timestamp":"2026-08-18 19:08:13","userId":52}
{"endpoint":"full","level":"info","message":"Dashboard Request","queryRestaurantId":null,"restaurantId":9,"role":"ADMIN","timestamp":"2026-08-18 19:08:44","userId":52}
{"endpoint":"full","level":"info","message":"Dashboard Request","queryRestaurantId":null,"restaurantId":9,"role":"ADMIN","timestamp":"2026-08-18 19:09:17","userId":52}
{"endpoint":"full","level":"info","message":"Dashboard Request","queryRestaurantId":null,"restaurantId":9,"role":"ADMIN","timestamp":"2026-08-18 19:09:50","userId":52}
{"endpoint":"full","level":"info","message":"Dashboard Request","queryRestaurantId":null,"restaurantId":9,"role":"ADMIN","timestamp":"2026-08-18 19:10:23","userId":52}
{"endpoint":"full","level":"info","message":"Dashboard Request","queryRestaurantId":null,"restaurantId":9,"role":"ADMIN","timestamp":"2026-08-18 19:10:56","userId":52}
{"endpoint":"full","level":"info","message":"Dashboard Request","queryRestaurantId":null,"restaurantId":9,"role":"ADMIN","timestamp":"2026-08-18 19:11:29","userId":52}
{"endpoint":"full","level":"info","message":"Dashboard Request","queryRestaurantId":null,"restaurantId":9,"role":"ADMIN","timestamp":"2026-08-18 19:12:02","userId":52}
{"endpoint":"full","level":"info","message":"Dashboard Request","queryRestaurantId":null,"restaurantId":9,"role":"ADMIN","timestamp":"2026-08-18 19:12:33","userId":52}
{"endpoint":"full","level":"info","message":"Dashboard Request","queryRestaurantId":null,"restaurantId":9,"role":"ADMIN","timestamp":"2026-08-19 10:57:38","userId":52}
{"endpoint":"full","level":"info","message":"Dashboard Request","queryRestaurantId":null,"restaurantId":9,"role":"ADMIN","timestamp":"2026-08-19 10:58:08","userId":52}
{"endpoint":"full","level":"info","message":"Dashboard Request","queryRestaurantId":null,"restaurantId":9,"role":"ADMIN","timestamp":"2026-08-19 10:58:41","userId":52}
{"endpoint":"full","level":"info","message":"Dashboard Request","queryRestaurantId":null,"restaurantId":9,"role":"ADMIN","timestamp":"2026-08-19 10:59:14","userId":52}
{"level":"warn","message":"Access denied","method":"GET","path":"/api/reports/sales?from=2026-01-01&to=2026-12-31","requiredRoles":["ADMIN","MANAGER","SUPER_ADMIN"],"role":"KITCHEN","timestamp":"2026-08-19 10:59:45","userId":44}
{"endpoint":"full","level":"info","message":"Dashboard Request","queryRestaurantId":null,"restaurantId":9,"role":"ADMIN","timestamp":"2026-08-19 10:59:47","userId":52}
{"endpoint":"full","level":"info","message":"Dashboard Request","queryRestaurantId":null,"restaurantId":9,"role":"ADMIN","timestamp":"2026-08-19 11:00:20","userId":52}
{"endpoint":"full","level":"info","message":"Dashboard Request","queryRestaurantId":null,"restaurantId":9,"role":"ADMIN","timestamp":"2026-08-19 11:00:53","userId":52}
{"endpoint":"full","level":"info","message":"Dashboard Request","queryRestaurantId":null,"restaurantId":9,"role":"ADMIN","timestamp":"2026-08-19 11:25:42","userId":52}
{"endpoint":"full","level":"info","message":"Dashboard Request","queryRestaurantId":null,"restaurantId":9,"role":"ADMIN","timestamp":"2026-08-19 14:36:32","userId":52}
{"endpoint":"full","level":"info","message":"Dashboard Request","queryRestaurantId":null,"restaurantId":9,"role":"ADMIN","timestamp":"2026-08-19 16:42:52","userId":52}
{"endpoint":"full","level":"info","message":"Dashboard Request","queryRestaurantId":null,"restaurantId":9,"role":"ADMIN","timestamp":"2026-08-19 16:43:31","userId":52}
{"endpoint":"full","level":"info","message":"Dashboard Request","queryRestaurantId":null,"restaurantId":9,"role":"ADMIN","timestamp":"2026-08-19 16:44:03","userId":52}
{"endpoint":"full","level":"info","message":"Dashboard Request","queryRestaurantId":null,"restaurantId":9,"role":"ADMIN","timestamp":"2026-08-19 16:44:36","userId":52}
{"endpoint":"full","level":"info","message":"Dashboard Request","queryRestaurantId":null,"restaurantId":9,"role":"ADMIN","timestamp":"2026-08-19 16:45:07","userId":52}
{"endpoint":"full","level":"info","message":"Dashboard Request","queryRestaurantId":null,"restaurantId":9,"role":"ADMIN","timestamp":"2026-08-19 16:45:40","userId":52}
{"endpoint":"full","level":"info","message":"Dashboard Request","queryRestaurantId":null,"restaurantId":9,"role":"ADMIN","timestamp":"2026-08-19 16:46:13","userId":52}
{"endpoint":"full","level":"info","message":"Dashboard Request","queryRestaurantId":null,"restaurantId":9,"role":"ADMIN","timestamp":"2026-08-19 16:46:46","userId":52}
{"endpoint":"full","level":"info","message":"Dashboard Request","queryRestaurantId":null,"restaurantId":9,"role":"ADMIN","timestamp":"2026-08-19 16:47:17","userId":52}
{"endpoint":"full","level":"info","message":"Dashboard Request","queryRestaurantId":null,"restaurantId":9,"role":"ADMIN","timestamp":"2026-08-19 16:47:49","userId":52}
{"endpoint":"full","level":"info","message":"Dashboard Request","queryRestaurantId":null,"restaurantId":9,"role":"ADMIN","timestamp":"2026-08-19 16:48:21","userId":52}
{"endpoint":"full","level":"info","message":"Dashboard Request","queryRestaurantId":null,"restaurantId":9,"role":"ADMIN","timestamp":"2026-08-19 16:48:54","userId":52}
{"endpoint":"full","level":"info","message":"Dashboard Request","queryRestaurantId":null,"restaurantId":9,"role":"ADMIN","timestamp":"2026-08-19 16:49:27","userId":52}
{"endpoint":"full","level":"info","message":"Dashboard Request","queryRestaurantId":null,"restaurantId":9,"role":"ADMIN","timestamp":"2026-08-19 16:49:58","userId":52}
{"endpoint":"full","level":"info","message":"Dashboard Request","queryRestaurantId":null,"restaurantId":9,"role":"ADMIN","timestamp":"2026-08-19 16:50:31","userId":52}
{"endpoint":"full","level":"info","message":"Dashboard Request","queryRestaurantId":null,"restaurantId":9,"role":"ADMIN","timestamp":"2026-08-19 16:51:04","userId":52}
{"endpoint":"full","level":"info","message":"Dashboard Request","queryRestaurantId":null,"restaurantId":9,"role":"ADMIN","timestamp":"2026-08-19 16:51:36","userId":52}
{"endpoint":"full","level":"info","message":"Dashboard Request","queryRestaurantId":null,"restaurantId":9,"role":"ADMIN","timestamp":"2026-08-19 16:52:07","userId":52}
{"endpoint":"full","level":"info","message":"Dashboard Request","queryRestaurantId":null,"restaurantId":9,"role":"ADMIN","timestamp":"2026-08-19 16:52:40","userId":52}
{"endpoint":"full","level":"info","message":"Dashboard Request","queryRestaurantId":null,"restaurantId":9,"role":"ADMIN","timestamp":"2026-08-19 16:53:10","userId":52}
{"endpoint":"full","level":"info","message":"Dashboard Request","queryRestaurantId":null,"restaurantId":9,"role":"ADMIN","timestamp":"2026-08-19 16:53:43","userId":52}
{"endpoint":"full","level":"info","message":"Dashboard Request","queryRestaurantId":null,"restaurantId":9,"role":"ADMIN","timestamp":"2026-08-19 16:54:13","userId":52}
{"endpoint":"full","level":"info","message":"Dashboard Request","queryRestaurantId":null,"restaurantId":9,"role":"ADMIN","timestamp":"2026-08-19 16:54:46","userId":52}
{"endpoint":"full","level":"info","message":"Dashboard Request","queryRestaurantId":null,"restaurantId":9,"role":"ADMIN","timestamp":"2026-08-19 16:55:18","userId":52}
{"endpoint":"full","level":"info","message":"Dashboard Request","queryRestaurantId":null,"restaurantId":9,"role":"ADMIN","timestamp":"2026-08-19 16:55:51","userId":52}
{"endpoint":"full","level":"info","message":"Dashboard Request","queryRestaurantId":null,"restaurantId":9,"role":"ADMIN","timestamp":"2026-08-19 16:56:19","userId":52}
{"endpoint":"full","level":"info","message":"Dashboard Request","queryRestaurantId":null,"restaurantId":9,"role":"ADMIN","timestamp":"2026-08-19 16:57:46","userId":52}
{"endpoint":"full","level":"info","message":"Dashboard Request","queryRestaurantId":null,"restaurantId":9,"role":"ADMIN","timestamp":"2026-08-19 17:00:13","userId":52}
{"endpoint":"full","level":"info","message":"Dashboard Request","queryRestaurantId":null,"restaurantId":9,"role":"ADMIN","timestamp":"2026-08-19 18:07:55","userId":52}
{"endpoint":"full","level":"info","message":"Dashboard Request","queryRestaurantId":null,"restaurantId":9,"role":"ADMIN","timestamp":"2026-08-19 18:08:27","userId":52}
{"endpoint":"full","level":"info","message":"Dashboard Request","queryRestaurantId":null,"restaurantId":9,"role":"ADMIN","timestamp":"2026-08-19 18:09:00","userId":52}
{"endpoint":"full","level":"info","message":"Dashboard Request","queryRestaurantId":null,"restaurantId":9,"role":"ADMIN","timestamp":"2026-08-19 18:09:32","userId":52}
{"endpoint":"full","level":"info","message":"Dashboard Request","queryRestaurantId":null,"restaurantId":9,"role":"ADMIN","timestamp":"2026-08-19 18:10:04","userId":52}
{"endpoint":"full","level":"info","message":"Dashboard Request","queryRestaurantId":null,"restaurantId":9,"role":"ADMIN","timestamp":"2026-08-19 18:10:36","userId":52}
{"endpoint":"full","level":"info","message":"Dashboard Request","queryRestaurantId":null,"restaurantId":9,"role":"ADMIN","timestamp":"2026-08-19 18:11:07","userId":52}
{"endpoint":"full","level":"info","message":"Dashboard Request","queryRestaurantId":null,"restaurantId":9,"role":"ADMIN","timestamp":"2026-08-19 18:36:37","userId":52}
{"endpoint":"full","level":"info","message":"Dashboard Request","queryRestaurantId":null,"restaurantId":9,"role":"ADMIN","timestamp":"2026-08-19 18:37:07","userId":52}
{"endpoint":"full","level":"info","message":"Dashboard Request","queryRestaurantId":null,"restaurantId":9,"role":"ADMIN","timestamp":"2026-08-19 18:37:33","userId":52}
{"endpoint":"full","level":"info","message":"Dashboard Request","queryRestaurantId":null,"restaurantId":9,"role":"ADMIN","timestamp":"2026-08-19 18:45:37","userId":52}
{"endpoint":"full","level":"info","message":"Dashboard Request","queryRestaurantId":null,"restaurantId":9,"role":"ADMIN","timestamp":"2026-08-19 18:46:07","userId":52}
{"endpoint":"full","level":"info","message":"Dashboard Request","queryRestaurantId":null,"restaurantId":9,"role":"ADMIN","timestamp":"2026-08-19 18:46:12","userId":52}
{"endpoint":"full","level":"info","message":"Dashboard Request","queryRestaurantId":null,"restaurantId":9,"role":"ADMIN","timestamp":"2026-08-19 18:47:00","userId":52}
{"endpoint":"full","level":"info","message":"Dashboard Request","queryRestaurantId":null,"restaurantId":9,"role":"ADMIN","timestamp":"2026-08-19 18:47:32","userId":52}
{"endpoint":"full","level":"info","message":"Dashboard Request","queryRestaurantId":null,"restaurantId":9,"role":"ADMIN","timestamp":"2026-08-19 18:48:03","userId":52}
{"endpoint":"full","level":"info","message":"Dashboard Request","queryRestaurantId":null,"restaurantId":9,"role":"ADMIN","timestamp":"2026-08-19 18:48:35","userId":52}
{"endpoint":"full","level":"info","message":"Dashboard Request","queryRestaurantId":null,"restaurantId":9,"role":"ADMIN","timestamp":"2026-08-19 18:49:08","userId":52}
{"endpoint":"full","level":"info","message":"Dashboard Request","queryRestaurantId":null,"restaurantId":9,"role":"ADMIN","timestamp":"2026-08-19 18:49:40","userId":52}
{"endpoint":"full","level":"info","message":"Dashboard Request","queryRestaurantId":null,"restaurantId":9,"role":"ADMIN","timestamp":"2026-08-19 18:50:13","userId":52}
{"endpoint":"full","level":"info","message":"Dashboard Request","queryRestaurantId":null,"restaurantId":9,"role":"ADMIN","timestamp":"2026-08-19 18:50:45","userId":52}
{"endpoint":"full","level":"info","message":"Dashboard Request","queryRestaurantId":null,"restaurantId":9,"role":"ADMIN","timestamp":"2026-08-19 18:51:17","userId":52}
{"endpoint":"full","level":"info","message":"Dashboard Request","queryRestaurantId":null,"restaurantId":9,"role":"ADMIN","timestamp":"2026-08-19 18:51:50","userId":52}
{"endpoint":"full","level":"info","message":"Dashboard Request","queryRestaurantId":null,"restaurantId":9,"role":"ADMIN","timestamp":"2026-08-19 18:52:23","userId":52}
{"endpoint":"full","level":"info","message":"Dashboard Request","queryRestaurantId":null,"restaurantId":9,"role":"ADMIN","timestamp":"2026-08-19 18:52:56","userId":52}
{"endpoint":"full","level":"info","message":"Dashboard Request","queryRestaurantId":null,"restaurantId":9,"role":"ADMIN","timestamp":"2026-08-19 18:53:29","userId":52}
{"endpoint":"full","level":"info","message":"Dashboard Request","queryRestaurantId":null,"restaurantId":9,"role":"ADMIN","timestamp":"2026-08-19 18:53:59","userId":52}
{"endpoint":"full","level":"info","message":"Dashboard Request","queryRestaurantId":null,"restaurantId":9,"role":"ADMIN","timestamp":"2026-08-19 18:54:31","userId":52}
{"endpoint":"full","level":"info","message":"Dashboard Request","queryRestaurantId":null,"restaurantId":9,"role":"ADMIN","timestamp":"2026-08-19 18:55:04","userId":52}
{"endpoint":"full","level":"info","message":"Dashboard Request","queryRestaurantId":null,"restaurantId":9,"role":"ADMIN","timestamp":"2026-08-19 18:55:37","userId":52}
{"endpoint":"full","level":"info","message":"Dashboard Request","queryRestaurantId":null,"restaurantId":9,"role":"ADMIN","timestamp":"2026-08-19 18:56:11","userId":52}
{"endpoint":"full","level":"info","message":"Dashboard Request","queryRestaurantId":null,"restaurantId":9,"role":"ADMIN","timestamp":"2026-08-19 18:56:40","userId":52}
{"endpoint":"full","level":"info","message":"Dashboard Request","queryRestaurantId":null,"restaurantId":9,"role":"ADMIN","timestamp":"2026-08-19 18:57:14","userId":52}
{"endpoint":"full","level":"info","message":"Dashboard Request","queryRestaurantId":null,"restaurantId":9,"role":"ADMIN","timestamp":"2026-08-19 18:59:06","userId":52}
{"endpoint":"full","level":"info","message":"Dashboard Request","queryRestaurantId":null,"restaurantId":9,"role":"ADMIN","timestamp":"2026-08-19 18:59:23","userId":52}
{"endpoint":"full","level":"info","message":"Dashboard Request","queryRestaurantId":null,"restaurantId":9,"role":"ADMIN","timestamp":"2026-08-19 19:07:04","userId":52}
{"endpoint":"full","level":"info","message":"Dashboard Request","queryRestaurantId":null,"restaurantId":9,"role":"ADMIN","timestamp":"2026-08-19 19:09:26","userId":52}
{"endpoint":"full","level":"info","message":"Dashboard Request","queryRestaurantId":null,"restaurantId":9,"role":"ADMIN","timestamp":"2026-08-19 19:09:58","userId":52}
{"endpoint":"full","level":"info","message":"Dashboard Request","queryRestaurantId":null,"restaurantId":9,"role":"ADMIN","timestamp":"2026-08-19 19:18:57","userId":52}
{"endpoint":"full","level":"info","message":"Dashboard Request","queryRestaurantId":null,"restaurantId":9,"role":"ADMIN","timestamp":"2026-08-19 19:19:30","userId":52}
{"endpoint":"full","level":"info","message":"Dashboard Request","queryRestaurantId":null,"restaurantId":9,"role":"ADMIN","timestamp":"2026-08-19 19:20:00","userId":52}
{"endpoint":"full","level":"info","message":"Dashboard Request","queryRestaurantId":null,"restaurantId":9,"role":"ADMIN","timestamp":"2026-08-19 19:20:31","userId":52}
{"endpoint":"full","level":"info","message":"Dashboard Request","queryRestaurantId":null,"restaurantId":9,"role":"ADMIN","timestamp":"2026-08-19 19:21:02","userId":52}
{"endpoint":"full","level":"info","message":"Dashboard Request","queryRestaurantId":null,"restaurantId":9,"role":"ADMIN","timestamp":"2026-08-19 19:21:04","userId":52}
{"endpoint":"full","level":"info","message":"Dashboard Request","queryRestaurantId":null,"restaurantId":9,"role":"ADMIN","timestamp":"2026-08-19 19:23:07","userId":52}
{"endpoint":"full","level":"info","message":"Dashboard Request","queryRestaurantId":null,"restaurantId":9,"role":"ADMIN","timestamp":"2026-08-19 19:23:11","userId":52}
{"endpoint":"full","level":"info","message":"Dashboard Request","queryRestaurantId":null,"restaurantId":9,"role":"ADMIN","timestamp":"2026-08-19 19:23:41","userId":52}
{"endpoint":"full","level":"info","message":"Dashboard Request","queryRestaurantId":null,"restaurantId":9,"role":"ADMIN","timestamp":"2026-08-19 19:24:14","userId":52}
{"endpoint":"full","level":"info","message":"Dashboard Request","queryRestaurantId":null,"restaurantId":9,"role":"ADMIN","timestamp":"2026-08-19 19:24:32","userId":52}
{"endpoint":"full","level":"info","message":"Dashboard Request","queryRestaurantId":null,"restaurantId":9,"role":"ADMIN","timestamp":"2026-08-19 19:25:03","userId":52}
{"endpoint":"full","level":"info","message":"Dashboard Request","queryRestaurantId":null,"restaurantId":9,"role":"ADMIN","timestamp":"2026-08-19 19:25:33","userId":52}
{"endpoint":"full","level":"info","message":"Dashboard Request","queryRestaurantId":null,"restaurantId":9,"role":"ADMIN","timestamp":"2026-08-19 19:26:07","userId":52}
{"endpoint":"full","level":"info","message":"Dashboard Request","queryRestaurantId":null,"restaurantId":9,"role":"ADMIN","timestamp":"2026-08-19 19:26:39","userId":52}
{"endpoint":"full","level":"info","message":"Dashboard Request","queryRestaurantId":null,"restaurantId":9,"role":"ADMIN","timestamp":"2026-08-19 19:27:12","userId":52}
{"endpoint":"full","level":"info","message":"Dashboard Request","queryRestaurantId":null,"restaurantId":9,"role":"ADMIN","timestamp":"2026-08-19 19:27:45","userId":52}
{"endpoint":"full","level":"info","message":"Dashboard Request","queryRestaurantId":null,"restaurantId":9,"role":"ADMIN","timestamp":"2026-08-19 19:28:15","userId":52}
{"endpoint":"full","level":"info","message":"Dashboard Request","queryRestaurantId":null,"restaurantId":9,"role":"ADMIN","timestamp":"2026-08-19 19:28:48","userId":52}
{"endpoint":"full","level":"info","message":"Dashboard Request","queryRestaurantId":null,"restaurantId":9,"role":"ADMIN","timestamp":"2026-08-19 19:29:21","userId":52}
{"endpoint":"full","level":"info","message":"Dashboard Request","queryRestaurantId":null,"restaurantId":9,"role":"ADMIN","timestamp":"2026-08-19 19:29:54","userId":52}
{"endpoint":"full","level":"info","message":"Dashboard Request","queryRestaurantId":null,"restaurantId":9,"role":"ADMIN","timestamp":"2026-08-19 19:30:27","userId":52}
{"endpoint":"full","level":"info","message":"Dashboard Request","queryRestaurantId":null,"restaurantId":9,"role":"ADMIN","timestamp":"2026-08-19 19:31:00","userId":52}
{"endpoint":"full","level":"info","message":"Dashboard Request","queryRestaurantId":null,"restaurantId":9,"role":"ADMIN","timestamp":"2026-08-19 19:31:30","userId":52}
{"endpoint":"full","level":"info","message":"Dashboard Request","queryRestaurantId":null,"restaurantId":9,"role":"ADMIN","timestamp":"2026-08-19 19:32:02","userId":52}
{"endpoint":"full","level":"info","message":"Dashboard Request","queryRestaurantId":null,"restaurantId":9,"role":"ADMIN","timestamp":"2026-08-19 19:32:33","userId":52}
{"endpoint":"full","level":"info","message":"Dashboard Request","queryRestaurantId":null,"restaurantId":9,"role":"ADMIN","timestamp":"2026-08-19 19:33:06","userId":52}
{"endpoint":"full","level":"info","message":"Dashboard Request","queryRestaurantId":null,"restaurantId":9,"role":"ADMIN","timestamp":"2026-08-19 19:33:36","userId":52}
{"endpoint":"full","level":"info","message":"Dashboard Request","queryRestaurantId":null,"restaurantId":9,"role":"ADMIN","timestamp":"2026-08-19 19:34:00","userId":52}
{"endpoint":"full","level":"info","message":"Dashboard Request","queryRestaurantId":null,"restaurantId":9,"role":"ADMIN","timestamp":"2026-08-20 10:50:30","userId":52}
{"endpoint":"full","level":"info","message":"Dashboard Request","queryRestaurantId":null,"restaurantId":9,"role":"ADMIN","timestamp":"2026-08-20 10:51:22","userId":52}
{"endpoint":"full","level":"info","message":"Dashboard Request","queryRestaurantId":null,"restaurantId":9,"role":"ADMIN","timestamp":"2026-08-20 10:51:44","userId":52}
{"endpoint":"full","level":"info","message":"Dashboard Request","queryRestaurantId":null,"restaurantId":9,"role":"ADMIN","timestamp":"2026-08-20 10:59:25","userId":52}
{"endpoint":"full","level":"info","message":"Dashboard Request","queryRestaurantId":null,"restaurantId":9,"role":"ADMIN","timestamp":"2026-08-20 12:12:45","userId":52}
{"endpoint":"full","level":"info","message":"Dashboard Request","queryRestaurantId":null,"restaurantId":9,"role":"ADMIN","timestamp":"2026-08-20 12:13:00","userId":52}
{"endpoint":"full","level":"info","message":"Dashboard Request","queryRestaurantId":null,"restaurantId":9,"role":"ADMIN","timestamp":"2026-08-20 12:15:49","userId":52}
{"endpoint":"full","level":"info","message":"Dashboard Request","queryRestaurantId":null,"restaurantId":9,"role":"ADMIN","timestamp":"2026-08-20 12:31:30","userId":52}
{"endpoint":"full","level":"info","message":"Dashboard Request","queryRestaurantId":null,"restaurantId":9,"role":"ADMIN","timestamp":"2026-08-20 12:32:02","userId":52}
{"endpoint":"full","level":"info","message":"Dashboard Request","queryRestaurantId":null,"restaurantId":9,"role":"ADMIN","timestamp":"2026-08-20 12:32:33","userId":52}
{"endpoint":"full","level":"info","message":"Dashboard Request","queryRestaurantId":null,"restaurantId":9,"role":"ADMIN","timestamp":"2026-08-20 12:33:03","userId":52}
{"endpoint":"full","level":"info","message":"Dashboard Request","queryRestaurantId":null,"restaurantId":9,"role":"ADMIN","timestamp":"2026-08-20 12:33:36","userId":52}
{"endpoint":"full","level":"info","message":"Dashboard Request","queryRestaurantId":null,"restaurantId":9,"role":"ADMIN","timestamp":"2026-08-20 12:34:09","userId":52}
{"endpoint":"full","level":"info","message":"Dashboard Request","queryRestaurantId":null,"restaurantId":9,"role":"ADMIN","timestamp":"2026-08-20 12:34:39","userId":52}
{"endpoint":"full","level":"info","message":"Dashboard Request","queryRestaurantId":null,"restaurantId":9,"role":"ADMIN","timestamp":"2026-08-20 12:35:12","userId":52}
{"endpoint":"full","level":"info","message":"Dashboard Request","queryRestaurantId":null,"restaurantId":9,"role":"ADMIN","timestamp":"2026-08-20 12:35:44","userId":52}
{"endpoint":"full","level":"info","message":"Dashboard Request","queryRestaurantId":null,"restaurantId":9,"role":"ADMIN","timestamp":"2026-08-20 12:35:46","userId":52}
{"endpoint":"full","level":"info","message":"Dashboard Request","queryRestaurantId":null,"restaurantId":9,"role":"ADMIN","timestamp":"2026-08-20 12:35:53","userId":52}
{"endpoint":"full","level":"info","message":"Dashboard Request","queryRestaurantId":null,"restaurantId":9,"role":"ADMIN","timestamp":"2026-08-20 12:36:24","userId":52}
{"endpoint":"full","level":"info","message":"Dashboard Request","queryRestaurantId":null,"restaurantId":9,"role":"ADMIN","timestamp":"2026-08-20 12:36:57","userId":52}
{"endpoint":"full","level":"info","message":"Dashboard Request","queryRestaurantId":null,"restaurantId":9,"role":"ADMIN","timestamp":"2026-08-20 12:37:30","userId":52}
{"endpoint":"full","level":"info","message":"Dashboard Request","queryRestaurantId":null,"restaurantId":9,"role":"ADMIN","timestamp":"2026-08-20 12:38:03","userId":52}
{"endpoint":"full","level":"info","message":"Dashboard Request","queryRestaurantId":null,"restaurantId":9,"role":"ADMIN","timestamp":"2026-08-20 12:38:36","userId":52}
{"endpoint":"full","level":"info","message":"Dashboard Request","queryRestaurantId":null,"restaurantId":9,"role":"ADMIN","timestamp":"2026-08-20 12:39:06","userId":52}
{"endpoint":"full","level":"info","message":"Dashboard Request","queryRestaurantId":null,"restaurantId":9,"role":"ADMIN","timestamp":"2026-08-20 12:39:37","userId":52}
{"endpoint":"full","level":"info","message":"Dashboard Request","queryRestaurantId":null,"restaurantId":9,"role":"ADMIN","timestamp":"2026-08-20 12:40:10","userId":52}
{"endpoint":"full","level":"info","message":"Dashboard Request","queryRestaurantId":null,"restaurantId":9,"role":"ADMIN","timestamp":"2026-08-20 12:40:43","userId":52}
{"endpoint":"full","level":"info","message":"Dashboard Request","queryRestaurantId":null,"restaurantId":9,"role":"ADMIN","timestamp":"2026-08-20 12:41:16","userId":52}
{"endpoint":"full","level":"info","message":"Dashboard Request","queryRestaurantId":null,"restaurantId":9,"role":"ADMIN","timestamp":"2026-08-20 12:41:49","userId":52}
{"endpoint":"full","level":"info","message":"Dashboard Request","queryRestaurantId":null,"restaurantId":9,"role":"ADMIN","timestamp":"2026-08-20 12:42:22","userId":52}
{"endpoint":"full","level":"info","message":"Dashboard Request","queryRestaurantId":null,"restaurantId":9,"role":"ADMIN","timestamp":"2026-08-20 12:42:54","userId":52}
{"endpoint":"full","level":"info","message":"Dashboard Request","queryRestaurantId":null,"restaurantId":9,"role":"ADMIN","timestamp":"2026-08-20 12:43:27","userId":52}
{"endpoint":"full","level":"info","message":"Dashboard Request","queryRestaurantId":null,"restaurantId":9,"role":"ADMIN","timestamp":"2026-08-20 12:44:00","userId":52}
{"endpoint":"full","level":"info","message":"Dashboard Request","queryRestaurantId":null,"restaurantId":9,"role":"ADMIN","timestamp":"2026-08-20 12:44:33","userId":52}
{"endpoint":"full","level":"info","message":"Dashboard Request","queryRestaurantId":null,"restaurantId":9,"role":"ADMIN","timestamp":"2026-08-20 12:45:05","userId":52}
{"endpoint":"full","level":"info","message":"Dashboard Request","queryRestaurantId":null,"restaurantId":9,"role":"ADMIN","timestamp":"2026-08-20 12:45:38","userId":52}
{"endpoint":"full","level":"info","message":"Dashboard Request","queryRestaurantId":null,"restaurantId":9,"role":"ADMIN","timestamp":"2026-08-20 12:46:11","userId":52}
{"endpoint":"full","level":"info","message":"Dashboard Request","queryRestaurantId":null,"restaurantId":9,"role":"ADMIN","timestamp":"2026-08-20 12:46:43","userId":52}
{"endpoint":"full","level":"info","message":"Dashboard Request","queryRestaurantId":null,"restaurantId":9,"role":"ADMIN","timestamp":"2026-08-20 12:47:16","userId":52}
{"endpoint":"full","level":"info","message":"Dashboard Request","queryRestaurantId":null,"restaurantId":9,"role":"ADMIN","timestamp":"2026-08-20 12:47:49","userId":52}
{"endpoint":"full","level":"info","message":"Dashboard Request","queryRestaurantId":null,"restaurantId":9,"role":"ADMIN","timestamp":"2026-08-20 12:48:18","userId":52}
{"endpoint":"full","level":"info","message":"Dashboard Request","queryRestaurantId":null,"restaurantId":9,"role":"ADMIN","timestamp":"2026-08-20 12:48:26","userId":52}
{"endpoint":"full","level":"info","message":"Dashboard Request","queryRestaurantId":null,"restaurantId":9,"role":"ADMIN","timestamp":"2026-08-20 12:48:56","userId":52}
{"endpoint":"full","level":"info","message":"Dashboard Request","queryRestaurantId":null,"restaurantId":9,"role":"ADMIN","timestamp":"2026-08-20 12:49:27","userId":52}
{"endpoint":"full","level":"info","message":"Dashboard Request","queryRestaurantId":null,"restaurantId":9,"role":"ADMIN","timestamp":"2026-08-20 12:50:00","userId":52}
{"endpoint":"full","level":"info","message":"Dashboard Request","queryRestaurantId":null,"restaurantId":9,"role":"ADMIN","timestamp":"2026-08-20 12:50:33","userId":52}
{"endpoint":"full","level":"info","message":"Dashboard Request","queryRestaurantId":null,"restaurantId":9,"role":"ADMIN","timestamp":"2026-08-20 12:51:03","userId":52}
{"endpoint":"full","level":"info","message":"Dashboard Request","queryRestaurantId":null,"restaurantId":9,"role":"ADMIN","timestamp":"2026-08-20 12:51:37","userId":52}
{"endpoint":"full","level":"info","message":"Dashboard Request","queryRestaurantId":null,"restaurantId":9,"role":"ADMIN","timestamp":"2026-08-20 12:52:07","userId":52}
{"endpoint":"full","level":"info","message":"Dashboard Request","queryRestaurantId":null,"restaurantId":9,"role":"ADMIN","timestamp":"2026-08-20 12:52:40","userId":52}
{"endpoint":"full","level":"info","message":"Dashboard Request","queryRestaurantId":null,"restaurantId":9,"role":"ADMIN","timestamp":"2026-08-20 12:53:11","userId":52}
{"endpoint":"full","level":"info","message":"Dashboard Request","queryRestaurantId":null,"restaurantId":9,"role":"ADMIN","timestamp":"2026-08-20 12:53:44","userId":52}
{"endpoint":"full","level":"info","message":"Dashboard Request","queryRestaurantId":null,"restaurantId":9,"role":"ADMIN","timestamp":"2026-08-20 12:54:16","userId":52}
{"endpoint":"full","level":"info","message":"Dashboard Request","queryRestaurantId":null,"restaurantId":9,"role":"ADMIN","timestamp":"2026-08-20 12:54:49","userId":52}
{"endpoint":"full","level":"info","message":"Dashboard Request","queryRestaurantId":null,"restaurantId":9,"role":"ADMIN","timestamp":"2026-08-20 12:55:22","userId":52}
{"endpoint":"full","level":"info","message":"Dashboard Request","queryRestaurantId":null,"restaurantId":9,"role":"ADMIN","timestamp":"2026-08-20 12:55:54","userId":52}
{"endpoint":"full","level":"info","message":"Dashboard Request","queryRestaurantId":null,"restaurantId":9,"role":"ADMIN","timestamp":"2026-08-20 12:56:27","userId":52}
{"endpoint":"full","level":"info","message":"Dashboard Request","queryRestaurantId":null,"restaurantId":9,"role":"ADMIN","timestamp":"2026-08-20 12:57:00","userId":52}
{"endpoint":"full","level":"info","message":"Dashboard Request","queryRestaurantId":null,"restaurantId":9,"role":"ADMIN","timestamp":"2026-08-20 12:57:33","userId":52}
{"endpoint":"full","level":"info","message":"Dashboard Request","queryRestaurantId":null,"restaurantId":9,"role":"ADMIN","timestamp":"2026-08-20 12:57:53","userId":52}
{"endpoint":"full","level":"info","message":"Dashboard Request","queryRestaurantId":null,"restaurantId":9,"role":"ADMIN","timestamp":"2026-08-20 13:01:48","userId":52}
{"endpoint":"full","level":"info","message":"Dashboard Request","queryRestaurantId":null,"restaurantId":9,"role":"ADMIN","timestamp":"2026-08-20 13:07:53","userId":52}
{"endpoint":"full","level":"info","message":"Dashboard Request","queryRestaurantId":null,"restaurantId":9,"role":"ADMIN","timestamp":"2026-08-20 13:08:23","userId":52}
{"endpoint":"full","level":"info","message":"Dashboard Request","queryRestaurantId":null,"restaurantId":9,"role":"ADMIN","timestamp":"2026-08-20 13:08:53","userId":52}
{"endpoint":"full","level":"info","message":"Dashboard Request","queryRestaurantId":null,"restaurantId":9,"role":"ADMIN","timestamp":"2026-08-20 13:09:26","userId":52}
{"endpoint":"full","level":"info","message":"Dashboard Request","queryRestaurantId":null,"restaurantId":9,"role":"ADMIN","timestamp":"2026-08-20 13:09:58","userId":52}
{"endpoint":"full","level":"info","message":"Dashboard Request","queryRestaurantId":null,"restaurantId":9,"role":"ADMIN","timestamp":"2026-08-20 13:10:31","userId":52}
{"endpoint":"full","level":"info","message":"Dashboard Request","queryRestaurantId":null,"restaurantId":9,"role":"ADMIN","timestamp":"2026-08-20 13:11:04","userId":52}
{"endpoint":"full","level":"info","message":"Dashboard Request","queryRestaurantId":null,"restaurantId":9,"role":"ADMIN","timestamp":"2026-08-20 13:11:36","userId":52}
{"endpoint":"full","level":"info","message":"Dashboard Request","queryRestaurantId":null,"restaurantId":9,"role":"ADMIN","timestamp":"2026-08-20 13:12:07","userId":52}
{"endpoint":"full","level":"info","message":"Dashboard Request","queryRestaurantId":null,"restaurantId":9,"role":"ADMIN","timestamp":"2026-08-20 13:12:40","userId":52}
{"endpoint":"full","level":"info","message":"Dashboard Request","queryRestaurantId":null,"restaurantId":9,"role":"ADMIN","timestamp":"2026-08-20 13:13:13","userId":52}
{"endpoint":"full","level":"info","message":"Dashboard Request","queryRestaurantId":null,"restaurantId":9,"role":"ADMIN","timestamp":"2026-08-20 13:13:45","userId":52}
{"endpoint":"full","level":"info","message":"Dashboard Request","queryRestaurantId":null,"restaurantId":9,"role":"ADMIN","timestamp":"2026-08-20 13:14:18","userId":52}
{"endpoint":"full","level":"info","message":"Dashboard Request","queryRestaurantId":null,"restaurantId":9,"role":"ADMIN","timestamp":"2026-08-20 13:14:51","userId":52}
{"endpoint":"full","level":"info","message":"Dashboard Request","queryRestaurantId":null,"restaurantId":9,"role":"ADMIN","timestamp":"2026-08-20 13:15:24","userId":52}
{"endpoint":"full","level":"info","message":"Dashboard Request","queryRestaurantId":null,"restaurantId":9,"role":"ADMIN","timestamp":"2026-08-20 13:15:57","userId":52}
{"endpoint":"full","level":"info","message":"Dashboard Request","queryRestaurantId":null,"restaurantId":9,"role":"ADMIN","timestamp":"2026-08-20 13:16:29","userId":52}
{"endpoint":"full","level":"info","message":"Dashboard Request","queryRestaurantId":null,"restaurantId":9,"role":"ADMIN","timestamp":"2026-08-20 13:17:01","userId":52}
{"endpoint":"full","level":"info","message":"Dashboard Request","queryRestaurantId":null,"restaurantId":9,"role":"ADMIN","timestamp":"2026-08-20 13:17:34","userId":52}
{"endpoint":"full","level":"info","message":"Dashboard Request","queryRestaurantId":null,"restaurantId":9,"role":"ADMIN","timestamp":"2026-08-20 13:18:07","userId":52}
{"endpoint":"full","level":"info","message":"Dashboard Request","queryRestaurantId":null,"restaurantId":9,"role":"ADMIN","timestamp":"2026-08-20 13:18:39","userId":52}
{"endpoint":"full","level":"info","message":"Dashboard Request","queryRestaurantId":null,"restaurantId":9,"role":"ADMIN","timestamp":"2026-08-20 13:19:12","userId":52}
{"endpoint":"full","level":"info","message":"Dashboard Request","queryRestaurantId":null,"restaurantId":9,"role":"ADMIN","timestamp":"2026-08-20 13:19:44","userId":52}
{"endpoint":"full","level":"info","message":"Dashboard Request","queryRestaurantId":null,"restaurantId":9,"role":"ADMIN","timestamp":"2026-08-20 13:20:17","userId":52}
{"endpoint":"full","level":"info","message":"Dashboard Request","queryRestaurantId":null,"restaurantId":9,"role":"ADMIN","timestamp":"2026-08-20 13:20:49","userId":52}
{"endpoint":"full","level":"info","message":"Dashboard Request","queryRestaurantId":null,"restaurantId":9,"role":"ADMIN","timestamp":"2026-08-20 13:21:22","userId":52}
{"endpoint":"full","level":"info","message":"Dashboard Request","queryRestaurantId":null,"restaurantId":9,"role":"ADMIN","timestamp":"2026-08-20 13:21:54","userId":52}
{"endpoint":"full","level":"info","message":"Dashboard Request","queryRestaurantId":null,"restaurantId":9,"role":"ADMIN","timestamp":"2026-08-20 13:22:22","userId":52}
{"endpoint":"full","level":"info","message":"Dashboard Request","queryRestaurantId":null,"restaurantId":9,"role":"ADMIN","timestamp":"2026-08-20 13:34:01","userId":52}
{"endpoint":"full","level":"info","message":"Dashboard Request","queryRestaurantId":null,"restaurantId":9,"role":"ADMIN","timestamp":"2026-08-20 13:34:30","userId":52}
{"endpoint":"full","level":"info","message":"Dashboard Request","queryRestaurantId":null,"restaurantId":9,"role":"ADMIN","timestamp":"2026-08-20 13:35:03","userId":52}
{"endpoint":"full","level":"info","message":"Dashboard Request","queryRestaurantId":null,"restaurantId":9,"role":"ADMIN","timestamp":"2026-08-20 13:35:35","userId":52}
{"endpoint":"full","level":"info","message":"Dashboard Request","queryRestaurantId":null,"restaurantId":9,"role":"ADMIN","timestamp":"2026-08-20 13:36:07","userId":52}
{"endpoint":"full","level":"info","message":"Dashboard Request","queryRestaurantId":null,"restaurantId":9,"role":"ADMIN","timestamp":"2026-08-20 13:36:38","userId":52}
{"endpoint":"full","level":"info","message":"Dashboard Request","queryRestaurantId":null,"restaurantId":9,"role":"ADMIN","timestamp":"2026-08-20 13:38:20","userId":52}
{"endpoint":"full","level":"info","message":"Dashboard Request","queryRestaurantId":null,"restaurantId":9,"role":"ADMIN","timestamp":"2026-08-20 13:41:39","userId":52}
{"endpoint":"full","level":"info","message":"Dashboard Request","queryRestaurantId":null,"restaurantId":9,"role":"ADMIN","timestamp":"2026-08-20 13:52:18","userId":52}
{"endpoint":"full","level":"info","message":"Dashboard Request","queryRestaurantId":null,"restaurantId":9,"role":"ADMIN","timestamp":"2026-08-20 13:53:51","userId":52}
{"endpoint":"full","level":"info","message":"Dashboard Request","queryRestaurantId":null,"restaurantId":9,"role":"ADMIN","timestamp":"2026-08-20 13:54:21","userId":52}
{"endpoint":"full","level":"info","message":"Dashboard Request","queryRestaurantId":null,"restaurantId":9,"role":"ADMIN","timestamp":"2026-08-20 13:54:52","userId":52}
{"endpoint":"full","level":"info","message":"Dashboard Request","queryRestaurantId":null,"restaurantId":9,"role":"ADMIN","timestamp":"2026-08-20 13:55:25","userId":52}
{"endpoint":"full","level":"info","message":"Dashboard Request","queryRestaurantId":null,"restaurantId":9,"role":"ADMIN","timestamp":"2026-08-20 13:55:58","userId":52}
{"endpoint":"full","level":"info","message":"Dashboard Request","queryRestaurantId":null,"restaurantId":9,"role":"ADMIN","timestamp":"2026-08-20 13:56:31","userId":52}
{"endpoint":"full","level":"info","message":"Dashboard Request","queryRestaurantId":null,"restaurantId":9,"role":"ADMIN","timestamp":"2026-08-20 13:57:03","userId":52}
{"endpoint":"full","level":"info","message":"Dashboard Request","queryRestaurantId":null,"restaurantId":9,"role":"ADMIN","timestamp":"2026-08-20 13:57:35","userId":52}
{"endpoint":"full","level":"info","message":"Dashboard Request","queryRestaurantId":null,"restaurantId":9,"role":"ADMIN","timestamp":"2026-08-20 13:58:08","userId":52}
{"endpoint":"full","level":"info","message":"Dashboard Request","queryRestaurantId":null,"restaurantId":9,"role":"ADMIN","timestamp":"2026-08-20 13:58:38","userId":52}
{"endpoint":"full","level":"info","message":"Dashboard Request","queryRestaurantId":null,"restaurantId":9,"role":"ADMIN","timestamp":"2026-08-20 13:59:09","userId":52}
{"endpoint":"full","level":"info","message":"Dashboard Request","queryRestaurantId":null,"restaurantId":9,"role":"ADMIN","timestamp":"2026-08-20 13:59:30","userId":52}
{"endpoint":"full","level":"info","message":"Dashboard Request","queryRestaurantId":null,"restaurantId":9,"role":"ADMIN","timestamp":"2026-08-20 14:06:25","userId":52}
{"endpoint":"full","level":"info","message":"Dashboard Request","queryRestaurantId":null,"restaurantId":9,"role":"ADMIN","timestamp":"2026-08-20 14:06:56","userId":52}
{"endpoint":"full","level":"info","message":"Dashboard Request","queryRestaurantId":null,"restaurantId":9,"role":"ADMIN","timestamp":"2026-08-20 14:07:29","userId":52}
{"endpoint":"full","level":"info","message":"Dashboard Request","queryRestaurantId":null,"restaurantId":9,"role":"ADMIN","timestamp":"2026-08-20 14:08:03","userId":52}
{"endpoint":"full","level":"info","message":"Dashboard Request","queryRestaurantId":null,"restaurantId":9,"role":"ADMIN","timestamp":"2026-08-20 14:08:34","userId":52}
{"endpoint":"full","level":"info","message":"Dashboard Request","queryRestaurantId":null,"restaurantId":9,"role":"ADMIN","timestamp":"2026-08-20 14:09:08","userId":52}
{"endpoint":"full","level":"info","message":"Dashboard Request","queryRestaurantId":null,"restaurantId":9,"role":"ADMIN","timestamp":"2026-08-20 14:09:41","userId":52}
{"endpoint":"full","level":"info","message":"Dashboard Request","queryRestaurantId":null,"restaurantId":9,"role":"ADMIN","timestamp":"2026-08-20 14:10:13","userId":52}
{"endpoint":"full","level":"info","message":"Dashboard Request","queryRestaurantId":null,"restaurantId":9,"role":"ADMIN","timestamp":"2026-08-20 14:10:46","userId":52}
{"endpoint":"full","level":"info","message":"Dashboard Request","queryRestaurantId":null,"restaurantId":9,"role":"ADMIN","timestamp":"2026-08-20 14:11:19","userId":52}
{"endpoint":"full","level":"info","message":"Dashboard Request","queryRestaurantId":null,"restaurantId":9,"role":"ADMIN","timestamp":"2026-08-20 14:11:52","userId":52}
{"endpoint":"full","level":"info","message":"Dashboard Request","queryRestaurantId":null,"restaurantId":9,"role":"ADMIN","timestamp":"2026-08-20 14:12:25","userId":52}
{"endpoint":"full","level":"info","message":"Dashboard Request","queryRestaurantId":null,"restaurantId":9,"role":"ADMIN","timestamp":"2026-08-20 14:12:58","userId":52}
{"endpoint":"full","level":"info","message":"Dashboard Request","queryRestaurantId":null,"restaurantId":9,"role":"ADMIN","timestamp":"2026-08-20 14:13:30","userId":52}
{"endpoint":"full","level":"info","message":"Dashboard Request","queryRestaurantId":null,"restaurantId":9,"role":"ADMIN","timestamp":"2026-08-20 14:14:04","userId":52}
{"endpoint":"full","level":"info","message":"Dashboard Request","queryRestaurantId":null,"restaurantId":9,"role":"ADMIN","timestamp":"2026-08-20 14:14:37","userId":52}
{"endpoint":"full","level":"info","message":"Dashboard Request","queryRestaurantId":null,"restaurantId":9,"role":"ADMIN","timestamp":"2026-08-20 14:15:09","userId":52}
{"endpoint":"full","level":"info","message":"Dashboard Request","queryRestaurantId":null,"restaurantId":9,"role":"ADMIN","timestamp":"2026-08-20 14:15:42","userId":52}
{"endpoint":"full","level":"info","message":"Dashboard Request","queryRestaurantId":null,"restaurantId":9,"role":"ADMIN","timestamp":"2026-08-20 14:16:15","userId":52}
{"endpoint":"full","level":"info","message":"Dashboard Request","queryRestaurantId":null,"restaurantId":9,"role":"ADMIN","timestamp":"2026-08-20 14:16:47","userId":52}
{"endpoint":"full","level":"info","message":"Dashboard Request","queryRestaurantId":null,"restaurantId":9,"role":"ADMIN","timestamp":"2026-08-20 14:17:20","userId":52}
{"endpoint":"full","level":"info","message":"Dashboard Request","queryRestaurantId":null,"restaurantId":9,"role":"ADMIN","timestamp":"2026-08-20 14:17:53","userId":52}
{"endpoint":"full","level":"info","message":"Dashboard Request","queryRestaurantId":null,"restaurantId":9,"role":"ADMIN","timestamp":"2026-08-20 14:18:26","userId":52}
{"endpoint":"full","level":"info","message":"Dashboard Request","queryRestaurantId":null,"restaurantId":9,"role":"ADMIN","timestamp":"2026-08-20 14:18:58","userId":52}
{"endpoint":"full","level":"info","message":"Dashboard Request","queryRestaurantId":null,"restaurantId":9,"role":"ADMIN","timestamp":"2026-08-20 14:19:31","userId":52}
{"endpoint":"full","level":"info","message":"Dashboard Request","queryRestaurantId":null,"restaurantId":9,"role":"ADMIN","timestamp":"2026-08-20 14:20:05","userId":52}
{"endpoint":"full","level":"info","message":"Dashboard Request","queryRestaurantId":null,"restaurantId":9,"role":"ADMIN","timestamp":"2026-08-20 14:20:35","userId":52}
{"endpoint":"full","level":"info","message":"Dashboard Request","queryRestaurantId":null,"restaurantId":9,"role":"ADMIN","timestamp":"2026-08-20 14:21:08","userId":52}
{"endpoint":"full","level":"info","message":"Dashboard Request","queryRestaurantId":null,"restaurantId":9,"role":"ADMIN","timestamp":"2026-08-20 14:21:38","userId":52}
{"endpoint":"full","level":"info","message":"Dashboard Request","queryRestaurantId":null,"restaurantId":9,"role":"ADMIN","timestamp":"2026-08-20 14:22:11","userId":52}
{"endpoint":"full","level":"info","message":"Dashboard Request","queryRestaurantId":null,"restaurantId":9,"role":"ADMIN","timestamp":"2026-08-20 14:22:43","userId":52}
{"endpoint":"full","level":"info","message":"Dashboard Request","queryRestaurantId":null,"restaurantId":9,"role":"ADMIN","timestamp":"2026-08-20 14:23:16","userId":52}
{"endpoint":"full","level":"info","message":"Dashboard Request","queryRestaurantId":null,"restaurantId":9,"role":"ADMIN","timestamp":"2026-08-20 14:23:49","userId":52}
{"endpoint":"full","level":"info","message":"Dashboard Request","queryRestaurantId":null,"restaurantId":9,"role":"ADMIN","timestamp":"2026-08-20 14:24:21","userId":52}
{"endpoint":"full","level":"info","message":"Dashboard Request","queryRestaurantId":null,"restaurantId":9,"role":"ADMIN","timestamp":"2026-08-20 14:24:54","userId":52}
{"endpoint":"full","level":"info","message":"Dashboard Request","queryRestaurantId":null,"restaurantId":9,"role":"ADMIN","timestamp":"2026-08-20 14:25:25","userId":52}
{"endpoint":"full","level":"info","message":"Dashboard Request","queryRestaurantId":null,"restaurantId":9,"role":"ADMIN","timestamp":"2026-08-20 14:25:57","userId":52}
{"endpoint":"full","level":"info","message":"Dashboard Request","queryRestaurantId":null,"restaurantId":9,"role":"ADMIN","timestamp":"2026-08-20 14:26:28","userId":52}
{"endpoint":"full","level":"info","message":"Dashboard Request","queryRestaurantId":null,"restaurantId":9,"role":"ADMIN","timestamp":"2026-08-20 14:27:01","userId":52}
{"endpoint":"full","level":"info","message":"Dashboard Request","queryRestaurantId":null,"restaurantId":9,"role":"ADMIN","timestamp":"2026-08-20 14:27:32","userId":52}
{"endpoint":"full","level":"info","message":"Dashboard Request","queryRestaurantId":null,"restaurantId":9,"role":"ADMIN","timestamp":"2026-08-20 14:28:05","userId":52}
{"endpoint":"full","level":"info","message":"Dashboard Request","queryRestaurantId":null,"restaurantId":9,"role":"ADMIN","timestamp":"2026-08-20 14:28:35","userId":52}
{"endpoint":"full","level":"info","message":"Dashboard Request","queryRestaurantId":null,"restaurantId":9,"role":"ADMIN","timestamp":"2026-08-20 14:29:08","userId":52}
{"endpoint":"full","level":"info","message":"Dashboard Request","queryRestaurantId":null,"restaurantId":9,"role":"ADMIN","timestamp":"2026-08-20 14:29:38","userId":52}
{"endpoint":"full","level":"info","message":"Dashboard Request","queryRestaurantId":null,"restaurantId":9,"role":"ADMIN","timestamp":"2026-08-20 14:30:11","userId":52}
{"endpoint":"full","level":"info","message":"Dashboard Request","queryRestaurantId":null,"restaurantId":9,"role":"ADMIN","timestamp":"2026-08-20 14:30:41","userId":52}
{"endpoint":"full","level":"info","message":"Dashboard Request","queryRestaurantId":null,"restaurantId":9,"role":"ADMIN","timestamp":"2026-08-20 14:31:14","userId":52}
{"endpoint":"full","level":"info","message":"Dashboard Request","queryRestaurantId":null,"restaurantId":9,"role":"ADMIN","timestamp":"2026-08-20 14:31:44","userId":52}
{"endpoint":"full","level":"info","message":"Dashboard Request","queryRestaurantId":null,"restaurantId":9,"role":"ADMIN","timestamp":"2026-08-20 14:32:17","userId":52}
{"endpoint":"full","level":"info","message":"Dashboard Request","queryRestaurantId":null,"restaurantId":9,"role":"ADMIN","timestamp":"2026-08-20 14:32:47","userId":52}
{"endpoint":"full","level":"info","message":"Dashboard Request","queryRestaurantId":null,"restaurantId":9,"role":"ADMIN","timestamp":"2026-08-20 14:33:20","userId":52}
{"endpoint":"full","level":"info","message":"Dashboard Request","queryRestaurantId":null,"restaurantId":9,"role":"ADMIN","timestamp":"2026-08-20 14:33:50","userId":52}
{"endpoint":"full","level":"info","message":"Dashboard Request","queryRestaurantId":null,"restaurantId":9,"role":"ADMIN","timestamp":"2026-08-20 14:34:22","userId":52}
{"endpoint":"full","level":"info","message":"Dashboard Request","queryRestaurantId":null,"restaurantId":9,"role":"ADMIN","timestamp":"2026-08-20 14:34:53","userId":52}
{"endpoint":"full","level":"info","message":"Dashboard Request","queryRestaurantId":null,"restaurantId":9,"role":"ADMIN","timestamp":"2026-08-20 14:35:26","userId":52}
{"endpoint":"full","level":"info","message":"Dashboard Request","queryRestaurantId":null,"restaurantId":9,"role":"ADMIN","timestamp":"2026-08-20 14:35:56","userId":52}
{"endpoint":"full","level":"info","message":"Dashboard Request","queryRestaurantId":null,"restaurantId":9,"role":"ADMIN","timestamp":"2026-08-20 14:36:29","userId":52}
{"endpoint":"full","level":"info","message":"Dashboard Request","queryRestaurantId":null,"restaurantId":9,"role":"ADMIN","timestamp":"2026-08-20 14:37:02","userId":52}
{"endpoint":"full","level":"info","message":"Dashboard Request","queryRestaurantId":null,"restaurantId":9,"role":"ADMIN","timestamp":"2026-08-20 14:37:35","userId":52}
{"endpoint":"full","level":"info","message":"Dashboard Request","queryRestaurantId":null,"restaurantId":9,"role":"ADMIN","timestamp":"2026-08-20 14:38:05","userId":52}
{"endpoint":"full","level":"info","message":"Dashboard Request","queryRestaurantId":null,"restaurantId":9,"role":"ADMIN","timestamp":"2026-08-20 14:38:38","userId":52}
{"endpoint":"full","level":"info","message":"Dashboard Request","queryRestaurantId":null,"restaurantId":9,"role":"ADMIN","timestamp":"2026-08-20 14:38:57","userId":52}
{"endpoint":"full","level":"info","message":"Dashboard Request","queryRestaurantId":null,"restaurantId":9,"role":"ADMIN","timestamp":"2026-08-20 14:53:34","userId":52}
{"endpoint":"full","level":"info","message":"Dashboard Request","queryRestaurantId":null,"restaurantId":9,"role":"ADMIN","timestamp":"2026-08-20 14:57:40","userId":52}
{"endpoint":"full","level":"info","message":"Dashboard Request","queryRestaurantId":null,"restaurantId":9,"role":"ADMIN","timestamp":"2026-08-20 15:11:49","userId":52}
{"endpoint":"full","level":"info","message":"Dashboard Request","queryRestaurantId":null,"restaurantId":9,"role":"ADMIN","timestamp":"2026-08-20 15:12:19","userId":52}
{"endpoint":"full","level":"info","message":"Dashboard Request","queryRestaurantId":null,"restaurantId":9,"role":"ADMIN","timestamp":"2026-08-20 15:12:50","userId":52}
{"endpoint":"full","level":"info","message":"Dashboard Request","queryRestaurantId":null,"restaurantId":9,"role":"ADMIN","timestamp":"2026-08-20 15:13:23","userId":52}
{"endpoint":"full","level":"info","message":"Dashboard Request","queryRestaurantId":null,"restaurantId":9,"role":"ADMIN","timestamp":"2026-08-20 15:13:53","userId":52}
{"endpoint":"full","level":"info","message":"Dashboard Request","queryRestaurantId":null,"restaurantId":9,"role":"ADMIN","timestamp":"2026-08-20 15:14:26","userId":52}
{"endpoint":"full","level":"info","message":"Dashboard Request","queryRestaurantId":null,"restaurantId":9,"role":"ADMIN","timestamp":"2026-08-20 15:15:00","userId":52}
{"endpoint":"full","level":"info","message":"Dashboard Request","queryRestaurantId":null,"restaurantId":9,"role":"ADMIN","timestamp":"2026-08-20 15:15:32","userId":52}
{"endpoint":"full","level":"info","message":"Dashboard Request","queryRestaurantId":null,"restaurantId":9,"role":"ADMIN","timestamp":"2026-08-20 15:16:04","userId":52}
{"endpoint":"full","level":"info","message":"Dashboard Request","queryRestaurantId":null,"restaurantId":9,"role":"ADMIN","timestamp":"2026-08-20 15:16:38","userId":52}
{"endpoint":"full","level":"info","message":"Dashboard Request","queryRestaurantId":null,"restaurantId":9,"role":"ADMIN","timestamp":"2026-08-20 15:17:10","userId":52}
{"endpoint":"full","level":"info","message":"Dashboard Request","queryRestaurantId":null,"restaurantId":9,"role":"ADMIN","timestamp":"2026-08-20 15:17:43","userId":52}
{"endpoint":"full","level":"info","message":"Dashboard Request","queryRestaurantId":null,"restaurantId":9,"role":"ADMIN","timestamp":"2026-08-20 15:18:15","userId":52}
{"endpoint":"full","level":"info","message":"Dashboard Request","queryRestaurantId":null,"restaurantId":9,"role":"ADMIN","timestamp":"2026-08-20 15:18:48","userId":52}
{"endpoint":"full","level":"info","message":"Dashboard Request","queryRestaurantId":null,"restaurantId":9,"role":"ADMIN","timestamp":"2026-08-20 15:19:21","userId":52}
{"endpoint":"full","level":"info","message":"Dashboard Request","queryRestaurantId":null,"restaurantId":9,"role":"ADMIN","timestamp":"2026-08-20 15:19:54","userId":52}
{"endpoint":"full","level":"info","message":"Dashboard Request","queryRestaurantId":null,"restaurantId":9,"role":"ADMIN","timestamp":"2026-08-20 15:20:26","userId":52}
{"endpoint":"full","level":"info","message":"Dashboard Request","queryRestaurantId":null,"restaurantId":9,"role":"ADMIN","timestamp":"2026-08-20 15:20:59","userId":52}
{"endpoint":"full","level":"info","message":"Dashboard Request","queryRestaurantId":null,"restaurantId":9,"role":"ADMIN","timestamp":"2026-08-20 15:21:32","userId":52}
{"endpoint":"full","level":"info","message":"Dashboard Request","queryRestaurantId":null,"restaurantId":9,"role":"ADMIN","timestamp":"2026-08-20 15:22:05","userId":52}
{"endpoint":"full","level":"info","message":"Dashboard Request","queryRestaurantId":null,"restaurantId":9,"role":"ADMIN","timestamp":"2026-08-20 15:22:37","userId":52}
{"endpoint":"full","level":"info","message":"Dashboard Request","queryRestaurantId":null,"restaurantId":9,"role":"ADMIN","timestamp":"2026-08-20 15:23:10","userId":52}
{"endpoint":"full","level":"info","message":"Dashboard Request","queryRestaurantId":null,"restaurantId":9,"role":"ADMIN","timestamp":"2026-08-20 15:23:43","userId":52}
{"endpoint":"full","level":"info","message":"Dashboard Request","queryRestaurantId":null,"restaurantId":9,"role":"ADMIN","timestamp":"2026-08-20 15:24:16","userId":52}
{"endpoint":"full","level":"info","message":"Dashboard Request","queryRestaurantId":null,"restaurantId":9,"role":"ADMIN","timestamp":"2026-08-20 15:24:48","userId":52}
{"endpoint":"full","level":"info","message":"Dashboard Request","queryRestaurantId":null,"restaurantId":9,"role":"ADMIN","timestamp":"2026-08-20 15:25:22","userId":52}
{"endpoint":"full","level":"info","message":"Dashboard Request","queryRestaurantId":null,"restaurantId":9,"role":"ADMIN","timestamp":"2026-08-20 15:25:55","userId":52}
{"endpoint":"full","level":"info","message":"Dashboard Request","queryRestaurantId":null,"restaurantId":9,"role":"ADMIN","timestamp":"2026-08-20 15:26:25","userId":52}
{"endpoint":"full","level":"info","message":"Dashboard Request","queryRestaurantId":null,"restaurantId":9,"role":"ADMIN","timestamp":"2026-08-20 15:26:58","userId":52}
{"endpoint":"full","level":"info","message":"Dashboard Request","queryRestaurantId":null,"restaurantId":9,"role":"ADMIN","timestamp":"2026-08-20 15:27:31","userId":52}
{"endpoint":"full","level":"info","message":"Dashboard Request","queryRestaurantId":null,"restaurantId":9,"role":"ADMIN","timestamp":"2026-08-20 15:28:03","userId":52}
{"endpoint":"full","level":"info","message":"Dashboard Request","queryRestaurantId":null,"restaurantId":9,"role":"ADMIN","timestamp":"2026-08-20 15:28:36","userId":52}
{"endpoint":"full","level":"info","message":"Dashboard Request","queryRestaurantId":null,"restaurantId":9,"role":"ADMIN","timestamp":"2026-08-20 15:29:09","userId":52}
{"endpoint":"full","level":"info","message":"Dashboard Request","queryRestaurantId":null,"restaurantId":9,"role":"ADMIN","timestamp":"2026-08-20 15:29:41","userId":52}
{"endpoint":"full","level":"info","message":"Dashboard Request","queryRestaurantId":null,"restaurantId":9,"role":"ADMIN","timestamp":"2026-08-20 15:30:14","userId":52}
{"endpoint":"full","level":"info","message":"Dashboard Request","queryRestaurantId":null,"restaurantId":9,"role":"ADMIN","timestamp":"2026-08-20 15:30:47","userId":52}
{"endpoint":"full","level":"info","message":"Dashboard Request","queryRestaurantId":null,"restaurantId":9,"role":"ADMIN","timestamp":"2026-08-20 15:31:20","userId":52}
{"endpoint":"full","level":"info","message":"Dashboard Request","queryRestaurantId":null,"restaurantId":9,"role":"ADMIN","timestamp":"2026-08-20 15:31:53","userId":52}
{"endpoint":"full","level":"info","message":"Dashboard Request","queryRestaurantId":null,"restaurantId":9,"role":"ADMIN","timestamp":"2026-08-20 15:32:26","userId":52}
{"endpoint":"full","level":"info","message":"Dashboard Request","queryRestaurantId":null,"restaurantId":9,"role":"ADMIN","timestamp":"2026-08-20 15:32:59","userId":52}
{"endpoint":"full","level":"info","message":"Dashboard Request","queryRestaurantId":null,"restaurantId":9,"role":"ADMIN","timestamp":"2026-08-20 15:33:32","userId":52}
{"endpoint":"full","level":"info","message":"Dashboard Request","queryRestaurantId":null,"restaurantId":9,"role":"ADMIN","timestamp":"2026-08-20 15:34:05","userId":52}
{"endpoint":"full","level":"info","message":"Dashboard Request","queryRestaurantId":null,"restaurantId":9,"role":"ADMIN","timestamp":"2026-08-20 15:34:38","userId":52}
{"endpoint":"full","level":"info","message":"Dashboard Request","queryRestaurantId":null,"restaurantId":9,"role":"ADMIN","timestamp":"2026-08-20 15:35:11","userId":52}
{"endpoint":"full","level":"info","message":"Dashboard Request","queryRestaurantId":null,"restaurantId":9,"role":"ADMIN","timestamp":"2026-08-20 15:35:44","userId":52}
{"endpoint":"full","level":"info","message":"Dashboard Request","queryRestaurantId":null,"restaurantId":9,"role":"ADMIN","timestamp":"2026-08-20 15:36:17","userId":52}
{"endpoint":"full","level":"info","message":"Dashboard Request","queryRestaurantId":null,"restaurantId":9,"role":"ADMIN","timestamp":"2026-08-20 15:36:49","userId":52}
{"endpoint":"full","level":"info","message":"Dashboard Request","queryRestaurantId":null,"restaurantId":9,"role":"ADMIN","timestamp":"2026-08-20 15:37:22","userId":52}
{"endpoint":"full","level":"info","message":"Dashboard Request","queryRestaurantId":null,"restaurantId":9,"role":"ADMIN","timestamp":"2026-08-20 15:37:55","userId":52}
{"endpoint":"full","level":"info","message":"Dashboard Request","queryRestaurantId":null,"restaurantId":9,"role":"ADMIN","timestamp":"2026-08-20 15:38:27","userId":52}
{"endpoint":"full","level":"info","message":"Dashboard Request","queryRestaurantId":null,"restaurantId":9,"role":"ADMIN","timestamp":"2026-08-20 15:39:00","userId":52}
{"endpoint":"full","level":"info","message":"Dashboard Request","queryRestaurantId":null,"restaurantId":9,"role":"ADMIN","timestamp":"2026-08-20 15:39:31","userId":52}
{"endpoint":"full","level":"info","message":"Dashboard Request","queryRestaurantId":null,"restaurantId":9,"role":"ADMIN","timestamp":"2026-08-20 15:40:04","userId":52}
{"endpoint":"full","level":"info","message":"Dashboard Request","queryRestaurantId":null,"restaurantId":9,"role":"ADMIN","timestamp":"2026-08-20 15:40:36","userId":52}
{"endpoint":"full","level":"info","message":"Dashboard Request","queryRestaurantId":null,"restaurantId":9,"role":"ADMIN","timestamp":"2026-08-20 15:41:09","userId":52}
{"endpoint":"full","level":"info","message":"Dashboard Request","queryRestaurantId":null,"restaurantId":9,"role":"ADMIN","timestamp":"2026-08-20 15:41:42","userId":52}
{"endpoint":"full","level":"info","message":"Dashboard Request","queryRestaurantId":null,"restaurantId":9,"role":"ADMIN","timestamp":"2026-08-20 15:42:14","userId":52}
{"endpoint":"full","level":"info","message":"Dashboard Request","queryRestaurantId":null,"restaurantId":9,"role":"ADMIN","timestamp":"2026-08-20 15:42:47","userId":52}
{"endpoint":"full","level":"info","message":"Dashboard Request","queryRestaurantId":null,"restaurantId":9,"role":"ADMIN","timestamp":"2026-08-20 15:43:21","userId":52}
{"endpoint":"full","level":"info","message":"Dashboard Request","queryRestaurantId":null,"restaurantId":9,"role":"ADMIN","timestamp":"2026-08-20 15:43:53","userId":52}
{"endpoint":"full","level":"info","message":"Dashboard Request","queryRestaurantId":null,"restaurantId":9,"role":"ADMIN","timestamp":"2026-08-20 15:44:26","userId":52}
{"endpoint":"full","level":"info","message":"Dashboard Request","queryRestaurantId":null,"restaurantId":9,"role":"ADMIN","timestamp":"2026-08-20 15:44:59","userId":52}
{"endpoint":"full","level":"info","message":"Dashboard Request","queryRestaurantId":null,"restaurantId":9,"role":"ADMIN","timestamp":"2026-08-20 15:45:32","userId":52}
{"endpoint":"full","level":"info","message":"Dashboard Request","queryRestaurantId":null,"restaurantId":9,"role":"ADMIN","timestamp":"2026-08-20 15:46:05","userId":52}
{"endpoint":"full","level":"info","message":"Dashboard Request","queryRestaurantId":null,"restaurantId":9,"role":"ADMIN","timestamp":"2026-08-20 15:46:38","userId":52}
{"endpoint":"full","level":"info","message":"Dashboard Request","queryRestaurantId":null,"restaurantId":9,"role":"ADMIN","timestamp":"2026-08-20 15:47:11","userId":52}
{"endpoint":"full","level":"info","message":"Dashboard Request","queryRestaurantId":null,"restaurantId":9,"role":"ADMIN","timestamp":"2026-08-20 15:47:43","userId":52}
{"endpoint":"full","level":"info","message":"Dashboard Request","queryRestaurantId":null,"restaurantId":9,"role":"ADMIN","timestamp":"2026-08-20 15:48:14","userId":52}
{"endpoint":"full","level":"info","message":"Dashboard Request","queryRestaurantId":null,"restaurantId":9,"role":"ADMIN","timestamp":"2026-08-20 15:48:47","userId":52}
{"endpoint":"full","level":"info","message":"Dashboard Request","queryRestaurantId":null,"restaurantId":9,"role":"ADMIN","timestamp":"2026-08-20 16:19:28","userId":52}
{"level":"warn","message":"Access denied","method":"GET","path":"/api/users","requiredRoles":["ADMIN","MANAGER","SUPER_ADMIN"],"role":"CASHIER","timestamp":"2026-08-20 16:21:01","userId":939}
{"level":"warn","message":"Access denied","method":"PUT","path":"/api/tables/371/status","requiredRoles":["ADMIN","MANAGER","WAITER"],"role":"CASHIER","timestamp":"2026-08-20 16:21:16","userId":939}
{"level":"warn","message":"Access denied","method":"GET","path":"/api/users","requiredRoles":["ADMIN","MANAGER","SUPER_ADMIN"],"role":"CASHIER","timestamp":"2026-08-20 16:21:29","userId":939}
{"level":"warn","message":"Access denied","method":"PUT","path":"/api/tables/370/status","requiredRoles":["ADMIN","MANAGER","WAITER"],"role":"CASHIER","timestamp":"2026-08-20 16:21:54","userId":939}
{"level":"warn","message":"Access denied","method":"GET","path":"/api/users","requiredRoles":["ADMIN","MANAGER","SUPER_ADMIN"],"role":"CASHIER","timestamp":"2026-08-20 16:22:06","userId":939}
{"endpoint":"full","level":"info","message":"Dashboard Request","queryRestaurantId":null,"restaurantId":9,"role":"ADMIN","timestamp":"2026-08-20 16:25:33","userId":52}
{"level":"warn","message":"Access denied","method":"GET","path":"/api/users","requiredRoles":["ADMIN","MANAGER","SUPER_ADMIN"],"role":"WAITER","timestamp":"2026-08-20 16:26:50","userId":940}
{"level":"warn","message":"Access denied","method":"GET","path":"/api/users","requiredRoles":["ADMIN","MANAGER","SUPER_ADMIN"],"role":"WAITER","timestamp":"2026-08-20 16:27:04","userId":940}
{"endpoint":"full","level":"info","message":"Dashboard Request","queryRestaurantId":null,"restaurantId":2,"role":"ADMIN","timestamp":"2026-08-20 17:18:08","userId":47}
{"endpoint":"full","level":"info","message":"Dashboard Request","queryRestaurantId":null,"restaurantId":9,"role":"ADMIN","timestamp":"2026-08-20 17:35:50","userId":52}
{"endpoint":"full","level":"info","message":"Dashboard Request","queryRestaurantId":null,"restaurantId":9,"role":"ADMIN","timestamp":"2026-08-20 18:00:01","userId":52}
{"endpoint":"full","level":"info","message":"Dashboard Request","queryRestaurantId":null,"restaurantId":9,"role":"ADMIN","timestamp":"2026-08-20 18:00:31","userId":52}
{"endpoint":"full","level":"info","message":"Dashboard Request","queryRestaurantId":null,"restaurantId":9,"role":"ADMIN","timestamp":"2026-08-20 18:07:34","userId":52}
{"endpoint":"full","level":"info","message":"Dashboard Request","queryRestaurantId":null,"restaurantId":9,"role":"ADMIN","timestamp":"2026-08-20 18:42:08","userId":52}
{"endpoint":"full","level":"info","message":"Dashboard Request","queryRestaurantId":null,"restaurantId":9,"role":"ADMIN","timestamp":"2026-08-20 18:58:11","userId":52}
{"endpoint":"full","level":"info","message":"Dashboard Request","queryRestaurantId":null,"restaurantId":9,"role":"ADMIN","timestamp":"2026-08-20 19:00:54","userId":52}
{"endpoint":"full","level":"info","message":"Dashboard Request","queryRestaurantId":null,"restaurantId":9,"role":"ADMIN","timestamp":"2026-08-20 19:07:28","userId":52}
{"endpoint":"full","level":"info","message":"Dashboard Request","queryRestaurantId":null,"restaurantId":9,"role":"ADMIN","timestamp":"2026-08-20 19:07:58","userId":52}
{"endpoint":"full","level":"info","message":"Dashboard Request","queryRestaurantId":null,"restaurantId":9,"role":"ADMIN","timestamp":"2026-08-20 19:08:29","userId":52}
{"endpoint":"full","level":"info","message":"Dashboard Request","queryRestaurantId":null,"restaurantId":9,"role":"ADMIN","timestamp":"2026-08-20 19:09:00","userId":52}
{"endpoint":"full","level":"info","message":"Dashboard Request","queryRestaurantId":null,"restaurantId":9,"role":"ADMIN","timestamp":"2026-08-20 19:09:32","userId":52}
{"endpoint":"full","level":"info","message":"Dashboard Request","queryRestaurantId":null,"restaurantId":9,"role":"ADMIN","timestamp":"2026-08-20 19:09:54","userId":52}
{"endpoint":"full","level":"info","message":"Dashboard Request","queryRestaurantId":null,"restaurantId":1,"role":"ADMIN","timestamp":"2026-08-20 19:10:36","userId":31}
{"endpoint":"full","level":"info","message":"Dashboard Request","queryRestaurantId":null,"restaurantId":1,"role":"ADMIN","timestamp":"2026-08-20 19:17:52","userId":31}
{"endpoint":"full","level":"info","message":"Dashboard Request","queryRestaurantId":null,"restaurantId":1,"role":"ADMIN","timestamp":"2026-08-20 19:18:22","userId":31}
{"endpoint":"full","level":"info","message":"Dashboard Request","queryRestaurantId":null,"restaurantId":9,"role":"ADMIN","timestamp":"2026-08-20 19:18:51","userId":52}
{"endpoint":"full","level":"info","message":"Dashboard Request","queryRestaurantId":null,"restaurantId":9,"role":"ADMIN","timestamp":"2026-08-20 19:19:11","userId":52}
{"endpoint":"full","level":"info","message":"Dashboard Request","queryRestaurantId":null,"restaurantId":1,"role":"ADMIN","timestamp":"2026-08-20 19:19:31","userId":31}
{"endpoint":"full","level":"info","message":"Dashboard Request","queryRestaurantId":null,"restaurantId":1,"role":"ADMIN","timestamp":"2026-08-20 19:20:05","userId":31}
{"endpoint":"full","level":"info","message":"Dashboard Request","queryRestaurantId":null,"restaurantId":1,"role":"ADMIN","timestamp":"2026-08-21 11:34:13","userId":31}
{"endpoint":"full","level":"info","message":"Dashboard Request","queryRestaurantId":null,"restaurantId":1,"role":"ADMIN","timestamp":"2026-08-21 11:38:29","userId":31}
{"endpoint":"full","level":"info","message":"Dashboard Request","queryRestaurantId":null,"restaurantId":1,"role":"ADMIN","timestamp":"2026-08-21 11:38:59","userId":31}
{"endpoint":"full","level":"info","message":"Dashboard Request","queryRestaurantId":null,"restaurantId":1,"role":"ADMIN","timestamp":"2026-08-21 11:39:29","userId":31}
{"endpoint":"full","level":"info","message":"Dashboard Request","queryRestaurantId":null,"restaurantId":1,"role":"ADMIN","timestamp":"2026-08-21 11:40:00","userId":31}
{"endpoint":"full","level":"info","message":"Dashboard Request","queryRestaurantId":null,"restaurantId":1,"role":"ADMIN","timestamp":"2026-08-21 11:40:30","userId":31}
{"endpoint":"full","level":"info","message":"Dashboard Request","queryRestaurantId":null,"restaurantId":1,"role":"ADMIN","timestamp":"2026-08-21 11:41:03","userId":31}
{"endpoint":"full","level":"info","message":"Dashboard Request","queryRestaurantId":null,"restaurantId":1,"role":"ADMIN","timestamp":"2026-08-21 11:41:36","userId":31}
{"endpoint":"full","level":"info","message":"Dashboard Request","queryRestaurantId":null,"restaurantId":1,"role":"ADMIN","timestamp":"2026-08-21 11:42:09","userId":31}
{"endpoint":"full","level":"info","message":"Dashboard Request","queryRestaurantId":null,"restaurantId":1,"role":"ADMIN","timestamp":"2026-08-21 11:42:40","userId":31}
{"endpoint":"full","level":"info","message":"Dashboard Request","queryRestaurantId":null,"restaurantId":1,"role":"ADMIN","timestamp":"2026-08-21 11:43:10","userId":31}
{"endpoint":"full","level":"info","message":"Dashboard Request","queryRestaurantId":null,"restaurantId":1,"role":"ADMIN","timestamp":"2026-08-21 11:43:40","userId":31}
{"endpoint":"full","level":"info","message":"Dashboard Request","queryRestaurantId":null,"restaurantId":1,"role":"ADMIN","timestamp":"2026-08-21 11:44:12","userId":31}
{"endpoint":"full","level":"info","message":"Dashboard Request","queryRestaurantId":null,"restaurantId":1,"role":"ADMIN","timestamp":"2026-08-21 11:44:27","userId":31}
{"endpoint":"full","level":"info","message":"Dashboard Request","queryRestaurantId":null,"restaurantId":1,"role":"ADMIN","timestamp":"2026-08-21 11:44:58","userId":31}
{"endpoint":"full","level":"info","message":"Dashboard Request","queryRestaurantId":null,"restaurantId":1,"role":"ADMIN","timestamp":"2026-08-21 11:45:29","userId":31}
{"endpoint":"full","level":"info","message":"Dashboard Request","queryRestaurantId":null,"restaurantId":1,"role":"ADMIN","timestamp":"2026-08-21 11:46:02","userId":31}
{"endpoint":"full","level":"info","message":"Dashboard Request","queryRestaurantId":null,"restaurantId":1,"role":"ADMIN","timestamp":"2026-08-21 11:46:34","userId":31}
{"endpoint":"full","level":"info","message":"Dashboard Request","queryRestaurantId":null,"restaurantId":1,"role":"ADMIN","timestamp":"2026-08-21 11:47:05","userId":31}
{"endpoint":"full","level":"info","message":"Dashboard Request","queryRestaurantId":null,"restaurantId":1,"role":"ADMIN","timestamp":"2026-08-21 11:47:38","userId":31}
{"endpoint":"full","level":"info","message":"Dashboard Request","queryRestaurantId":null,"restaurantId":1,"role":"ADMIN","timestamp":"2026-08-21 11:48:08","userId":31}
{"endpoint":"full","level":"info","message":"Dashboard Request","queryRestaurantId":null,"restaurantId":1,"role":"ADMIN","timestamp":"2026-08-21 11:48:39","userId":31}
{"endpoint":"full","level":"info","message":"Dashboard Request","queryRestaurantId":null,"restaurantId":1,"role":"ADMIN","timestamp":"2026-08-21 11:49:09","userId":31}
{"endpoint":"full","level":"info","message":"Dashboard Request","queryRestaurantId":null,"restaurantId":1,"role":"ADMIN","timestamp":"2026-08-21 11:49:39","userId":31}
{"endpoint":"full","level":"info","message":"Dashboard Request","queryRestaurantId":null,"restaurantId":1,"role":"ADMIN","timestamp":"2026-08-21 11:50:10","userId":31}
{"endpoint":"full","level":"info","message":"Dashboard Request","queryRestaurantId":null,"restaurantId":1,"role":"ADMIN","timestamp":"2026-08-21 11:50:42","userId":31}
{"endpoint":"full","level":"info","message":"Dashboard Request","queryRestaurantId":null,"restaurantId":1,"role":"ADMIN","timestamp":"2026-08-21 11:51:12","userId":31}
{"endpoint":"full","level":"info","message":"Dashboard Request","queryRestaurantId":null,"restaurantId":1,"role":"ADMIN","timestamp":"2026-08-21 11:51:43","userId":31}
{"endpoint":"full","level":"info","message":"Dashboard Request","queryRestaurantId":null,"restaurantId":1,"role":"ADMIN","timestamp":"2026-08-21 11:52:13","userId":31}
{"endpoint":"full","level":"info","message":"Dashboard Request","queryRestaurantId":null,"restaurantId":1,"role":"ADMIN","timestamp":"2026-08-21 11:52:44","userId":31}
{"endpoint":"full","level":"info","message":"Dashboard Request","queryRestaurantId":null,"restaurantId":1,"role":"ADMIN","timestamp":"2026-08-21 11:53:15","userId":31}
{"endpoint":"full","level":"info","message":"Dashboard Request","queryRestaurantId":null,"restaurantId":1,"role":"ADMIN","timestamp":"2026-08-21 11:53:48","userId":31}
{"endpoint":"full","level":"info","message":"Dashboard Request","queryRestaurantId":null,"restaurantId":1,"role":"ADMIN","timestamp":"2026-08-21 11:54:19","userId":31}
{"endpoint":"full","level":"info","message":"Dashboard Request","queryRestaurantId":null,"restaurantId":1,"role":"ADMIN","timestamp":"2026-08-21 11:54:52","userId":31}
{"endpoint":"full","level":"info","message":"Dashboard Request","queryRestaurantId":null,"restaurantId":1,"role":"ADMIN","timestamp":"2026-08-21 11:55:25","userId":31}
{"endpoint":"full","level":"info","message":"Dashboard Request","queryRestaurantId":null,"restaurantId":1,"role":"ADMIN","timestamp":"2026-08-21 11:56:22","userId":31}
{"endpoint":"full","level":"info","message":"Dashboard Request","queryRestaurantId":null,"restaurantId":1,"role":"ADMIN","timestamp":"2026-08-21 11:56:52","userId":31}
{"endpoint":"full","level":"info","message":"Dashboard Request","queryRestaurantId":null,"restaurantId":1,"role":"ADMIN","timestamp":"2026-08-21 11:57:25","userId":31}
{"endpoint":"full","level":"info","message":"Dashboard Request","queryRestaurantId":null,"restaurantId":1,"role":"ADMIN","timestamp":"2026-08-21 11:57:58","userId":31}
{"endpoint":"full","level":"info","message":"Dashboard Request","queryRestaurantId":null,"restaurantId":1,"role":"ADMIN","timestamp":"2026-08-21 11:58:28","userId":31}
{"endpoint":"full","level":"info","message":"Dashboard Request","queryRestaurantId":null,"restaurantId":1,"role":"ADMIN","timestamp":"2026-08-21 11:59:02","userId":31}
{"endpoint":"full","level":"info","message":"Dashboard Request","queryRestaurantId":null,"restaurantId":1,"role":"ADMIN","timestamp":"2026-08-21 11:59:32","userId":31}
{"endpoint":"full","level":"info","message":"Dashboard Request","queryRestaurantId":null,"restaurantId":1,"role":"ADMIN","timestamp":"2026-08-21 12:00:05","userId":31}
{"endpoint":"full","level":"info","message":"Dashboard Request","queryRestaurantId":null,"restaurantId":1,"role":"ADMIN","timestamp":"2026-08-21 12:00:37","userId":31}
{"endpoint":"full","level":"info","message":"Dashboard Request","queryRestaurantId":null,"restaurantId":1,"role":"ADMIN","timestamp":"2026-08-21 12:01:11","userId":31}
{"endpoint":"full","level":"info","message":"Dashboard Request","queryRestaurantId":null,"restaurantId":1,"role":"ADMIN","timestamp":"2026-08-21 12:01:41","userId":31}
{"endpoint":"full","level":"info","message":"Dashboard Request","queryRestaurantId":null,"restaurantId":1,"role":"ADMIN","timestamp":"2026-08-21 12:02:13","userId":31}
{"endpoint":"full","level":"info","message":"Dashboard Request","queryRestaurantId":null,"restaurantId":1,"role":"ADMIN","timestamp":"2026-08-21 12:02:46","userId":31}
{"endpoint":"full","level":"info","message":"Dashboard Request","queryRestaurantId":null,"restaurantId":1,"role":"ADMIN","timestamp":"2026-08-21 12:03:17","userId":31}
{"endpoint":"full","level":"info","message":"Dashboard Request","queryRestaurantId":null,"restaurantId":1,"role":"ADMIN","timestamp":"2026-08-21 12:03:50","userId":31}
{"endpoint":"full","level":"info","message":"Dashboard Request","queryRestaurantId":null,"restaurantId":1,"role":"ADMIN","timestamp":"2026-08-21 12:04:23","userId":31}
{"endpoint":"full","level":"info","message":"Dashboard Request","queryRestaurantId":null,"restaurantId":1,"role":"ADMIN","timestamp":"2026-08-21 12:04:56","userId":31}
{"endpoint":"full","level":"info","message":"Dashboard Request","queryRestaurantId":null,"restaurantId":1,"role":"ADMIN","timestamp":"2026-08-21 12:05:29","userId":31}
{"endpoint":"full","level":"info","message":"Dashboard Request","queryRestaurantId":null,"restaurantId":1,"role":"ADMIN","timestamp":"2026-08-21 12:06:02","userId":31}
{"endpoint":"full","level":"info","message":"Dashboard Request","queryRestaurantId":null,"restaurantId":1,"role":"ADMIN","timestamp":"2026-08-21 12:06:35","userId":31}
{"endpoint":"full","level":"info","message":"Dashboard Request","queryRestaurantId":null,"restaurantId":1,"role":"ADMIN","timestamp":"2026-08-21 12:07:06","userId":31}
{"endpoint":"full","level":"info","message":"Dashboard Request","queryRestaurantId":null,"restaurantId":1,"role":"ADMIN","timestamp":"2026-08-21 12:07:38","userId":31}
{"endpoint":"full","level":"info","message":"Dashboard Request","queryRestaurantId":null,"restaurantId":1,"role":"ADMIN","timestamp":"2026-08-21 12:08:11","userId":31}
{"endpoint":"full","level":"info","message":"Dashboard Request","queryRestaurantId":null,"restaurantId":1,"role":"ADMIN","timestamp":"2026-08-21 12:08:42","userId":31}
{"endpoint":"full","level":"info","message":"Dashboard Request","queryRestaurantId":null,"restaurantId":1,"role":"ADMIN","timestamp":"2026-08-21 12:09:15","userId":31}
{"endpoint":"full","level":"info","message":"Dashboard Request","queryRestaurantId":null,"restaurantId":1,"role":"ADMIN","timestamp":"2026-08-21 12:09:48","userId":31}
{"endpoint":"full","level":"info","message":"Dashboard Request","queryRestaurantId":null,"restaurantId":1,"role":"ADMIN","timestamp":"2026-08-21 12:10:21","userId":31}
{"endpoint":"full","level":"info","message":"Dashboard Request","queryRestaurantId":null,"restaurantId":1,"role":"ADMIN","timestamp":"2026-08-21 12:10:54","userId":31}
{"endpoint":"full","level":"info","message":"Dashboard Request","queryRestaurantId":null,"restaurantId":1,"role":"ADMIN","timestamp":"2026-08-21 12:11:27","userId":31}
{"endpoint":"full","level":"info","message":"Dashboard Request","queryRestaurantId":null,"restaurantId":1,"role":"ADMIN","timestamp":"2026-08-21 12:12:00","userId":31}
{"endpoint":"full","level":"info","message":"Dashboard Request","queryRestaurantId":null,"restaurantId":1,"role":"ADMIN","timestamp":"2026-08-21 12:12:33","userId":31}
{"endpoint":"full","level":"info","message":"Dashboard Request","queryRestaurantId":null,"restaurantId":1,"role":"ADMIN","timestamp":"2026-08-21 12:13:03","userId":31}
{"endpoint":"full","level":"info","message":"Dashboard Request","queryRestaurantId":null,"restaurantId":1,"role":"ADMIN","timestamp":"2026-08-21 12:13:36","userId":31}
{"endpoint":"full","level":"info","message":"Dashboard Request","queryRestaurantId":null,"restaurantId":1,"role":"ADMIN","timestamp":"2026-08-21 12:14:09","userId":31}
{"endpoint":"full","level":"info","message":"Dashboard Request","queryRestaurantId":null,"restaurantId":1,"role":"ADMIN","timestamp":"2026-08-21 12:14:41","userId":31}
{"endpoint":"full","level":"info","message":"Dashboard Request","queryRestaurantId":null,"restaurantId":1,"role":"ADMIN","timestamp":"2026-08-21 12:15:14","userId":31}
{"endpoint":"full","level":"info","message":"Dashboard Request","queryRestaurantId":null,"restaurantId":1,"role":"ADMIN","timestamp":"2026-08-21 12:15:47","userId":31}
{"endpoint":"full","level":"info","message":"Dashboard Request","queryRestaurantId":null,"restaurantId":1,"role":"ADMIN","timestamp":"2026-08-21 12:16:21","userId":31}
{"endpoint":"full","level":"info","message":"Dashboard Request","queryRestaurantId":null,"restaurantId":1,"role":"ADMIN","timestamp":"2026-08-21 12:16:53","userId":31}
{"endpoint":"full","level":"info","message":"Dashboard Request","queryRestaurantId":null,"restaurantId":1,"role":"ADMIN","timestamp":"2026-08-21 12:17:27","userId":31}
{"endpoint":"full","level":"info","message":"Dashboard Request","queryRestaurantId":null,"restaurantId":1,"role":"ADMIN","timestamp":"2026-08-21 12:17:57","userId":31}
{"endpoint":"full","level":"info","message":"Dashboard Request","queryRestaurantId":null,"restaurantId":1,"role":"ADMIN","timestamp":"2026-08-21 12:18:30","userId":31}
{"endpoint":"full","level":"info","message":"Dashboard Request","queryRestaurantId":null,"restaurantId":1,"role":"ADMIN","timestamp":"2026-08-21 12:19:03","userId":31}
{"endpoint":"full","level":"info","message":"Dashboard Request","queryRestaurantId":null,"restaurantId":1,"role":"ADMIN","timestamp":"2026-08-21 12:19:33","userId":31}
{"endpoint":"full","level":"info","message":"Dashboard Request","queryRestaurantId":null,"restaurantId":1,"role":"ADMIN","timestamp":"2026-08-21 12:20:05","userId":31}
{"endpoint":"full","level":"info","message":"Dashboard Request","queryRestaurantId":null,"restaurantId":1,"role":"ADMIN","timestamp":"2026-08-21 12:20:38","userId":31}
{"endpoint":"full","level":"info","message":"Dashboard Request","queryRestaurantId":null,"restaurantId":1,"role":"ADMIN","timestamp":"2026-08-21 12:21:11","userId":31}
{"endpoint":"full","level":"info","message":"Dashboard Request","queryRestaurantId":null,"restaurantId":1,"role":"ADMIN","timestamp":"2026-08-21 12:21:44","userId":31}
{"endpoint":"full","level":"info","message":"Dashboard Request","queryRestaurantId":null,"restaurantId":1,"role":"ADMIN","timestamp":"2026-08-21 12:22:14","userId":31}
{"endpoint":"full","level":"info","message":"Dashboard Request","queryRestaurantId":null,"restaurantId":1,"role":"ADMIN","timestamp":"2026-08-21 12:22:47","userId":31}
{"endpoint":"full","level":"info","message":"Dashboard Request","queryRestaurantId":null,"restaurantId":1,"role":"ADMIN","timestamp":"2026-08-21 12:23:20","userId":31}
{"endpoint":"full","level":"info","message":"Dashboard Request","queryRestaurantId":null,"restaurantId":1,"role":"ADMIN","timestamp":"2026-08-21 12:23:52","userId":31}
{"endpoint":"full","level":"info","message":"Dashboard Request","queryRestaurantId":null,"restaurantId":1,"role":"ADMIN","timestamp":"2026-08-21 12:24:25","userId":31}
{"endpoint":"full","level":"info","message":"Dashboard Request","queryRestaurantId":null,"restaurantId":1,"role":"ADMIN","timestamp":"2026-08-21 12:24:58","userId":31}
{"endpoint":"full","level":"info","message":"Dashboard Request","queryRestaurantId":null,"restaurantId":1,"role":"ADMIN","timestamp":"2026-08-21 12:25:30","userId":31}
{"endpoint":"full","level":"info","message":"Dashboard Request","queryRestaurantId":null,"restaurantId":1,"role":"ADMIN","timestamp":"2026-08-21 12:26:03","userId":31}
{"endpoint":"full","level":"info","message":"Dashboard Request","queryRestaurantId":null,"restaurantId":1,"role":"ADMIN","timestamp":"2026-08-21 12:26:36","userId":31}
{"endpoint":"full","level":"info","message":"Dashboard Request","queryRestaurantId":null,"restaurantId":1,"role":"ADMIN","timestamp":"2026-08-21 12:27:09","userId":31}
{"endpoint":"full","level":"info","message":"Dashboard Request","queryRestaurantId":null,"restaurantId":1,"role":"ADMIN","timestamp":"2026-08-21 12:27:42","userId":31}
{"endpoint":"full","level":"info","message":"Dashboard Request","queryRestaurantId":null,"restaurantId":1,"role":"ADMIN","timestamp":"2026-08-21 12:28:15","userId":31}
{"endpoint":"full","level":"info","message":"Dashboard Request","queryRestaurantId":null,"restaurantId":1,"role":"ADMIN","timestamp":"2026-08-21 12:28:48","userId":31}
{"endpoint":"full","level":"info","message":"Dashboard Request","queryRestaurantId":null,"restaurantId":1,"role":"ADMIN","timestamp":"2026-08-21 12:29:21","userId":31}
{"endpoint":"full","level":"info","message":"Dashboard Request","queryRestaurantId":null,"restaurantId":1,"role":"ADMIN","timestamp":"2026-08-21 12:29:54","userId":31}
{"endpoint":"full","level":"info","message":"Dashboard Request","queryRestaurantId":null,"restaurantId":1,"role":"ADMIN","timestamp":"2026-08-21 12:30:27","userId":31}
{"endpoint":"full","level":"info","message":"Dashboard Request","queryRestaurantId":null,"restaurantId":1,"role":"ADMIN","timestamp":"2026-08-21 12:30:59","userId":31}
{"endpoint":"full","level":"info","message":"Dashboard Request","queryRestaurantId":null,"restaurantId":1,"role":"ADMIN","timestamp":"2026-08-21 12:31:29","userId":31}
{"endpoint":"full","level":"info","message":"Dashboard Request","queryRestaurantId":null,"restaurantId":1,"role":"ADMIN","timestamp":"2026-08-21 12:32:02","userId":31}
{"endpoint":"full","level":"info","message":"Dashboard Request","queryRestaurantId":null,"restaurantId":1,"role":"ADMIN","timestamp":"2026-08-21 12:32:32","userId":31}
{"endpoint":"full","level":"info","message":"Dashboard Request","queryRestaurantId":null,"restaurantId":1,"role":"ADMIN","timestamp":"2026-08-21 12:33:05","userId":31}
{"endpoint":"full","level":"info","message":"Dashboard Request","queryRestaurantId":null,"restaurantId":1,"role":"ADMIN","timestamp":"2026-08-21 12:33:38","userId":31}
{"endpoint":"full","level":"info","message":"Dashboard Request","queryRestaurantId":null,"restaurantId":1,"role":"ADMIN","timestamp":"2026-08-21 12:34:11","userId":31}
{"endpoint":"full","level":"info","message":"Dashboard Request","queryRestaurantId":null,"restaurantId":1,"role":"ADMIN","timestamp":"2026-08-21 12:34:43","userId":31}
{"endpoint":"full","level":"info","message":"Dashboard Request","queryRestaurantId":null,"restaurantId":1,"role":"ADMIN","timestamp":"2026-08-21 12:35:16","userId":31}
{"endpoint":"full","level":"info","message":"Dashboard Request","queryRestaurantId":null,"restaurantId":1,"role":"ADMIN","timestamp":"2026-08-21 12:35:49","userId":31}
{"endpoint":"full","level":"info","message":"Dashboard Request","queryRestaurantId":null,"restaurantId":1,"role":"ADMIN","timestamp":"2026-08-21 12:36:22","userId":31}
{"endpoint":"full","level":"info","message":"Dashboard Request","queryRestaurantId":null,"restaurantId":1,"role":"ADMIN","timestamp":"2026-08-21 12:36:55","userId":31}
{"endpoint":"full","level":"info","message":"Dashboard Request","queryRestaurantId":null,"restaurantId":1,"role":"ADMIN","timestamp":"2026-08-21 12:37:25","userId":31}
{"endpoint":"full","level":"info","message":"Dashboard Request","queryRestaurantId":null,"restaurantId":1,"role":"ADMIN","timestamp":"2026-08-21 12:37:58","userId":31}
{"endpoint":"full","level":"info","message":"Dashboard Request","queryRestaurantId":null,"restaurantId":1,"role":"ADMIN","timestamp":"2026-08-21 12:38:30","userId":31}
{"endpoint":"full","level":"info","message":"Dashboard Request","queryRestaurantId":null,"restaurantId":1,"role":"ADMIN","timestamp":"2026-08-21 12:39:03","userId":31}
{"endpoint":"full","level":"info","message":"Dashboard Request","queryRestaurantId":null,"restaurantId":1,"role":"ADMIN","timestamp":"2026-08-21 12:39:37","userId":31}
{"endpoint":"full","level":"info","message":"Dashboard Request","queryRestaurantId":null,"restaurantId":1,"role":"ADMIN","timestamp":"2026-08-21 12:40:09","userId":31}
{"endpoint":"full","level":"info","message":"Dashboard Request","queryRestaurantId":null,"restaurantId":1,"role":"ADMIN","timestamp":"2026-08-21 12:40:42","userId":31}
{"endpoint":"full","level":"info","message":"Dashboard Request","queryRestaurantId":null,"restaurantId":1,"role":"ADMIN","timestamp":"2026-08-21 12:41:15","userId":31}
{"endpoint":"full","level":"info","message":"Dashboard Request","queryRestaurantId":null,"restaurantId":1,"role":"ADMIN","timestamp":"2026-08-21 12:41:47","userId":31}
{"endpoint":"full","level":"info","message":"Dashboard Request","queryRestaurantId":null,"restaurantId":1,"role":"ADMIN","timestamp":"2026-08-21 12:42:20","userId":31}
{"endpoint":"full","level":"info","message":"Dashboard Request","queryRestaurantId":null,"restaurantId":1,"role":"ADMIN","timestamp":"2026-08-21 12:42:50","userId":31}
{"endpoint":"full","level":"info","message":"Dashboard Request","queryRestaurantId":null,"restaurantId":1,"role":"ADMIN","timestamp":"2026-08-21 12:43:24","userId":31}
{"endpoint":"full","level":"info","message":"Dashboard Request","queryRestaurantId":null,"restaurantId":1,"role":"ADMIN","timestamp":"2026-08-21 12:43:56","userId":31}
{"endpoint":"full","level":"info","message":"Dashboard Request","queryRestaurantId":null,"restaurantId":1,"role":"ADMIN","timestamp":"2026-08-21 12:44:26","userId":31}
{"endpoint":"full","level":"info","message":"Dashboard Request","queryRestaurantId":null,"restaurantId":1,"role":"ADMIN","timestamp":"2026-08-21 12:44:59","userId":31}
{"endpoint":"full","level":"info","message":"Dashboard Request","queryRestaurantId":null,"restaurantId":1,"role":"ADMIN","timestamp":"2026-08-21 12:45:32","userId":31}
{"endpoint":"full","level":"info","message":"Dashboard Request","queryRestaurantId":null,"restaurantId":1,"role":"ADMIN","timestamp":"2026-08-21 12:46:04","userId":31}
{"endpoint":"full","level":"info","message":"Dashboard Request","queryRestaurantId":null,"restaurantId":1,"role":"ADMIN","timestamp":"2026-08-21 12:46:38","userId":31}
{"endpoint":"full","level":"info","message":"Dashboard Request","queryRestaurantId":null,"restaurantId":1,"role":"ADMIN","timestamp":"2026-08-21 12:47:11","userId":31}
{"endpoint":"full","level":"info","message":"Dashboard Request","queryRestaurantId":null,"restaurantId":1,"role":"ADMIN","timestamp":"2026-08-21 12:47:43","userId":31}
{"endpoint":"full","level":"info","message":"Dashboard Request","queryRestaurantId":null,"restaurantId":1,"role":"ADMIN","timestamp":"2026-08-21 12:48:17","userId":31}
{"endpoint":"full","level":"info","message":"Dashboard Request","queryRestaurantId":null,"restaurantId":1,"role":"ADMIN","timestamp":"2026-08-21 12:48:50","userId":31}
{"endpoint":"full","level":"info","message":"Dashboard Request","queryRestaurantId":null,"restaurantId":1,"role":"ADMIN","timestamp":"2026-08-21 12:49:20","userId":31}
{"endpoint":"full","level":"info","message":"Dashboard Request","queryRestaurantId":null,"restaurantId":1,"role":"ADMIN","timestamp":"2026-08-21 12:49:50","userId":31}
{"endpoint":"full","level":"info","message":"Dashboard Request","queryRestaurantId":null,"restaurantId":1,"role":"ADMIN","timestamp":"2026-08-21 12:50:24","userId":31}
{"endpoint":"full","level":"info","message":"Dashboard Request","queryRestaurantId":null,"restaurantId":1,"role":"ADMIN","timestamp":"2026-08-21 12:50:55","userId":31}
{"endpoint":"full","level":"info","message":"Dashboard Request","queryRestaurantId":null,"restaurantId":1,"role":"ADMIN","timestamp":"2026-08-21 12:51:28","userId":31}
{"endpoint":"full","level":"info","message":"Dashboard Request","queryRestaurantId":null,"restaurantId":1,"role":"ADMIN","timestamp":"2026-08-21 12:52:01","userId":31}
{"endpoint":"full","level":"info","message":"Dashboard Request","queryRestaurantId":null,"restaurantId":1,"role":"ADMIN","timestamp":"2026-08-21 12:52:34","userId":31}
{"endpoint":"full","level":"info","message":"Dashboard Request","queryRestaurantId":null,"restaurantId":1,"role":"ADMIN","timestamp":"2026-08-21 12:53:04","userId":31}
{"endpoint":"full","level":"info","message":"Dashboard Request","queryRestaurantId":null,"restaurantId":1,"role":"ADMIN","timestamp":"2026-08-21 12:53:38","userId":31}
{"endpoint":"full","level":"info","message":"Dashboard Request","queryRestaurantId":null,"restaurantId":1,"role":"ADMIN","timestamp":"2026-08-21 12:54:08","userId":31}
{"endpoint":"full","level":"info","message":"Dashboard Request","queryRestaurantId":null,"restaurantId":1,"role":"ADMIN","timestamp":"2026-08-21 12:54:42","userId":31}
{"endpoint":"full","level":"info","message":"Dashboard Request","queryRestaurantId":null,"restaurantId":1,"role":"ADMIN","timestamp":"2026-08-21 12:55:14","userId":31}
{"endpoint":"full","level":"info","message":"Dashboard Request","queryRestaurantId":null,"restaurantId":1,"role":"ADMIN","timestamp":"2026-08-21 12:55:47","userId":31}
{"endpoint":"full","level":"info","message":"Dashboard Request","queryRestaurantId":null,"restaurantId":1,"role":"ADMIN","timestamp":"2026-08-21 12:56:20","userId":31}
{"endpoint":"full","level":"info","message":"Dashboard Request","queryRestaurantId":null,"restaurantId":1,"role":"ADMIN","timestamp":"2026-08-21 12:56:53","userId":31}
{"endpoint":"full","level":"info","message":"Dashboard Request","queryRestaurantId":null,"restaurantId":1,"role":"ADMIN","timestamp":"2026-08-21 12:57:26","userId":31}
{"endpoint":"full","level":"info","message":"Dashboard Request","queryRestaurantId":null,"restaurantId":1,"role":"ADMIN","timestamp":"2026-08-21 12:57:59","userId":31}
{"endpoint":"full","level":"info","message":"Dashboard Request","queryRestaurantId":null,"restaurantId":1,"role":"ADMIN","timestamp":"2026-08-21 12:58:29","userId":31}
{"endpoint":"full","level":"info","message":"Dashboard Request","queryRestaurantId":null,"restaurantId":1,"role":"ADMIN","timestamp":"2026-08-21 12:59:00","userId":31}
{"endpoint":"full","level":"info","message":"Dashboard Request","queryRestaurantId":null,"restaurantId":1,"role":"ADMIN","timestamp":"2026-08-21 12:59:33","userId":31}
{"endpoint":"full","level":"info","message":"Dashboard Request","queryRestaurantId":null,"restaurantId":1,"role":"ADMIN","timestamp":"2026-08-21 13:00:06","userId":31}
{"endpoint":"full","level":"info","message":"Dashboard Request","queryRestaurantId":null,"restaurantId":1,"role":"ADMIN","timestamp":"2026-08-21 13:00:36","userId":31}
{"endpoint":"full","level":"info","message":"Dashboard Request","queryRestaurantId":null,"restaurantId":1,"role":"ADMIN","timestamp":"2026-08-21 13:01:08","userId":31}
{"endpoint":"full","level":"info","message":"Dashboard Request","queryRestaurantId":null,"restaurantId":1,"role":"ADMIN","timestamp":"2026-08-21 13:01:41","userId":31}
{"endpoint":"full","level":"info","message":"Dashboard Request","queryRestaurantId":null,"restaurantId":1,"role":"ADMIN","timestamp":"2026-08-21 13:02:13","userId":31}
{"endpoint":"full","level":"info","message":"Dashboard Request","queryRestaurantId":null,"restaurantId":1,"role":"ADMIN","timestamp":"2026-08-21 13:02:46","userId":31}
{"endpoint":"full","level":"info","message":"Dashboard Request","queryRestaurantId":null,"restaurantId":1,"role":"ADMIN","timestamp":"2026-08-21 13:03:16","userId":31}
{"endpoint":"full","level":"info","message":"Dashboard Request","queryRestaurantId":null,"restaurantId":1,"role":"ADMIN","timestamp":"2026-08-21 13:03:49","userId":31}
{"endpoint":"full","level":"info","message":"Dashboard Request","queryRestaurantId":null,"restaurantId":1,"role":"ADMIN","timestamp":"2026-08-21 13:04:22","userId":31}
{"endpoint":"full","level":"info","message":"Dashboard Request","queryRestaurantId":null,"restaurantId":1,"role":"ADMIN","timestamp":"2026-08-21 13:04:55","userId":31}
{"endpoint":"full","level":"info","message":"Dashboard Request","queryRestaurantId":null,"restaurantId":1,"role":"ADMIN","timestamp":"2026-08-21 13:05:28","userId":31}
{"endpoint":"full","level":"info","message":"Dashboard Request","queryRestaurantId":null,"restaurantId":1,"role":"ADMIN","timestamp":"2026-08-21 13:06:00","userId":31}
{"endpoint":"full","level":"info","message":"Dashboard Request","queryRestaurantId":null,"restaurantId":1,"role":"ADMIN","timestamp":"2026-08-21 13:06:33","userId":31}
{"endpoint":"full","level":"info","message":"Dashboard Request","queryRestaurantId":null,"restaurantId":1,"role":"ADMIN","timestamp":"2026-08-21 13:07:07","userId":31}
{"endpoint":"full","level":"info","message":"Dashboard Request","queryRestaurantId":null,"restaurantId":1,"role":"ADMIN","timestamp":"2026-08-21 13:07:39","userId":31}
{"endpoint":"full","level":"info","message":"Dashboard Request","queryRestaurantId":null,"restaurantId":1,"role":"ADMIN","timestamp":"2026-08-21 13:08:10","userId":31}
{"endpoint":"full","level":"info","message":"Dashboard Request","queryRestaurantId":null,"restaurantId":1,"role":"ADMIN","timestamp":"2026-08-21 13:08:43","userId":31}
{"endpoint":"full","level":"info","message":"Dashboard Request","queryRestaurantId":null,"restaurantId":1,"role":"ADMIN","timestamp":"2026-08-21 13:09:16","userId":31}
{"endpoint":"full","level":"info","message":"Dashboard Request","queryRestaurantId":null,"restaurantId":1,"role":"ADMIN","timestamp":"2026-08-21 13:09:49","userId":31}
{"endpoint":"full","level":"info","message":"Dashboard Request","queryRestaurantId":null,"restaurantId":1,"role":"ADMIN","timestamp":"2026-08-21 13:12:01","userId":31}
{"endpoint":"full","level":"info","message":"Dashboard Request","queryRestaurantId":null,"restaurantId":1,"role":"ADMIN","timestamp":"2026-08-21 13:12:31","userId":31}
{"endpoint":"full","level":"info","message":"Dashboard Request","queryRestaurantId":null,"restaurantId":1,"role":"ADMIN","timestamp":"2026-08-21 13:13:01","userId":31}
{"endpoint":"full","level":"info","message":"Dashboard Request","queryRestaurantId":null,"restaurantId":1,"role":"ADMIN","timestamp":"2026-08-21 13:13:31","userId":31}
{"endpoint":"full","level":"info","message":"Dashboard Request","queryRestaurantId":null,"restaurantId":1,"role":"ADMIN","timestamp":"2026-08-21 13:14:01","userId":31}
{"endpoint":"full","level":"info","message":"Dashboard Request","queryRestaurantId":null,"restaurantId":1,"role":"ADMIN","timestamp":"2026-08-21 13:14:33","userId":31}
{"endpoint":"full","level":"info","message":"Dashboard Request","queryRestaurantId":null,"restaurantId":1,"role":"ADMIN","timestamp":"2026-08-21 13:15:06","userId":31}
{"endpoint":"full","level":"info","message":"Dashboard Request","queryRestaurantId":null,"restaurantId":1,"role":"ADMIN","timestamp":"2026-08-21 13:15:38","userId":31}
{"endpoint":"full","level":"info","message":"Dashboard Request","queryRestaurantId":null,"restaurantId":1,"role":"ADMIN","timestamp":"2026-08-21 13:16:11","userId":31}
{"endpoint":"full","level":"info","message":"Dashboard Request","queryRestaurantId":null,"restaurantId":1,"role":"ADMIN","timestamp":"2026-08-21 13:16:44","userId":31}
{"endpoint":"full","level":"info","message":"Dashboard Request","queryRestaurantId":null,"restaurantId":1,"role":"ADMIN","timestamp":"2026-08-21 13:17:17","userId":31}
{"endpoint":"full","level":"info","message":"Dashboard Request","queryRestaurantId":null,"restaurantId":1,"role":"ADMIN","timestamp":"2026-08-21 13:17:50","userId":31}
{"endpoint":"full","level":"info","message":"Dashboard Request","queryRestaurantId":null,"restaurantId":1,"role":"ADMIN","timestamp":"2026-08-21 13:18:21","userId":31}
{"endpoint":"full","level":"info","message":"Dashboard Request","queryRestaurantId":null,"restaurantId":1,"role":"ADMIN","timestamp":"2026-08-21 13:18:52","userId":31}
{"endpoint":"full","level":"info","message":"Dashboard Request","queryRestaurantId":null,"restaurantId":1,"role":"ADMIN","timestamp":"2026-08-21 13:22:55","userId":31}
{"endpoint":"full","level":"info","message":"Dashboard Request","queryRestaurantId":null,"restaurantId":1,"role":"ADMIN","timestamp":"2026-08-21 13:23:25","userId":31}
{"endpoint":"full","level":"info","message":"Dashboard Request","queryRestaurantId":null,"restaurantId":1,"role":"ADMIN","timestamp":"2026-08-21 13:23:29","userId":31}
{"endpoint":"full","level":"info","message":"Dashboard Request","queryRestaurantId":null,"restaurantId":1,"role":"ADMIN","timestamp":"2026-08-21 13:24:00","userId":31}
{"endpoint":"full","level":"info","message":"Dashboard Request","queryRestaurantId":null,"restaurantId":1,"role":"ADMIN","timestamp":"2026-08-21 13:24:30","userId":31}
{"endpoint":"full","level":"info","message":"Dashboard Request","queryRestaurantId":null,"restaurantId":1,"role":"ADMIN","timestamp":"2026-08-21 13:25:03","userId":31}
{"endpoint":"full","level":"info","message":"Dashboard Request","queryRestaurantId":null,"restaurantId":1,"role":"ADMIN","timestamp":"2026-08-21 13:25:34","userId":31}
{"endpoint":"full","level":"info","message":"Dashboard Request","queryRestaurantId":null,"restaurantId":1,"role":"ADMIN","timestamp":"2026-08-21 13:25:39","userId":31}
{"endpoint":"full","level":"info","message":"Dashboard Request","queryRestaurantId":null,"restaurantId":1,"role":"ADMIN","timestamp":"2026-08-21 13:36:47","userId":31}
{"level":"warn","message":"Access denied","method":"GET","path":"/api/users","requiredRoles":["ADMIN","MANAGER","SUPER_ADMIN"],"role":"WAITER","timestamp":"2026-08-21 13:43:53","userId":940}
{"level":"warn","message":"Access denied","method":"GET","path":"/api/users","requiredRoles":["ADMIN","MANAGER","SUPER_ADMIN"],"role":"WAITER","timestamp":"2026-08-21 13:45:03","userId":940}
{"level":"warn","message":"Access denied","method":"GET","path":"/api/users","requiredRoles":["ADMIN","MANAGER","SUPER_ADMIN"],"role":"WAITER","timestamp":"2026-08-21 13:56:17","userId":940}
{"level":"warn","message":"Access denied","method":"GET","path":"/api/users","requiredRoles":["ADMIN","MANAGER","SUPER_ADMIN"],"role":"WAITER","timestamp":"2026-08-21 13:56:29","userId":940}
{"level":"warn","message":"Access denied","method":"GET","path":"/api/users","requiredRoles":["ADMIN","MANAGER","SUPER_ADMIN"],"role":"WAITER","timestamp":"2026-08-21 13:57:47","userId":940}
{"level":"warn","message":"Access denied","method":"GET","path":"/api/users","requiredRoles":["ADMIN","MANAGER","SUPER_ADMIN"],"role":"WAITER","timestamp":"2026-08-21 14:02:32","userId":940}
{"level":"warn","message":"Access denied","method":"GET","path":"/api/users","requiredRoles":["ADMIN","MANAGER","SUPER_ADMIN"],"role":"WAITER","timestamp":"2026-08-21 14:02:54","userId":940}
{"level":"warn","message":"Access denied","method":"GET","path":"/api/users","requiredRoles":["ADMIN","MANAGER","SUPER_ADMIN"],"role":"WAITER","timestamp":"2026-08-21 14:06:34","userId":940}
{"level":"warn","message":"Access denied","method":"GET","path":"/api/users","requiredRoles":["ADMIN","MANAGER","SUPER_ADMIN"],"role":"WAITER","timestamp":"2026-08-21 14:06:42","userId":940}
{"level":"warn","message":"Access denied","method":"GET","path":"/api/users","requiredRoles":["ADMIN","MANAGER","SUPER_ADMIN"],"role":"WAITER","timestamp":"2026-08-21 14:09:13","userId":940}
{"endpoint":"full","level":"info","message":"Dashboard Request","queryRestaurantId":null,"restaurantId":9,"role":"ADMIN","timestamp":"2026-08-21 14:09:31","userId":52}
{"level":"warn","message":"Access denied","method":"GET","path":"/api/users","requiredRoles":["ADMIN","MANAGER","SUPER_ADMIN"],"role":"CASHIER","timestamp":"2026-08-21 14:09:58","userId":939}
{"level":"warn","message":"Access denied","method":"GET","path":"/api/users","requiredRoles":["ADMIN","MANAGER","SUPER_ADMIN"],"role":"CASHIER","timestamp":"2026-08-21 14:10:01","userId":939}
{"level":"warn","message":"Access denied","method":"GET","path":"/api/users","requiredRoles":["ADMIN","MANAGER","SUPER_ADMIN"],"role":"CASHIER","timestamp":"2026-08-21 14:10:10","userId":939}
{"level":"warn","message":"Access denied","method":"GET","path":"/api/users","requiredRoles":["ADMIN","MANAGER","SUPER_ADMIN"],"role":"WAITER","timestamp":"2026-08-21 14:12:27","userId":940}
{"level":"warn","message":"Access denied","method":"GET","path":"/api/users","requiredRoles":["ADMIN","MANAGER","SUPER_ADMIN"],"role":"WAITER","timestamp":"2026-08-21 14:12:38","userId":940}
{"level":"warn","message":"Access denied","method":"GET","path":"/api/users","requiredRoles":["ADMIN","MANAGER","SUPER_ADMIN"],"role":"WAITER","timestamp":"2026-08-21 16:11:02","userId":940}
{"endpoint":"full","level":"info","message":"Dashboard Request","queryRestaurantId":null,"restaurantId":9,"role":"MANAGER","timestamp":"2026-08-21 16:11:40","userId":96}
{"endpoint":"full","level":"info","message":"Dashboard Request","queryRestaurantId":null,"restaurantId":9,"role":"MANAGER","timestamp":"2026-08-21 16:12:16","userId":96}
{"endpoint":"full","level":"info","message":"Dashboard Request","queryRestaurantId":null,"restaurantId":9,"role":"MANAGER","timestamp":"2026-08-21 16:12:46","userId":96}
{"endpoint":"full","level":"info","message":"Dashboard Request","queryRestaurantId":null,"restaurantId":9,"role":"ADMIN","timestamp":"2026-08-21 16:13:37","userId":52}
{"endpoint":"full","level":"info","message":"Dashboard Request","queryRestaurantId":null,"restaurantId":9,"role":"ADMIN","timestamp":"2026-08-21 16:13:48","userId":52}
{"endpoint":"full","level":"info","message":"Dashboard Request","queryRestaurantId":null,"restaurantId":9,"role":"MANAGER","timestamp":"2026-08-21 16:15:00","userId":96}
{"endpoint":"full","level":"info","message":"Dashboard Request","queryRestaurantId":null,"restaurantId":9,"role":"MANAGER","timestamp":"2026-08-21 16:15:32","userId":96}
{"endpoint":"full","level":"info","message":"Dashboard Request","queryRestaurantId":null,"restaurantId":9,"role":"MANAGER","timestamp":"2026-08-21 16:16:03","userId":96}
{"endpoint":"full","level":"info","message":"Dashboard Request","queryRestaurantId":null,"restaurantId":9,"role":"MANAGER","timestamp":"2026-08-21 16:16:31","userId":96}
{"endpoint":"full","level":"info","message":"Dashboard Request","queryRestaurantId":null,"restaurantId":9,"role":"MANAGER","timestamp":"2026-08-21 16:17:01","userId":96}
{"endpoint":"full","level":"info","message":"Dashboard Request","queryRestaurantId":null,"restaurantId":9,"role":"MANAGER","timestamp":"2026-08-21 16:17:31","userId":96}
{"endpoint":"full","level":"info","message":"Dashboard Request","queryRestaurantId":null,"restaurantId":9,"role":"MANAGER","timestamp":"2026-08-21 16:18:03","userId":96}
{"endpoint":"full","level":"info","message":"Dashboard Request","queryRestaurantId":null,"restaurantId":9,"role":"MANAGER","timestamp":"2026-08-21 16:18:34","userId":96}
{"endpoint":"full","level":"info","message":"Dashboard Request","queryRestaurantId":null,"restaurantId":9,"role":"MANAGER","timestamp":"2026-08-21 16:19:07","userId":96}
{"endpoint":"full","level":"info","message":"Dashboard Request","queryRestaurantId":null,"restaurantId":9,"role":"MANAGER","timestamp":"2026-08-21 16:19:37","userId":96}
{"endpoint":"full","level":"info","message":"Dashboard Request","queryRestaurantId":null,"restaurantId":9,"role":"MANAGER","timestamp":"2026-08-21 16:20:10","userId":96}
{"endpoint":"full","level":"info","message":"Dashboard Request","queryRestaurantId":null,"restaurantId":9,"role":"MANAGER","timestamp":"2026-08-21 16:20:43","userId":96}
{"endpoint":"full","level":"info","message":"Dashboard Request","queryRestaurantId":null,"restaurantId":9,"role":"MANAGER","timestamp":"2026-08-21 16:21:14","userId":96}
{"endpoint":"full","level":"info","message":"Dashboard Request","queryRestaurantId":null,"restaurantId":9,"role":"MANAGER","timestamp":"2026-08-21 16:21:45","userId":96}
{"endpoint":"full","level":"info","message":"Dashboard Request","queryRestaurantId":null,"restaurantId":9,"role":"MANAGER","timestamp":"2026-08-21 16:22:15","userId":96}
{"endpoint":"full","level":"info","message":"Dashboard Request","queryRestaurantId":null,"restaurantId":9,"role":"MANAGER","timestamp":"2026-08-21 16:22:47","userId":96}
{"endpoint":"full","level":"info","message":"Dashboard Request","queryRestaurantId":null,"restaurantId":9,"role":"MANAGER","timestamp":"2026-08-21 16:23:20","userId":96}
{"endpoint":"full","level":"info","message":"Dashboard Request","queryRestaurantId":null,"restaurantId":9,"role":"MANAGER","timestamp":"2026-08-21 16:23:53","userId":96}
{"endpoint":"full","level":"info","message":"Dashboard Request","queryRestaurantId":null,"restaurantId":9,"role":"MANAGER","timestamp":"2026-08-21 16:24:24","userId":96}
{"endpoint":"full","level":"info","message":"Dashboard Request","queryRestaurantId":null,"restaurantId":9,"role":"MANAGER","timestamp":"2026-08-21 16:24:57","userId":96}
{"endpoint":"full","level":"info","message":"Dashboard Request","queryRestaurantId":null,"restaurantId":9,"role":"MANAGER","timestamp":"2026-08-21 16:25:28","userId":96}
{"endpoint":"full","level":"info","message":"Dashboard Request","queryRestaurantId":null,"restaurantId":9,"role":"MANAGER","timestamp":"2026-08-21 16:26:01","userId":96}
{"endpoint":"full","level":"info","message":"Dashboard Request","queryRestaurantId":null,"restaurantId":9,"role":"MANAGER","timestamp":"2026-08-21 16:26:32","userId":96}
{"endpoint":"full","level":"info","message":"Dashboard Request","queryRestaurantId":null,"restaurantId":9,"role":"MANAGER","timestamp":"2026-08-21 16:27:05","userId":96}
{"endpoint":"full","level":"info","message":"Dashboard Request","queryRestaurantId":null,"restaurantId":9,"role":"MANAGER","timestamp":"2026-08-21 16:27:36","userId":96}
{"endpoint":"full","level":"info","message":"Dashboard Request","queryRestaurantId":null,"restaurantId":9,"role":"MANAGER","timestamp":"2026-08-21 16:28:09","userId":96}
{"endpoint":"full","level":"info","message":"Dashboard Request","queryRestaurantId":null,"restaurantId":9,"role":"MANAGER","timestamp":"2026-08-21 16:28:39","userId":96}
{"endpoint":"full","level":"info","message":"Dashboard Request","queryRestaurantId":null,"restaurantId":9,"role":"MANAGER","timestamp":"2026-08-21 16:29:12","userId":96}
{"endpoint":"full","level":"info","message":"Dashboard Request","queryRestaurantId":null,"restaurantId":9,"role":"MANAGER","timestamp":"2026-08-21 16:29:46","userId":96}
{"endpoint":"full","level":"info","message":"Dashboard Request","queryRestaurantId":null,"restaurantId":9,"role":"MANAGER","timestamp":"2026-08-21 16:30:16","userId":96}
{"endpoint":"full","level":"info","message":"Dashboard Request","queryRestaurantId":null,"restaurantId":9,"role":"MANAGER","timestamp":"2026-08-21 16:30:49","userId":96}
{"endpoint":"full","level":"info","message":"Dashboard Request","queryRestaurantId":null,"restaurantId":9,"role":"MANAGER","timestamp":"2026-08-21 16:31:23","userId":96}
{"endpoint":"full","level":"info","message":"Dashboard Request","queryRestaurantId":null,"restaurantId":9,"role":"MANAGER","timestamp":"2026-08-21 16:31:55","userId":96}
{"endpoint":"full","level":"info","message":"Dashboard Request","queryRestaurantId":null,"restaurantId":9,"role":"MANAGER","timestamp":"2026-08-21 16:32:27","userId":96}
{"endpoint":"full","level":"info","message":"Dashboard Request","queryRestaurantId":null,"restaurantId":9,"role":"MANAGER","timestamp":"2026-08-21 16:33:01","userId":96}
{"endpoint":"full","level":"info","message":"Dashboard Request","queryRestaurantId":null,"restaurantId":9,"role":"MANAGER","timestamp":"2026-08-21 16:33:32","userId":96}
{"endpoint":"full","level":"info","message":"Dashboard Request","queryRestaurantId":null,"restaurantId":9,"role":"MANAGER","timestamp":"2026-08-21 16:34:02","userId":96}
{"endpoint":"full","level":"info","message":"Dashboard Request","queryRestaurantId":null,"restaurantId":9,"role":"MANAGER","timestamp":"2026-08-21 16:34:34","userId":96}
{"endpoint":"full","level":"info","message":"Dashboard Request","queryRestaurantId":null,"restaurantId":9,"role":"MANAGER","timestamp":"2026-08-21 16:35:07","userId":96}
{"endpoint":"full","level":"info","message":"Dashboard Request","queryRestaurantId":null,"restaurantId":9,"role":"MANAGER","timestamp":"2026-08-21 16:35:37","userId":96}
{"endpoint":"full","level":"info","message":"Dashboard Request","queryRestaurantId":null,"restaurantId":9,"role":"MANAGER","timestamp":"2026-08-21 16:36:10","userId":96}
{"endpoint":"full","level":"info","message":"Dashboard Request","queryRestaurantId":null,"restaurantId":9,"role":"MANAGER","timestamp":"2026-08-21 16:36:40","userId":96}
{"endpoint":"full","level":"info","message":"Dashboard Request","queryRestaurantId":null,"restaurantId":9,"role":"MANAGER","timestamp":"2026-08-21 16:37:13","userId":96}
{"endpoint":"full","level":"info","message":"Dashboard Request","queryRestaurantId":null,"restaurantId":9,"role":"MANAGER","timestamp":"2026-08-21 16:37:45","userId":96}
{"endpoint":"full","level":"info","message":"Dashboard Request","queryRestaurantId":null,"restaurantId":9,"role":"MANAGER","timestamp":"2026-08-21 16:38:16","userId":96}
{"endpoint":"full","level":"info","message":"Dashboard Request","queryRestaurantId":null,"restaurantId":9,"role":"MANAGER","timestamp":"2026-08-21 16:38:47","userId":96}
{"endpoint":"full","level":"info","message":"Dashboard Request","queryRestaurantId":null,"restaurantId":9,"role":"MANAGER","timestamp":"2026-08-21 16:39:19","userId":96}
{"endpoint":"full","level":"info","message":"Dashboard Request","queryRestaurantId":null,"restaurantId":9,"role":"MANAGER","timestamp":"2026-08-21 16:39:50","userId":96}
{"endpoint":"full","level":"info","message":"Dashboard Request","queryRestaurantId":null,"restaurantId":9,"role":"MANAGER","timestamp":"2026-08-21 16:40:22","userId":96}
{"endpoint":"full","level":"info","message":"Dashboard Request","queryRestaurantId":null,"restaurantId":9,"role":"MANAGER","timestamp":"2026-08-21 16:40:55","userId":96}
{"endpoint":"full","level":"info","message":"Dashboard Request","queryRestaurantId":null,"restaurantId":9,"role":"MANAGER","timestamp":"2026-08-21 16:41:26","userId":96}
{"endpoint":"full","level":"info","message":"Dashboard Request","queryRestaurantId":null,"restaurantId":9,"role":"MANAGER","timestamp":"2026-08-21 16:41:59","userId":96}
{"endpoint":"full","level":"info","message":"Dashboard Request","queryRestaurantId":null,"restaurantId":9,"role":"MANAGER","timestamp":"2026-08-21 16:42:29","userId":96}
{"endpoint":"full","level":"info","message":"Dashboard Request","queryRestaurantId":null,"restaurantId":9,"role":"MANAGER","timestamp":"2026-08-21 16:43:02","userId":96}
{"endpoint":"full","level":"info","message":"Dashboard Request","queryRestaurantId":null,"restaurantId":9,"role":"MANAGER","timestamp":"2026-08-21 16:43:32","userId":96}
{"endpoint":"full","level":"info","message":"Dashboard Request","queryRestaurantId":null,"restaurantId":9,"role":"MANAGER","timestamp":"2026-08-21 16:44:05","userId":96}
{"endpoint":"full","level":"info","message":"Dashboard Request","queryRestaurantId":null,"restaurantId":9,"role":"MANAGER","timestamp":"2026-08-21 16:44:35","userId":96}
{"endpoint":"full","level":"info","message":"Dashboard Request","queryRestaurantId":null,"restaurantId":9,"role":"MANAGER","timestamp":"2026-08-21 16:45:08","userId":96}
{"endpoint":"full","level":"info","message":"Dashboard Request","queryRestaurantId":null,"restaurantId":9,"role":"MANAGER","timestamp":"2026-08-21 16:45:39","userId":96}
{"endpoint":"full","level":"info","message":"Dashboard Request","queryRestaurantId":null,"restaurantId":9,"role":"MANAGER","timestamp":"2026-08-21 16:46:12","userId":96}
{"endpoint":"full","level":"info","message":"Dashboard Request","queryRestaurantId":null,"restaurantId":9,"role":"MANAGER","timestamp":"2026-08-21 16:46:44","userId":96}
{"endpoint":"full","level":"info","message":"Dashboard Request","queryRestaurantId":null,"restaurantId":9,"role":"MANAGER","timestamp":"2026-08-21 16:47:17","userId":96}
{"endpoint":"full","level":"info","message":"Dashboard Request","queryRestaurantId":null,"restaurantId":9,"role":"MANAGER","timestamp":"2026-08-21 16:47:48","userId":96}
{"endpoint":"full","level":"info","message":"Dashboard Request","queryRestaurantId":null,"restaurantId":9,"role":"MANAGER","timestamp":"2026-08-21 16:48:19","userId":96}
{"endpoint":"full","level":"info","message":"Dashboard Request","queryRestaurantId":null,"restaurantId":9,"role":"MANAGER","timestamp":"2026-08-21 16:48:48","userId":96}
{"endpoint":"full","level":"info","message":"Dashboard Request","queryRestaurantId":null,"restaurantId":9,"role":"MANAGER","timestamp":"2026-08-21 16:49:20","userId":96}
{"endpoint":"full","level":"info","message":"Dashboard Request","queryRestaurantId":null,"restaurantId":9,"role":"MANAGER","timestamp":"2026-08-21 16:49:53","userId":96}
{"endpoint":"full","level":"info","message":"Dashboard Request","queryRestaurantId":null,"restaurantId":9,"role":"MANAGER","timestamp":"2026-08-21 16:50:26","userId":96}
{"endpoint":"full","level":"info","message":"Dashboard Request","queryRestaurantId":null,"restaurantId":9,"role":"MANAGER","timestamp":"2026-08-21 16:50:57","userId":96}
{"endpoint":"full","level":"info","message":"Dashboard Request","queryRestaurantId":null,"restaurantId":9,"role":"MANAGER","timestamp":"2026-08-21 16:51:30","userId":96}
{"endpoint":"full","level":"info","message":"Dashboard Request","queryRestaurantId":null,"restaurantId":9,"role":"MANAGER","timestamp":"2026-08-21 16:52:03","userId":96}
{"endpoint":"full","level":"info","message":"Dashboard Request","queryRestaurantId":null,"restaurantId":9,"role":"MANAGER","timestamp":"2026-08-21 16:52:36","userId":96}
{"endpoint":"full","level":"info","message":"Dashboard Request","queryRestaurantId":null,"restaurantId":9,"role":"MANAGER","timestamp":"2026-08-21 16:53:06","userId":96}
{"endpoint":"full","level":"info","message":"Dashboard Request","queryRestaurantId":null,"restaurantId":9,"role":"MANAGER","timestamp":"2026-08-21 16:53:39","userId":96}
{"endpoint":"full","level":"info","message":"Dashboard Request","queryRestaurantId":null,"restaurantId":9,"role":"MANAGER","timestamp":"2026-08-21 16:54:09","userId":96}
{"endpoint":"full","level":"info","message":"Dashboard Request","queryRestaurantId":null,"restaurantId":9,"role":"MANAGER","timestamp":"2026-08-21 16:54:42","userId":96}
{"endpoint":"full","level":"info","message":"Dashboard Request","queryRestaurantId":null,"restaurantId":9,"role":"MANAGER","timestamp":"2026-08-21 16:55:16","userId":96}
{"endpoint":"full","level":"info","message":"Dashboard Request","queryRestaurantId":null,"restaurantId":9,"role":"MANAGER","timestamp":"2026-08-21 16:55:48","userId":96}
{"endpoint":"full","level":"info","message":"Dashboard Request","queryRestaurantId":null,"restaurantId":9,"role":"MANAGER","timestamp":"2026-08-21 16:56:21","userId":96}
{"endpoint":"full","level":"info","message":"Dashboard Request","queryRestaurantId":null,"restaurantId":9,"role":"MANAGER","timestamp":"2026-08-21 16:56:53","userId":96}
{"endpoint":"full","level":"info","message":"Dashboard Request","queryRestaurantId":null,"restaurantId":9,"role":"MANAGER","timestamp":"2026-08-21 16:57:25","userId":96}
{"endpoint":"full","level":"info","message":"Dashboard Request","queryRestaurantId":null,"restaurantId":9,"role":"MANAGER","timestamp":"2026-08-21 16:57:59","userId":96}
{"endpoint":"full","level":"info","message":"Dashboard Request","queryRestaurantId":null,"restaurantId":9,"role":"MANAGER","timestamp":"2026-08-21 16:58:29","userId":96}
{"endpoint":"full","level":"info","message":"Dashboard Request","queryRestaurantId":null,"restaurantId":9,"role":"MANAGER","timestamp":"2026-08-21 16:59:01","userId":96}
{"endpoint":"full","level":"info","message":"Dashboard Request","queryRestaurantId":null,"restaurantId":9,"role":"MANAGER","timestamp":"2026-08-21 16:59:32","userId":96}
{"endpoint":"full","level":"info","message":"Dashboard Request","queryRestaurantId":null,"restaurantId":9,"role":"MANAGER","timestamp":"2026-08-21 17:00:05","userId":96}
{"endpoint":"full","level":"info","message":"Dashboard Request","queryRestaurantId":null,"restaurantId":9,"role":"MANAGER","timestamp":"2026-08-21 17:00:38","userId":96}
{"endpoint":"full","level":"info","message":"Dashboard Request","queryRestaurantId":null,"restaurantId":9,"role":"MANAGER","timestamp":"2026-08-21 17:01:09","userId":96}
{"endpoint":"full","level":"info","message":"Dashboard Request","queryRestaurantId":null,"restaurantId":9,"role":"MANAGER","timestamp":"2026-08-21 17:01:42","userId":96}
{"endpoint":"full","level":"info","message":"Dashboard Request","queryRestaurantId":null,"restaurantId":9,"role":"MANAGER","timestamp":"2026-08-21 17:02:12","userId":96}
{"endpoint":"full","level":"info","message":"Dashboard Request","queryRestaurantId":null,"restaurantId":9,"role":"MANAGER","timestamp":"2026-08-21 17:02:43","userId":96}
{"endpoint":"full","level":"info","message":"Dashboard Request","queryRestaurantId":null,"restaurantId":9,"role":"MANAGER","timestamp":"2026-08-21 17:03:14","userId":96}
{"endpoint":"full","level":"info","message":"Dashboard Request","queryRestaurantId":null,"restaurantId":9,"role":"MANAGER","timestamp":"2026-08-21 17:03:44","userId":96}
{"endpoint":"full","level":"info","message":"Dashboard Request","queryRestaurantId":null,"restaurantId":9,"role":"MANAGER","timestamp":"2026-08-21 17:04:15","userId":96}
{"endpoint":"full","level":"info","message":"Dashboard Request","queryRestaurantId":null,"restaurantId":9,"role":"MANAGER","timestamp":"2026-08-21 17:04:45","userId":96}
{"endpoint":"full","level":"info","message":"Dashboard Request","queryRestaurantId":null,"restaurantId":9,"role":"MANAGER","timestamp":"2026-08-21 17:05:16","userId":96}
{"endpoint":"full","level":"info","message":"Dashboard Request","queryRestaurantId":null,"restaurantId":9,"role":"MANAGER","timestamp":"2026-08-21 17:05:47","userId":96}
{"endpoint":"full","level":"info","message":"Dashboard Request","queryRestaurantId":null,"restaurantId":9,"role":"MANAGER","timestamp":"2026-08-21 17:06:17","userId":96}
{"endpoint":"full","level":"info","message":"Dashboard Request","queryRestaurantId":null,"restaurantId":9,"role":"MANAGER","timestamp":"2026-08-21 17:06:47","userId":96}
{"endpoint":"full","level":"info","message":"Dashboard Request","queryRestaurantId":null,"restaurantId":9,"role":"MANAGER","timestamp":"2026-08-21 17:07:17","userId":96}
{"endpoint":"full","level":"info","message":"Dashboard Request","queryRestaurantId":null,"restaurantId":9,"role":"MANAGER","timestamp":"2026-08-21 17:07:48","userId":96}
{"endpoint":"full","level":"info","message":"Dashboard Request","queryRestaurantId":null,"restaurantId":9,"role":"MANAGER","timestamp":"2026-08-21 17:08:19","userId":96}
{"endpoint":"full","level":"info","message":"Dashboard Request","queryRestaurantId":null,"restaurantId":9,"role":"MANAGER","timestamp":"2026-08-21 17:08:49","userId":96}
{"endpoint":"full","level":"info","message":"Dashboard Request","queryRestaurantId":null,"restaurantId":9,"role":"MANAGER","timestamp":"2026-08-21 17:09:20","userId":96}
{"endpoint":"full","level":"info","message":"Dashboard Request","queryRestaurantId":null,"restaurantId":9,"role":"MANAGER","timestamp":"2026-08-21 17:09:50","userId":96}
{"endpoint":"full","level":"info","message":"Dashboard Request","queryRestaurantId":null,"restaurantId":9,"role":"MANAGER","timestamp":"2026-08-21 17:10:23","userId":96}
{"endpoint":"full","level":"info","message":"Dashboard Request","queryRestaurantId":null,"restaurantId":9,"role":"MANAGER","timestamp":"2026-08-21 17:10:54","userId":96}
{"endpoint":"full","level":"info","message":"Dashboard Request","queryRestaurantId":null,"restaurantId":9,"role":"MANAGER","timestamp":"2026-08-21 17:11:24","userId":96}
{"endpoint":"full","level":"info","message":"Dashboard Request","queryRestaurantId":null,"restaurantId":9,"role":"MANAGER","timestamp":"2026-08-21 17:11:56","userId":96}
{"endpoint":"full","level":"info","message":"Dashboard Request","queryRestaurantId":null,"restaurantId":9,"role":"MANAGER","timestamp":"2026-08-21 17:12:26","userId":96}
{"endpoint":"full","level":"info","message":"Dashboard Request","queryRestaurantId":null,"restaurantId":9,"role":"MANAGER","timestamp":"2026-08-21 17:12:57","userId":96}
{"endpoint":"full","level":"info","message":"Dashboard Request","queryRestaurantId":null,"restaurantId":9,"role":"MANAGER","timestamp":"2026-08-21 17:13:28","userId":96}
{"endpoint":"full","level":"info","message":"Dashboard Request","queryRestaurantId":null,"restaurantId":9,"role":"MANAGER","timestamp":"2026-08-21 17:14:00","userId":96}
{"endpoint":"full","level":"info","message":"Dashboard Request","queryRestaurantId":null,"restaurantId":9,"role":"MANAGER","timestamp":"2026-08-21 17:14:30","userId":96}
{"endpoint":"full","level":"info","message":"Dashboard Request","queryRestaurantId":null,"restaurantId":9,"role":"MANAGER","timestamp":"2026-08-21 17:15:01","userId":96}
{"endpoint":"full","level":"info","message":"Dashboard Request","queryRestaurantId":null,"restaurantId":9,"role":"MANAGER","timestamp":"2026-08-21 17:15:31","userId":96}
{"endpoint":"full","level":"info","message":"Dashboard Request","queryRestaurantId":null,"restaurantId":9,"role":"MANAGER","timestamp":"2026-08-21 17:16:02","userId":96}
{"endpoint":"full","level":"info","message":"Dashboard Request","queryRestaurantId":null,"restaurantId":9,"role":"MANAGER","timestamp":"2026-08-21 17:16:34","userId":96}
{"endpoint":"full","level":"info","message":"Dashboard Request","queryRestaurantId":null,"restaurantId":9,"role":"MANAGER","timestamp":"2026-08-21 17:17:05","userId":96}
{"endpoint":"full","level":"info","message":"Dashboard Request","queryRestaurantId":null,"restaurantId":9,"role":"MANAGER","timestamp":"2026-08-21 17:17:32","userId":96}
{"endpoint":"full","level":"info","message":"Dashboard Request","queryRestaurantId":null,"restaurantId":9,"role":"MANAGER","timestamp":"2026-08-21 17:18:03","userId":96}
{"endpoint":"full","level":"info","message":"Dashboard Request","queryRestaurantId":null,"restaurantId":9,"role":"MANAGER","timestamp":"2026-08-21 17:18:33","userId":96}
{"endpoint":"full","level":"info","message":"Dashboard Request","queryRestaurantId":null,"restaurantId":9,"role":"MANAGER","timestamp":"2026-08-21 17:19:03","userId":96}
{"level":"info","message":"Server running on http://localhost:5001","timestamp":"2026-08-21 17:19:50"}
{"endpoint":"full","level":"info","message":"Dashboard Request","queryRestaurantId":null,"restaurantId":9,"role":"ADMIN","timestamp":"2026-08-21 17:48:01","userId":52}
{"endpoint":"full","level":"info","message":"Dashboard Request","queryRestaurantId":null,"restaurantId":9,"role":"ADMIN","timestamp":"2026-08-21 17:48:12","userId":52}
{"endpoint":"full","level":"info","message":"Dashboard Request","queryRestaurantId":null,"restaurantId":9,"role":"ADMIN","timestamp":"2026-08-21 17:48:41","userId":52}
{"endpoint":"full","level":"info","message":"Dashboard Request","queryRestaurantId":null,"restaurantId":9,"role":"ADMIN","timestamp":"2026-08-21 17:49:11","userId":52}
{"endpoint":"full","level":"info","message":"Dashboard Request","queryRestaurantId":null,"restaurantId":9,"role":"ADMIN","timestamp":"2026-08-21 17:49:41","userId":52}
{"endpoint":"full","level":"info","message":"Dashboard Request","queryRestaurantId":null,"restaurantId":9,"role":"ADMIN","timestamp":"2026-08-21 17:50:11","userId":52}
{"endpoint":"full","level":"info","message":"Dashboard Request","queryRestaurantId":null,"restaurantId":9,"role":"ADMIN","timestamp":"2026-08-21 17:50:42","userId":52}
{"endpoint":"full","level":"info","message":"Dashboard Request","queryRestaurantId":null,"restaurantId":9,"role":"ADMIN","timestamp":"2026-08-21 17:51:12","userId":52}
{"endpoint":"full","level":"info","message":"Dashboard Request","queryRestaurantId":null,"restaurantId":9,"role":"ADMIN","timestamp":"2026-08-21 17:51:42","userId":52}
{"endpoint":"full","level":"info","message":"Dashboard Request","queryRestaurantId":null,"restaurantId":9,"role":"ADMIN","timestamp":"2026-08-21 17:52:12","userId":52}
{"endpoint":"full","level":"info","message":"Dashboard Request","queryRestaurantId":null,"restaurantId":9,"role":"ADMIN","timestamp":"2026-08-21 17:52:42","userId":52}
{"endpoint":"full","level":"info","message":"Dashboard Request","queryRestaurantId":null,"restaurantId":9,"role":"ADMIN","timestamp":"2026-08-21 17:53:12","userId":52}
{"endpoint":"full","level":"info","message":"Dashboard Request","queryRestaurantId":null,"restaurantId":9,"role":"ADMIN","timestamp":"2026-08-21 17:53:42","userId":52}
{"endpoint":"full","level":"info","message":"Dashboard Request","queryRestaurantId":null,"restaurantId":9,"role":"ADMIN","timestamp":"2026-08-21 17:54:14","userId":52}
{"endpoint":"full","level":"info","message":"Dashboard Request","queryRestaurantId":null,"restaurantId":9,"role":"ADMIN","timestamp":"2026-08-21 17:54:44","userId":52}
{"endpoint":"full","level":"info","message":"Dashboard Request","queryRestaurantId":null,"restaurantId":9,"role":"ADMIN","timestamp":"2026-08-21 17:55:14","userId":52}
{"endpoint":"full","level":"info","message":"Dashboard Request","queryRestaurantId":null,"restaurantId":9,"role":"ADMIN","timestamp":"2026-08-21 17:55:47","userId":52}
{"endpoint":"full","level":"info","message":"Dashboard Request","queryRestaurantId":null,"restaurantId":9,"role":"ADMIN","timestamp":"2026-08-21 17:56:17","userId":52}
{"endpoint":"full","level":"info","message":"Dashboard Request","queryRestaurantId":null,"restaurantId":9,"role":"ADMIN","timestamp":"2026-08-21 17:56:48","userId":52}
{"endpoint":"full","level":"info","message":"Dashboard Request","queryRestaurantId":null,"restaurantId":9,"role":"ADMIN","timestamp":"2026-08-21 17:57:19","userId":52}
{"endpoint":"full","level":"info","message":"Dashboard Request","queryRestaurantId":null,"restaurantId":9,"role":"ADMIN","timestamp":"2026-08-21 17:57:49","userId":52}
{"endpoint":"full","level":"info","message":"Dashboard Request","queryRestaurantId":null,"restaurantId":9,"role":"ADMIN","timestamp":"2026-08-21 17:58:22","userId":52}
{"endpoint":"full","level":"info","message":"Dashboard Request","queryRestaurantId":null,"restaurantId":9,"role":"ADMIN","timestamp":"2026-08-21 17:58:55","userId":52}
{"endpoint":"full","level":"info","message":"Dashboard Request","queryRestaurantId":null,"restaurantId":9,"role":"ADMIN","timestamp":"2026-08-21 17:59:27","userId":52}
{"endpoint":"full","level":"info","message":"Dashboard Request","queryRestaurantId":null,"restaurantId":9,"role":"ADMIN","timestamp":"2026-08-21 18:00:00","userId":52}
{"endpoint":"full","level":"info","message":"Dashboard Request","queryRestaurantId":null,"restaurantId":9,"role":"ADMIN","timestamp":"2026-08-21 18:00:33","userId":52}
{"endpoint":"full","level":"info","message":"Dashboard Request","queryRestaurantId":null,"restaurantId":9,"role":"ADMIN","timestamp":"2026-08-21 18:01:05","userId":52}
{"endpoint":"full","level":"info","message":"Dashboard Request","queryRestaurantId":null,"restaurantId":9,"role":"ADMIN","timestamp":"2026-08-21 18:01:35","userId":52}
{"endpoint":"full","level":"info","message":"Dashboard Request","queryRestaurantId":null,"restaurantId":9,"role":"ADMIN","timestamp":"2026-08-21 18:01:44","userId":52}
{"endpoint":"full","level":"info","message":"Dashboard Request","queryRestaurantId":null,"restaurantId":9,"role":"ADMIN","timestamp":"2026-08-21 18:02:14","userId":52}
{"endpoint":"full","level":"info","message":"Dashboard Request","queryRestaurantId":null,"restaurantId":9,"role":"ADMIN","timestamp":"2026-08-21 18:02:44","userId":52}
{"endpoint":"full","level":"info","message":"Dashboard Request","queryRestaurantId":null,"restaurantId":9,"role":"ADMIN","timestamp":"2026-08-21 18:03:15","userId":52}
{"endpoint":"full","level":"info","message":"Dashboard Request","queryRestaurantId":null,"restaurantId":9,"role":"ADMIN","timestamp":"2026-08-21 18:03:49","userId":52}
{"endpoint":"full","level":"info","message":"Dashboard Request","queryRestaurantId":null,"restaurantId":9,"role":"ADMIN","timestamp":"2026-08-21 18:04:20","userId":52}
{"endpoint":"full","level":"info","message":"Dashboard Request","queryRestaurantId":null,"restaurantId":9,"role":"ADMIN","timestamp":"2026-08-21 18:04:54","userId":52}
{"endpoint":"full","level":"info","message":"Dashboard Request","queryRestaurantId":null,"restaurantId":9,"role":"ADMIN","timestamp":"2026-08-21 18:05:27","userId":52}
{"endpoint":"full","level":"info","message":"Dashboard Request","queryRestaurantId":null,"restaurantId":9,"role":"ADMIN","timestamp":"2026-08-21 18:05:57","userId":52}
{"endpoint":"full","level":"info","message":"Dashboard Request","queryRestaurantId":null,"restaurantId":9,"role":"ADMIN","timestamp":"2026-08-21 18:06:28","userId":52}
{"endpoint":"full","level":"info","message":"Dashboard Request","queryRestaurantId":null,"restaurantId":9,"role":"ADMIN","timestamp":"2026-08-21 18:06:58","userId":52}
{"endpoint":"full","level":"info","message":"Dashboard Request","queryRestaurantId":null,"restaurantId":9,"role":"ADMIN","timestamp":"2026-08-21 18:07:31","userId":52}
{"endpoint":"full","level":"info","message":"Dashboard Request","queryRestaurantId":null,"restaurantId":9,"role":"ADMIN","timestamp":"2026-08-21 18:08:04","userId":52}
{"endpoint":"full","level":"info","message":"Dashboard Request","queryRestaurantId":null,"restaurantId":9,"role":"ADMIN","timestamp":"2026-08-21 18:08:37","userId":52}
{"endpoint":"full","level":"info","message":"Dashboard Request","queryRestaurantId":null,"restaurantId":9,"role":"ADMIN","timestamp":"2026-08-21 18:09:10","userId":52}
